<?xml version = '1.0' encoding = 'UTF-8'?>
<FKArc class="oracle.dbtools.crest.model.design.relational.FKArc" directorySegmentName="seg_0" id="251EE2C4-BA8A-87C1-5922-98B353668609" name="FKArc_1">
<createdBy>zakil</createdBy>
<createdTime>2024-10-22 11:50:50 UTC</createdTime>
<ownerDesignName>DiagramaER</ownerDesignName>
<mandatory>true</mandatory>
<table>0FCC6974-C2AA-F8BE-40A8-06D06B92716A</table>
<fkeys>
<fkeyID>68CA17ED-B01C-C148-F599-C9B1DA7A3B0E</fkeyID>
<fkeyID>849BE446-8545-A955-14B5-426CCD86B416</fkeyID>
</fkeys>
</FKArc>