<?xml version = '1.0' encoding = 'UTF-8'?>
<Table class="oracle.dbtools.crest.model.design.relational.Table" directorySegmentName="seg_0" id="0FCC6974-C2AA-F8BE-40A8-06D06B92716A" name="Personal">
<createdBy>zakil</createdBy>
<createdTime>2024-10-22 11:50:50 UTC</createdTime>
<generatorID>01B98D93-31E2-0325-8158-E8D90CDBA87E</generatorID>
<ownerDesignName>ER_corregido</ownerDesignName>
<allowColumnReorder>false</allowColumnReorder>
<existDependencyGenerateInDDl>true</existDependencyGenerateInDDl>
<parsed>true</parsed>
<columns itemClass="oracle.dbtools.crest.model.design.relational.Column">
<Column name="id_personal" id="F4883E53-043F-7489-D18F-29B8203D1156">
<createdBy>zakil</createdBy>
<createdTime>2024-10-22 11:50:50 UTC</createdTime>
<commentInRDBMS><![CDATA[identificador del personal. ]]></commentInRDBMS>
<generatorID>934A6097-56FB-816E-2501-83F82EB8A7A4</generatorID>
<ownerDesignName>ER_corregido</ownerDesignName>
<useDomainConstraints>false</useDomainConstraints>
<use>1</use>
<logicalDatatype>LOGDT011</logicalDatatype>
<ownDataTypeParameters>,,</ownDataTypeParameters>
<autoIncrementCycle>false</autoIncrementCycle>
</Column>
<Column name="nombre" id="114D1197-358B-DE05-A11D-67D444D89C3E">
<createdBy>zakil</createdBy>
<createdTime>2024-10-22 11:50:50 UTC</createdTime>
<generatorID>0A4AEF1E-9803-CCEC-D092-E90BF6BDB64C</generatorID>
<ownerDesignName>ER_corregido</ownerDesignName>
<nullsAllowed>true</nullsAllowed>
<useDomainConstraints>false</useDomainConstraints>
<use>1</use>
<logicalDatatype>A3A3C77D-0366-9768-FF89-1C25E56881C8</logicalDatatype>
<ownDataTypeParameters>,,</ownDataTypeParameters>
<autoIncrementCycle>false</autoIncrementCycle>
</Column>
<Column name="email" id="C4677400-ADB4-877B-CEDC-37088D298D36">
<createdBy>zakil</createdBy>
<createdTime>2024-10-22 11:50:50 UTC</createdTime>
<generatorID>94E102CF-AF70-2D0D-E3FA-DB1337D3A76A</generatorID>
<ownerDesignName>ER_corregido</ownerDesignName>
<nullsAllowed>true</nullsAllowed>
<useDomainConstraints>false</useDomainConstraints>
<use>1</use>
<logicalDatatype>A3A3C77D-0366-9768-FF89-1C25E56881C8</logicalDatatype>
<dataTypeSize>256 CHAR</dataTypeSize>
<ownDataTypeParameters>256 CHAR,,</ownDataTypeParameters>
<autoIncrementCycle>false</autoIncrementCycle>
</Column>
<Column name="telefono" id="64B81323-0AA5-B828-7F42-2782D9BF1341">
<createdBy>zakil</createdBy>
<createdTime>2024-10-22 11:50:50 UTC</createdTime>
<generatorID>7AB27140-50DA-0532-F229-CFF83FF55438</generatorID>
<ownerDesignName>ER_corregido</ownerDesignName>
<nullsAllowed>true</nullsAllowed>
<useDomainConstraints>false</useDomainConstraints>
<use>1</use>
<logicalDatatype>LOGDT037</logicalDatatype>
<dataTypeSize>9 CHAR</dataTypeSize>
<ownDataTypeParameters>9 CHAR,,</ownDataTypeParameters>
<autoIncrementCycle>false</autoIncrementCycle>
</Column>
<Column name="fecha_contratacion" id="BBB18C87-38B2-738D-27A0-86147DA9C7FF">
<createdBy>zakil</createdBy>
<createdTime>2024-10-22 11:50:50 UTC</createdTime>
<commentInRDBMS><![CDATA[Fecha en que el empleado fue contratado. ]]></commentInRDBMS>
<generatorID>34287431-A8DE-B0A5-E253-E1E20808B563</generatorID>
<ownerDesignName>ER_corregido</ownerDesignName>
<nullsAllowed>true</nullsAllowed>
<useDomainConstraints>false</useDomainConstraints>
<use>1</use>
<logicalDatatype>LOGDT007</logicalDatatype>
<ownDataTypeParameters>,,</ownDataTypeParameters>
<autoIncrementCycle>false</autoIncrementCycle>
</Column>
<Column name="id_personal3" id="27ECEABB-496B-3BB5-EFC2-2FF143D127C9">
<createdBy>zakil</createdBy>
<createdTime>2024-10-22 11:50:50 UTC</createdTime>
<commentInRDBMS><![CDATA[identificador del personal. ]]></commentInRDBMS>
<ownerDesignName>ER_corregido</ownerDesignName>
<useDomainConstraints>false</useDomainConstraints>
<use>1</use>
<logicalDatatype>LOGDT011</logicalDatatype>
<ownDataTypeParameters>,,</ownDataTypeParameters>
<previousColumn>false</previousColumn>
<autoIncrementCycle>false</autoIncrementCycle>
<associations>
<colAssociation fkAssociation="68CA17ED-B01C-C148-F599-C9B1DA7A3B0E" referredColumn="56150C6F-D890-3C27-3231-82E3DB3A7B7D"/>
</associations>
</Column>
<Column name="id_personal1" id="4954F6F3-C7E8-A9CD-1EDB-85026A3AF51E">
<createdBy>zakil</createdBy>
<createdTime>2024-10-22 11:50:50 UTC</createdTime>
<commentInRDBMS><![CDATA[identificador del personal. ]]></commentInRDBMS>
<ownerDesignName>ER_corregido</ownerDesignName>
<nullsAllowed>true</nullsAllowed>
<useDomainConstraints>false</useDomainConstraints>
<use>1</use>
<logicalDatatype>LOGDT011</logicalDatatype>
<ownDataTypeParameters>,,</ownDataTypeParameters>
<previousColumn>false</previousColumn>
<autoIncrementCycle>false</autoIncrementCycle>
<associations>
<colAssociation fkAssociation="849BE446-8545-A955-14B5-426CCD86B416" referredColumn="20DC8625-0857-E22B-B370-73BE0187E5E1"/>
</associations>
</Column>
</columns>
<indexes itemClass="oracle.dbtools.crest.model.design.relational.Index">
<ind_PK_UK id="46EFB876-31D6-0BD9-3FA0-5DAB882E9726" name="Personal_PK">
<createdBy>zakil</createdBy>
<createdTime>2024-10-22 11:50:50 UTC</createdTime>
<generatorID>AC057FA5-F88A-2347-5D66-E00CAD295714</generatorID>
<ownerDesignName>ER_corregido</ownerDesignName>
<pk>true</pk>
<indexState>Primary Constraint</indexState>
<isSurrogateKey>false</isSurrogateKey>
<indexColumnUsage>
<colUsage columnID="27ECEABB-496B-3BB5-EFC2-2FF143D127C9"/>
</indexColumnUsage>
</ind_PK_UK>
<ind_PK_UK id="D9C129E5-D6F7-908B-82BD-00B101FF0E9E" name="Personal_Comercial_FK">
<createdBy>zakil</createdBy>
<createdTime>2024-10-22 11:50:50 UTC</createdTime>
<generatorID>1F253391-1A78-FC6C-6E2F-18D9007E0C68</generatorID>
<ownerDesignName>ER_corregido</ownerDesignName>
<indexState>Foreign Key</indexState>
<isSurrogateKey>false</isSurrogateKey>
<indexColumnUsage>
<colUsage columnID="27ECEABB-496B-3BB5-EFC2-2FF143D127C9"/>
</indexColumnUsage>
</ind_PK_UK>
<ind_PK_UK id="48214A58-B9EB-92FC-95CF-02DAB8A8054D" name="Personal_Técnico_FK">
<createdBy>zakil</createdBy>
<createdTime>2024-10-22 11:50:50 UTC</createdTime>
<generatorID>2FF35470-BDEB-E71A-B778-25C20F76371A</generatorID>
<ownerDesignName>ER_corregido</ownerDesignName>
<indexState>Foreign Key</indexState>
<isSurrogateKey>false</isSurrogateKey>
<indexColumnUsage>
<colUsage columnID="4954F6F3-C7E8-A9CD-1EDB-85026A3AF51E"/>
</indexColumnUsage>
</ind_PK_UK>
</indexes>
</Table>