<?xml version = '1.0' encoding = 'UTF-8'?>
<Table class="oracle.dbtools.crest.model.design.relational.Table" directorySegmentName="seg_0" id="10C4AE3E-0DAF-923A-0CC9-66C7588AA7F4" name="Depende_de">
<createdBy>zakil</createdBy>
<createdTime>2024-10-22 11:50:50 UTC</createdTime>
<ownerDesignName>ER_corregido</ownerDesignName>
<allowColumnReorder>false</allowColumnReorder>
<existDependencyGenerateInDDl>true</existDependencyGenerateInDDl>
<parsed>true</parsed>
<columns itemClass="oracle.dbtools.crest.model.design.relational.Column">
<Column name="Elemento_Software_id_elementoSW" id="2356016F-4886-2CCF-B0FC-74065FC3F342">
<createdBy>zakil</createdBy>
<createdTime>2024-10-22 11:50:50 UTC</createdTime>
<ownerDesignName>ER_corregido</ownerDesignName>
<useDomainConstraints>false</useDomainConstraints>
<use>1</use>
<logicalDatatype>LOGDT011</logicalDatatype>
<ownDataTypeParameters>,,</ownDataTypeParameters>
<previousColumn>false</previousColumn>
<autoIncrementCycle>false</autoIncrementCycle>
<associations>
<colAssociation fkAssociation="2248ABA9-F307-0478-7798-0FE1662A5BE1" referredColumn="F6AB37AD-19CE-19E4-8EFC-D8D17748E88E"/>
</associations>
</Column>
<Column name="Elemento_Software_id_elementoSW1" id="DC89509A-70CB-4014-EF76-9B24177769C3">
<createdBy>zakil</createdBy>
<createdTime>2024-10-22 11:50:50 UTC</createdTime>
<ownerDesignName>ER_corregido</ownerDesignName>
<useDomainConstraints>false</useDomainConstraints>
<use>1</use>
<logicalDatatype>LOGDT011</logicalDatatype>
<ownDataTypeParameters>,,</ownDataTypeParameters>
<previousColumn>false</previousColumn>
<autoIncrementCycle>false</autoIncrementCycle>
<associations>
<colAssociation fkAssociation="B1481BF3-39A4-C3ED-9C72-420FA50F3BB9" referredColumn="F6AB37AD-19CE-19E4-8EFC-D8D17748E88E"/>
</associations>
</Column>
</columns>
<indexes itemClass="oracle.dbtools.crest.model.design.relational.Index">
<ind_PK_UK id="2AC0C177-FE01-7A90-BE7B-61DC37D42EFB" name="Depende_de_PK">
<createdBy>zakil</createdBy>
<createdTime>2024-10-22 11:50:50 UTC</createdTime>
<ownerDesignName>ER_corregido</ownerDesignName>
<pk>true</pk>
<indexState>Primary Constraint</indexState>
<isSurrogateKey>false</isSurrogateKey>
<indexColumnUsage>
<colUsage columnID="2356016F-4886-2CCF-B0FC-74065FC3F342"/>
<colUsage columnID="DC89509A-70CB-4014-EF76-9B24177769C3"/>
</indexColumnUsage>
</ind_PK_UK>
<ind_PK_UK id="F95891B3-A1B4-CB90-1A7D-7BDCA4D5C493" name="Depende_de_Elemento_Software_FK">
<createdBy>zakil</createdBy>
<createdTime>2024-10-22 11:50:50 UTC</createdTime>
<generatorID>F203840F-47E4-CE30-55A5-3D364FD27653</generatorID>
<ownerDesignName>ER_corregido</ownerDesignName>
<indexState>Foreign Key</indexState>
<isSurrogateKey>false</isSurrogateKey>
<indexColumnUsage>
<colUsage columnID="2356016F-4886-2CCF-B0FC-74065FC3F342"/>
</indexColumnUsage>
</ind_PK_UK>
<ind_PK_UK id="723948A5-3411-B42F-1143-C92A32A4975D" name="Depende_de_Elemento_Software_FKv1">
<createdBy>zakil</createdBy>
<createdTime>2024-10-22 11:50:50 UTC</createdTime>
<generatorID>F203840F-47E4-CE30-55A5-3D364FD27653</generatorID>
<ownerDesignName>ER_corregido</ownerDesignName>
<indexState>Foreign Key</indexState>
<isSurrogateKey>false</isSurrogateKey>
<indexColumnUsage>
<colUsage columnID="DC89509A-70CB-4014-EF76-9B24177769C3"/>
</indexColumnUsage>
</ind_PK_UK>
</indexes>
</Table>