<?xml version = '1.0' encoding = 'UTF-8'?>
<Table class="oracle.dbtools.crest.model.design.relational.Table" directorySegmentName="seg_0" id="2814CF24-C9A3-CAB1-CA16-9541E267C178" name="Comercial">
<createdBy>zakil</createdBy>
<createdTime>2024-10-22 11:50:50 UTC</createdTime>
<generatorID>EF8BCFB9-13BE-BE1B-5E18-09DBD4D78C3C</generatorID>
<ownerDesignName>ER_corregido</ownerDesignName>
<allowColumnReorder>false</allowColumnReorder>
<existDependencyGenerateInDDl>true</existDependencyGenerateInDDl>
<parsed>true</parsed>
<columns itemClass="oracle.dbtools.crest.model.design.relational.Column">
<Column name="id_personal" id="56150C6F-D890-3C27-3231-82E3DB3A7B7D">
<createdBy>zakil</createdBy>
<createdTime>2024-10-22 11:50:50 UTC</createdTime>
<commentInRDBMS><![CDATA[identificador del personal. ]]></commentInRDBMS>
<generatorID>934A6097-56FB-816E-2501-83F82EB8A7A4</generatorID>
<ownerDesignName>ER_corregido</ownerDesignName>
<useDomainConstraints>false</useDomainConstraints>
<use>1</use>
<logicalDatatype>LOGDT011</logicalDatatype>
<ownDataTypeParameters>,,</ownDataTypeParameters>
<autoIncrementCycle>false</autoIncrementCycle>
</Column>
<Column name="nombre" id="E03EE29D-1C67-C91B-4B50-DAE725ED073C">
<createdBy>zakil</createdBy>
<createdTime>2024-10-29 20:11:30 UTC</createdTime>
<generatorID>0A4AEF1E-9803-CCEC-D092-E90BF6BDB64C</generatorID>
<ownerDesignName>ER_corregido</ownerDesignName>
<nullsAllowed>true</nullsAllowed>
<useDomainConstraints>false</useDomainConstraints>
<use>1</use>
<logicalDatatype>A3A3C77D-0366-9768-FF89-1C25E56881C8</logicalDatatype>
<ownDataTypeParameters>,,</ownDataTypeParameters>
<autoIncrementCycle>false</autoIncrementCycle>
</Column>
<Column name="email" id="00F3A67F-F1BF-8E7F-ACE3-B057EAB55346">
<createdBy>zakil</createdBy>
<createdTime>2024-10-29 20:11:30 UTC</createdTime>
<generatorID>94E102CF-AF70-2D0D-E3FA-DB1337D3A76A</generatorID>
<ownerDesignName>ER_corregido</ownerDesignName>
<nullsAllowed>true</nullsAllowed>
<useDomainConstraints>false</useDomainConstraints>
<use>1</use>
<logicalDatatype>A3A3C77D-0366-9768-FF89-1C25E56881C8</logicalDatatype>
<dataTypeSize>256 CHAR</dataTypeSize>
<ownDataTypeParameters>256 CHAR,,</ownDataTypeParameters>
<autoIncrementCycle>false</autoIncrementCycle>
</Column>
<Column name="telefono" id="40C817F6-DABC-3BD3-BFB5-D11EA89C9986">
<createdBy>zakil</createdBy>
<createdTime>2024-10-29 20:11:30 UTC</createdTime>
<generatorID>7AB27140-50DA-0532-F229-CFF83FF55438</generatorID>
<ownerDesignName>ER_corregido</ownerDesignName>
<nullsAllowed>true</nullsAllowed>
<useDomainConstraints>false</useDomainConstraints>
<use>1</use>
<logicalDatatype>LOGDT037</logicalDatatype>
<dataTypeSize>9 CHAR</dataTypeSize>
<ownDataTypeParameters>9 CHAR,,</ownDataTypeParameters>
<autoIncrementCycle>false</autoIncrementCycle>
</Column>
<Column name="fecha_contratacion" id="91DC1D1E-6E23-CF87-9D16-9EC552AB16D1">
<createdBy>zakil</createdBy>
<createdTime>2024-10-29 20:11:30 UTC</createdTime>
<commentInRDBMS><![CDATA[Fecha en que el empleado fue contratado. ]]></commentInRDBMS>
<generatorID>34287431-A8DE-B0A5-E253-E1E20808B563</generatorID>
<ownerDesignName>ER_corregido</ownerDesignName>
<nullsAllowed>true</nullsAllowed>
<useDomainConstraints>false</useDomainConstraints>
<use>1</use>
<logicalDatatype>LOGDT007</logicalDatatype>
<ownDataTypeParameters>,,</ownDataTypeParameters>
<autoIncrementCycle>false</autoIncrementCycle>
</Column>
</columns>
<indexes itemClass="oracle.dbtools.crest.model.design.relational.Index">
<ind_PK_UK id="D432F00B-DA91-446B-30F0-D466F1163EE8" name="Comercial_PK">
<createdBy>zakil</createdBy>
<createdTime>2024-10-22 11:50:50 UTC</createdTime>
<generatorID>AC057FA5-F88A-2347-5D66-E00CAD295714</generatorID>
<ownerDesignName>ER_corregido</ownerDesignName>
<pk>true</pk>
<indexState>Primary Constraint</indexState>
<isSurrogateKey>false</isSurrogateKey>
<indexColumnUsage>
<colUsage columnID="56150C6F-D890-3C27-3231-82E3DB3A7B7D"/>
</indexColumnUsage>
</ind_PK_UK>
<ind_PK_UK id="113D92B3-4B11-6E61-1FFB-62D3A2B335E8" name="Comercial__UN">
<createdBy>zakil</createdBy>
<createdTime>2024-10-22 11:50:50 UTC</createdTime>
<generatorID>380D254E-2636-D87F-80AA-9E4901727087</generatorID>
<ownerDesignName>ER_corregido</ownerDesignName>
<indexState>Unique Constraint</indexState>
<isSurrogateKey>false</isSurrogateKey>
</ind_PK_UK>
</indexes>
</Table>