<?xml version = '1.0' encoding = 'UTF-8'?>
<Table class="oracle.dbtools.crest.model.design.relational.Table" directorySegmentName="seg_0" id="32A3BE4E-C71E-7EA0-0CE6-092DDFCC05C4" name="Es_categoría">
<createdBy>zakil</createdBy>
<createdTime>2024-10-22 11:50:50 UTC</createdTime>
<ownerDesignName>ER_corregido</ownerDesignName>
<allowColumnReorder>false</allowColumnReorder>
<existDependencyGenerateInDDl>true</existDependencyGenerateInDDl>
<parsed>true</parsed>
<columns itemClass="oracle.dbtools.crest.model.design.relational.Column">
<Column name="Técnico_id_personal" id="4CC4D703-C383-6742-1398-315088CDC87C">
<createdBy>zakil</createdBy>
<createdTime>2024-10-22 11:50:50 UTC</createdTime>
<ownerDesignName>ER_corregido</ownerDesignName>
<useDomainConstraints>false</useDomainConstraints>
<use>1</use>
<logicalDatatype>LOGDT011</logicalDatatype>
<ownDataTypeParameters>,,</ownDataTypeParameters>
<previousColumn>false</previousColumn>
<autoIncrementCycle>false</autoIncrementCycle>
<associations>
<colAssociation fkAssociation="9605062B-4766-55B9-FE25-CAAFC9673FFC" referredColumn="20DC8625-0857-E22B-B370-73BE0187E5E1"/>
</associations>
</Column>
<Column name="Categoria_categoria" id="C50C39CA-CA6A-08EC-B209-B1585CF279AE">
<createdBy>zakil</createdBy>
<createdTime>2024-10-22 11:50:50 UTC</createdTime>
<ownerDesignName>ER_corregido</ownerDesignName>
<useDomainConstraints>false</useDomainConstraints>
<use>1</use>
<logicalDatatype>A3A3C77D-0366-9768-FF89-1C25E56881C8</logicalDatatype>
<ownDataTypeParameters>,,</ownDataTypeParameters>
<previousColumn>false</previousColumn>
<autoIncrementCycle>false</autoIncrementCycle>
<associations>
<colAssociation fkAssociation="C134552C-2CAB-ADD2-50AA-813CA3DCD752" referredColumn="7A5E0E76-93CF-CF77-6A43-DDE9B4521BD0"/>
</associations>
</Column>
<Column name="Categoria_categoria1" id="F800AB73-848E-57DB-F252-CF15F843138B">
<createdBy>zakil</createdBy>
<createdTime>2024-10-29 20:11:30 UTC</createdTime>
<ownerDesignName>ER_corregido</ownerDesignName>
<useDomainConstraints>false</useDomainConstraints>
<use>1</use>
<logicalDatatype>A3A3C77D-0366-9768-FF89-1C25E56881C8</logicalDatatype>
<ownDataTypeParameters>,,</ownDataTypeParameters>
<previousColumn>false</previousColumn>
<autoIncrementCycle>false</autoIncrementCycle>
<associations>
<colAssociation fkAssociation="8BFF5571-9838-5B02-EFA9-C7693278EFA3" referredColumn="7A5E0E76-93CF-CF77-6A43-DDE9B4521BD0"/>
</associations>
</Column>
</columns>
<indexes itemClass="oracle.dbtools.crest.model.design.relational.Index">
<ind_PK_UK id="ECD3CD92-85B3-69CC-DE36-2926E91497EB" name="Relation_19_PK">
<createdBy>zakil</createdBy>
<createdTime>2024-10-22 11:50:50 UTC</createdTime>
<ownerDesignName>ER_corregido</ownerDesignName>
<pk>true</pk>
<indexState>Primary Constraint</indexState>
<isSurrogateKey>false</isSurrogateKey>
<indexColumnUsage>
<colUsage columnID="4CC4D703-C383-6742-1398-315088CDC87C"/>
<colUsage columnID="C50C39CA-CA6A-08EC-B209-B1585CF279AE"/>
<colUsage columnID="F800AB73-848E-57DB-F252-CF15F843138B"/>
</indexColumnUsage>
</ind_PK_UK>
<ind_PK_UK id="4E90780D-910D-9C83-E365-CCB5E213B00A" name="Relation_19_Técnico_FK">
<createdBy>zakil</createdBy>
<createdTime>2024-10-22 11:50:50 UTC</createdTime>
<generatorID>3BBBA60B-59CE-92E3-A91A-2BAC575F51C1</generatorID>
<ownerDesignName>ER_corregido</ownerDesignName>
<indexState>Foreign Key</indexState>
<isSurrogateKey>false</isSurrogateKey>
<indexColumnUsage>
<colUsage columnID="4CC4D703-C383-6742-1398-315088CDC87C"/>
</indexColumnUsage>
</ind_PK_UK>
<ind_PK_UK id="B472970C-0E72-B0C0-6A02-670DB581FDE0" name="Relation_19_Categoria_FK">
<createdBy>zakil</createdBy>
<createdTime>2024-10-22 11:50:50 UTC</createdTime>
<generatorID>3BBBA60B-59CE-92E3-A91A-2BAC575F51C1</generatorID>
<ownerDesignName>ER_corregido</ownerDesignName>
<indexState>Foreign Key</indexState>
<isSurrogateKey>false</isSurrogateKey>
<indexColumnUsage>
<colUsage columnID="C50C39CA-CA6A-08EC-B209-B1585CF279AE"/>
</indexColumnUsage>
</ind_PK_UK>
<ind_PK_UK id="8BDD9D28-E39C-049A-D3AD-8F38F59C7005" name="Relation_19_Categoria_FKv1">
<createdBy>zakil</createdBy>
<createdTime>2024-10-29 20:11:30 UTC</createdTime>
<generatorID>3BBBA60B-59CE-92E3-A91A-2BAC575F51C1</generatorID>
<ownerDesignName>ER_corregido</ownerDesignName>
<indexState>Foreign Key</indexState>
<isSurrogateKey>false</isSurrogateKey>
<indexColumnUsage>
<colUsage columnID="F800AB73-848E-57DB-F252-CF15F843138B"/>
</indexColumnUsage>
</ind_PK_UK>
</indexes>
</Table>