<?xml version = '1.0' encoding = 'UTF-8'?>
<Table class="oracle.dbtools.crest.model.design.relational.Table" directorySegmentName="seg_0" id="4C73670D-ACA3-3FB4-40B0-7845AC7C762E" name="Formada_Por">
<createdBy>zakil</createdBy>
<createdTime>2024-10-22 11:50:50 UTC</createdTime>
<ownerDesignName>ER_corregido</ownerDesignName>
<allowColumnReorder>false</allowColumnReorder>
<existDependencyGenerateInDDl>true</existDependencyGenerateInDDl>
<parsed>true</parsed>
<columns itemClass="oracle.dbtools.crest.model.design.relational.Column">
<Column name="Aplicación_id_aplicacion" id="F81C1DDD-30B6-CAEE-13B0-5762369C4C0C">
<createdBy>zakil</createdBy>
<createdTime>2024-10-22 11:50:50 UTC</createdTime>
<ownerDesignName>ER_corregido</ownerDesignName>
<useDomainConstraints>false</useDomainConstraints>
<use>1</use>
<logicalDatatype>LOGDT011</logicalDatatype>
<ownDataTypeParameters>,,</ownDataTypeParameters>
<previousColumn>false</previousColumn>
<autoIncrementCycle>false</autoIncrementCycle>
<associations>
<colAssociation fkAssociation="F90625A4-416D-DCA1-481F-1BDD3C20C306" referredColumn="65350C7B-13B0-B1C0-F11E-41F3E0194966"/>
</associations>
</Column>
<Column name="Elemento_Software_id_elementoSW" id="D5260FF5-6417-E075-886D-6F934507AF5F">
<createdBy>zakil</createdBy>
<createdTime>2024-10-22 11:50:50 UTC</createdTime>
<ownerDesignName>ER_corregido</ownerDesignName>
<useDomainConstraints>false</useDomainConstraints>
<use>1</use>
<logicalDatatype>LOGDT011</logicalDatatype>
<ownDataTypeParameters>,,</ownDataTypeParameters>
<previousColumn>false</previousColumn>
<autoIncrementCycle>false</autoIncrementCycle>
<associations>
<colAssociation fkAssociation="C6BBC0E8-3527-86DC-EEB7-6D1128904B69" referredColumn="F6AB37AD-19CE-19E4-8EFC-D8D17748E88E"/>
</associations>
</Column>
</columns>
<indexes itemClass="oracle.dbtools.crest.model.design.relational.Index">
<ind_PK_UK id="FBDBDF84-09CC-D882-4A81-B4678C9ADFAA" name="Formada_Por_PK">
<createdBy>zakil</createdBy>
<createdTime>2024-10-22 11:50:50 UTC</createdTime>
<ownerDesignName>ER_corregido</ownerDesignName>
<pk>true</pk>
<indexState>Primary Constraint</indexState>
<isSurrogateKey>false</isSurrogateKey>
<indexColumnUsage>
<colUsage columnID="F81C1DDD-30B6-CAEE-13B0-5762369C4C0C"/>
<colUsage columnID="D5260FF5-6417-E075-886D-6F934507AF5F"/>
</indexColumnUsage>
</ind_PK_UK>
<ind_PK_UK id="B9882488-59AA-E2BA-0697-D2022E340134" name="Formada_Por_Aplicación_FK">
<createdBy>zakil</createdBy>
<createdTime>2024-10-22 11:50:50 UTC</createdTime>
<generatorID>9006DFCE-455A-13CF-3BC0-AB1314D172B1</generatorID>
<ownerDesignName>ER_corregido</ownerDesignName>
<indexState>Foreign Key</indexState>
<isSurrogateKey>false</isSurrogateKey>
<indexColumnUsage>
<colUsage columnID="F81C1DDD-30B6-CAEE-13B0-5762369C4C0C"/>
</indexColumnUsage>
</ind_PK_UK>
<ind_PK_UK id="6FB9C617-2675-0BA1-E7C7-880C379054D7" name="Formada_Por_Elemento_Software_FK">
<createdBy>zakil</createdBy>
<createdTime>2024-10-22 11:50:50 UTC</createdTime>
<generatorID>9006DFCE-455A-13CF-3BC0-AB1314D172B1</generatorID>
<ownerDesignName>ER_corregido</ownerDesignName>
<indexState>Foreign Key</indexState>
<isSurrogateKey>false</isSurrogateKey>
<indexColumnUsage>
<colUsage columnID="D5260FF5-6417-E075-886D-6F934507AF5F"/>
</indexColumnUsage>
</ind_PK_UK>
</indexes>
</Table>