<?xml version = '1.0' encoding = 'UTF-8'?>
<Table class="oracle.dbtools.crest.model.design.relational.Table" directorySegmentName="seg_0" id="5D8642D4-8277-FFC4-149B-DCA7CE1DA046" name="Empresa_cliente">
<createdBy>zakil</createdBy>
<createdTime>2024-10-22 11:50:50 UTC</createdTime>
<generatorID>0E0A3873-136A-298E-4900-D69CFC480F07</generatorID>
<ownerDesignName>ER_corregido</ownerDesignName>
<allowColumnReorder>false</allowColumnReorder>
<existDependencyGenerateInDDl>true</existDependencyGenerateInDDl>
<parsed>true</parsed>
<columns itemClass="oracle.dbtools.crest.model.design.relational.Column">
<Column name="id_empresa" id="CDB2ED23-5DA3-481C-250E-A01DBEEED2B9">
<createdBy>zakil</createdBy>
<createdTime>2024-10-22 11:50:50 UTC</createdTime>
<generatorID>1962F721-2763-3344-573A-8B12BF648563</generatorID>
<ownerDesignName>ER_corregido</ownerDesignName>
<useDomainConstraints>false</useDomainConstraints>
<use>1</use>
<logicalDatatype>LOGDT011</logicalDatatype>
<ownDataTypeParameters>,,</ownDataTypeParameters>
<autoIncrementCycle>false</autoIncrementCycle>
</Column>
<Column name="nombre" id="6D5EF850-787D-B95E-BC36-AE6692ACD425">
<createdBy>zakil</createdBy>
<createdTime>2024-10-22 11:50:50 UTC</createdTime>
<generatorID>A8AFC95E-20FB-7EC6-3A1E-F235A1E14A41</generatorID>
<ownerDesignName>ER_corregido</ownerDesignName>
<nullsAllowed>true</nullsAllowed>
<useDomainConstraints>false</useDomainConstraints>
<use>1</use>
<logicalDatatype>A3A3C77D-0366-9768-FF89-1C25E56881C8</logicalDatatype>
<ownDataTypeParameters>,,</ownDataTypeParameters>
<autoIncrementCycle>false</autoIncrementCycle>
</Column>
<Column name="Comercial_id_personal" id="6479DF33-C4FD-B92B-B3A9-46C026DF8836">
<createdBy>zakil</createdBy>
<createdTime>2024-10-22 11:50:50 UTC</createdTime>
<commentInRDBMS><![CDATA[Identificador del personal COANDES (responsable comercial) encargado de gestionar la empresa cliente. ]]></commentInRDBMS>
<generatorID>EB1B5829-6DF9-32D1-7EAB-B819840BBEC4</generatorID>
<ownerDesignName>ER_corregido</ownerDesignName>
<nullsAllowed>true</nullsAllowed>
<useDomainConstraints>false</useDomainConstraints>
<use>1</use>
<logicalDatatype>LOGDT011</logicalDatatype>
<ownDataTypeParameters>,,</ownDataTypeParameters>
<previousColumn>false</previousColumn>
<autoIncrementCycle>false</autoIncrementCycle>
<associations>
<colAssociation fkAssociation="AF4F819E-D61D-6B65-FA32-DB829E5F7BFA" referredColumn="56150C6F-D890-3C27-3231-82E3DB3A7B7D"/>
</associations>
</Column>
</columns>
<indexes itemClass="oracle.dbtools.crest.model.design.relational.Index">
<ind_PK_UK id="804951D0-22CF-6FCF-BEB3-1DBAFBCDDE5B" name="Empresa_cliente_PK">
<createdBy>zakil</createdBy>
<createdTime>2024-10-22 11:50:50 UTC</createdTime>
<generatorID>0049ADCE-F9CB-A32A-80CB-020FA44B8F91</generatorID>
<ownerDesignName>ER_corregido</ownerDesignName>
<pk>true</pk>
<indexState>Primary Constraint</indexState>
<isSurrogateKey>false</isSurrogateKey>
<indexColumnUsage>
<colUsage columnID="CDB2ED23-5DA3-481C-250E-A01DBEEED2B9"/>
</indexColumnUsage>
</ind_PK_UK>
<ind_PK_UK id="F258548D-24C5-176F-54DA-0B1CF099B141" name="Empresa_cliente_Comercial_FK">
<createdBy>zakil</createdBy>
<createdTime>2024-10-22 11:50:50 UTC</createdTime>
<generatorID>513BA975-646A-3B52-D266-40172E26234B</generatorID>
<ownerDesignName>ER_corregido</ownerDesignName>
<indexState>Foreign Key</indexState>
<isSurrogateKey>false</isSurrogateKey>
<indexColumnUsage>
<colUsage columnID="6479DF33-C4FD-B92B-B3A9-46C026DF8836"/>
</indexColumnUsage>
</ind_PK_UK>
</indexes>
</Table>