<?xml version = '1.0' encoding = 'UTF-8'?>
<Table class="oracle.dbtools.crest.model.design.relational.Table" directorySegmentName="seg_0" id="80008560-C373-B6BE-992A-BD7A670CCB0C" name="Elemento_Software">
<createdBy>zakil</createdBy>
<createdTime>2024-10-22 11:50:50 UTC</createdTime>
<generatorID>A566765B-F689-D2AA-6359-1D6C2E6F7CA2</generatorID>
<ownerDesignName>ER_corregido</ownerDesignName>
<allowColumnReorder>false</allowColumnReorder>
<existDependencyGenerateInDDl>true</existDependencyGenerateInDDl>
<parsed>true</parsed>
<columns itemClass="oracle.dbtools.crest.model.design.relational.Column">
<Column name="id_elementoSW" id="F6AB37AD-19CE-19E4-8EFC-D8D17748E88E">
<createdBy>zakil</createdBy>
<createdTime>2024-10-22 11:50:50 UTC</createdTime>
<commentInRDBMS><![CDATA[Identificador único del elemento SW. ]]></commentInRDBMS>
<generatorID>6F475CEE-C6E0-7A7C-A81F-85161E969FBA</generatorID>
<ownerDesignName>ER_corregido</ownerDesignName>
<useDomainConstraints>false</useDomainConstraints>
<use>1</use>
<logicalDatatype>LOGDT011</logicalDatatype>
<ownDataTypeParameters>,,</ownDataTypeParameters>
<autoIncrementCycle>false</autoIncrementCycle>
</Column>
<Column name="nombre" id="262E187F-8BB2-67BC-C111-745548A89E7C">
<createdBy>zakil</createdBy>
<createdTime>2024-10-22 11:50:50 UTC</createdTime>
<commentInRDBMS><![CDATA[Nombre del elemento de software. ]]></commentInRDBMS>
<generatorID>B77398A8-E588-49A6-634B-B39109A28DAE</generatorID>
<ownerDesignName>ER_corregido</ownerDesignName>
<useDomainConstraints>false</useDomainConstraints>
<use>1</use>
<logicalDatatype>A3A3C77D-0366-9768-FF89-1C25E56881C8</logicalDatatype>
<ownDataTypeParameters>,,</ownDataTypeParameters>
<autoIncrementCycle>false</autoIncrementCycle>
</Column>
<Column name="tipo" id="475828E4-AB2A-A77A-CBBB-6C8008F99F57">
<createdBy>zakil</createdBy>
<createdTime>2024-10-22 11:50:50 UTC</createdTime>
<commentInRDBMS><![CDATA[Valores posibles: Programa, Datos, Documentación]]></commentInRDBMS>
<generatorID>447A830C-CC42-3853-9E3D-8CAACCA5D465</generatorID>
<ownerDesignName>ER_corregido</ownerDesignName>
<useDomainConstraints>false</useDomainConstraints>
<use>1</use>
<ownDataTypeParameters>,,</ownDataTypeParameters>
<autoIncrementCycle>false</autoIncrementCycle>
</Column>
<Column name="direccion_almacenamiento" id="F4FA3DC6-186B-B15F-3DC1-A069F222E019">
<createdBy>zakil</createdBy>
<createdTime>2024-10-22 11:50:50 UTC</createdTime>
<commentInRDBMS><![CDATA[Dirección de almacenamiento del elemento SW]]></commentInRDBMS>
<generatorID>F6315FAA-5537-528D-5ABC-6D49B92372A1</generatorID>
<ownerDesignName>ER_corregido</ownerDesignName>
<useDomainConstraints>false</useDomainConstraints>
<use>1</use>
<logicalDatatype>A3A3C77D-0366-9768-FF89-1C25E56881C8</logicalDatatype>
<ownDataTypeParameters>,,</ownDataTypeParameters>
<autoIncrementCycle>false</autoIncrementCycle>
</Column>
</columns>
<indexes itemClass="oracle.dbtools.crest.model.design.relational.Index">
<ind_PK_UK id="11F53850-D1F9-1FD8-AEBE-6DBA54149CDA" name="Elemento_Software_PK">
<createdBy>zakil</createdBy>
<createdTime>2024-10-22 11:50:50 UTC</createdTime>
<generatorID>0C74823F-775C-ECA6-28C1-63472114B102</generatorID>
<ownerDesignName>ER_corregido</ownerDesignName>
<pk>true</pk>
<indexState>Primary Constraint</indexState>
<isSurrogateKey>false</isSurrogateKey>
<indexColumnUsage>
<colUsage columnID="F6AB37AD-19CE-19E4-8EFC-D8D17748E88E"/>
</indexColumnUsage>
</ind_PK_UK>
</indexes>
</Table>