<?xml version = '1.0' encoding = 'UTF-8'?>
<Table class="oracle.dbtools.crest.model.design.relational.Table" directorySegmentName="seg_0" id="99E8DB60-70BC-6EF7-E073-40767CFC6D08" name="Realiza">
<createdBy>zakil</createdBy>
<createdTime>2024-10-22 11:50:50 UTC</createdTime>
<ownerDesignName>ER_corregido</ownerDesignName>
<allowColumnReorder>false</allowColumnReorder>
<existDependencyGenerateInDDl>true</existDependencyGenerateInDDl>
<parsed>true</parsed>
<columns itemClass="oracle.dbtools.crest.model.design.relational.Column">
<Column name="Técnico_id_personal" id="6D754FA5-E87C-15EC-AB58-6B6151C25C0B">
<createdBy>zakil</createdBy>
<createdTime>2024-10-22 11:50:50 UTC</createdTime>
<ownerDesignName>ER_corregido</ownerDesignName>
<useDomainConstraints>false</useDomainConstraints>
<use>1</use>
<logicalDatatype>LOGDT011</logicalDatatype>
<ownDataTypeParameters>,,</ownDataTypeParameters>
<previousColumn>false</previousColumn>
<autoIncrementCycle>false</autoIncrementCycle>
<associations>
<colAssociation fkAssociation="B61ADA08-14BA-BC9E-157C-74D64FBC45C2" referredColumn="20DC8625-0857-E22B-B370-73BE0187E5E1"/>
</associations>
</Column>
<Column name="Tarea_id" id="A09A7D82-E7B0-BE6B-7B51-3954B9376B2D">
<createdBy>zakil</createdBy>
<createdTime>2024-10-22 11:50:50 UTC</createdTime>
<ownerDesignName>ER_corregido</ownerDesignName>
<useDomainConstraints>false</useDomainConstraints>
<use>1</use>
<logicalDatatype>LOGDT011</logicalDatatype>
<ownDataTypeParameters>,,</ownDataTypeParameters>
<previousColumn>false</previousColumn>
<autoIncrementCycle>false</autoIncrementCycle>
<associations>
<colAssociation fkAssociation="899E1897-C4CA-2812-DDF5-48BDBC344BAF" referredColumn="A7A5849E-3789-FA7B-7862-F7211E619B84"/>
</associations>
</Column>
</columns>
<indexes itemClass="oracle.dbtools.crest.model.design.relational.Index">
<ind_PK_UK id="840616BC-D4DC-79B7-6E2E-4154C03DD671" name="Realiza_PK">
<createdBy>zakil</createdBy>
<createdTime>2024-10-22 11:50:50 UTC</createdTime>
<ownerDesignName>ER_corregido</ownerDesignName>
<pk>true</pk>
<indexState>Primary Constraint</indexState>
<isSurrogateKey>false</isSurrogateKey>
<indexColumnUsage>
<colUsage columnID="6D754FA5-E87C-15EC-AB58-6B6151C25C0B"/>
<colUsage columnID="A09A7D82-E7B0-BE6B-7B51-3954B9376B2D"/>
</indexColumnUsage>
</ind_PK_UK>
<ind_PK_UK id="CC0EBE7A-CC96-2AE2-EB0E-ED9218967271" name="Realiza_Técnico_FK">
<createdBy>zakil</createdBy>
<createdTime>2024-10-22 11:50:50 UTC</createdTime>
<generatorID>4896A302-5A3B-8708-ED42-F1CBBB6BDFD5</generatorID>
<ownerDesignName>ER_corregido</ownerDesignName>
<indexState>Foreign Key</indexState>
<isSurrogateKey>false</isSurrogateKey>
<indexColumnUsage>
<colUsage columnID="6D754FA5-E87C-15EC-AB58-6B6151C25C0B"/>
</indexColumnUsage>
</ind_PK_UK>
<ind_PK_UK id="24190431-F9C6-A6C3-0E79-1834B2AB21FD" name="Realiza_Tarea_FK">
<createdBy>zakil</createdBy>
<createdTime>2024-10-22 11:50:50 UTC</createdTime>
<generatorID>4896A302-5A3B-8708-ED42-F1CBBB6BDFD5</generatorID>
<ownerDesignName>ER_corregido</ownerDesignName>
<indexState>Foreign Key</indexState>
<isSurrogateKey>false</isSurrogateKey>
<indexColumnUsage>
<colUsage columnID="A09A7D82-E7B0-BE6B-7B51-3954B9376B2D"/>
</indexColumnUsage>
</ind_PK_UK>
</indexes>
</Table>