<?xml version = '1.0' encoding = 'UTF-8'?>
<Table class="oracle.dbtools.crest.model.design.relational.Table" directorySegmentName="seg_0" id="A55DD00F-61F0-E1C8-B423-AC1E1C4B265F" name="Proyecto">
<createdBy>zakil</createdBy>
<createdTime>2024-10-22 11:50:50 UTC</createdTime>
<generatorID>FD55EBA4-4334-E7A3-11E3-5FB21DDFD3A2</generatorID>
<ownerDesignName>ER_corregido</ownerDesignName>
<allowColumnReorder>false</allowColumnReorder>
<existDependencyGenerateInDDl>true</existDependencyGenerateInDDl>
<parsed>true</parsed>
<columns itemClass="oracle.dbtools.crest.model.design.relational.Column">
<Column name="id_proyecto" id="485250B2-B75A-37EE-E6A1-C430805CC609">
<createdBy>zakil</createdBy>
<createdTime>2024-10-22 11:50:50 UTC</createdTime>
<commentInRDBMS><![CDATA[Identificador único del proyecto.]]></commentInRDBMS>
<generatorID>10EF8C65-D947-851E-E631-FD1A77ABBDD9</generatorID>
<ownerDesignName>ER_corregido</ownerDesignName>
<useDomainConstraints>false</useDomainConstraints>
<use>1</use>
<logicalDatatype>LOGDT011</logicalDatatype>
<ownDataTypeParameters>,,</ownDataTypeParameters>
<autoIncrementCycle>false</autoIncrementCycle>
</Column>
<Column name="Empresa_cliente_id_empresa" id="E6938145-7490-5138-7804-DB3A21119D85">
<createdBy>zakil</createdBy>
<createdTime>2024-10-22 11:50:50 UTC</createdTime>
<generatorID>4A99E2A3-44B3-481E-B454-F0233F623F3F</generatorID>
<ownerDesignName>ER_corregido</ownerDesignName>
<useDomainConstraints>false</useDomainConstraints>
<use>1</use>
<logicalDatatype>LOGDT011</logicalDatatype>
<ownDataTypeParameters>,,</ownDataTypeParameters>
<previousColumn>false</previousColumn>
<autoIncrementCycle>false</autoIncrementCycle>
<associations>
<colAssociation fkAssociation="9A4DAA9C-9A3C-6D0E-63BC-C2D6ACD75CEC" referredColumn="CDB2ED23-5DA3-481C-250E-A01DBEEED2B9"/>
</associations>
</Column>
<Column name="id_responsable_tecnico" id="B766D30E-29DC-B3F5-61F6-C7271D6525F0">
<createdBy>zakil</createdBy>
<createdTime>2024-10-22 11:50:50 UTC</createdTime>
<commentInRDBMS><![CDATA[Identificador del respomsable técnico del proyecto. ]]></commentInRDBMS>
<generatorID>C67B6A51-012B-B068-3A2D-7814A50CFC6D</generatorID>
<ownerDesignName>ER_corregido</ownerDesignName>
<nullsAllowed>true</nullsAllowed>
<useDomainConstraints>false</useDomainConstraints>
<use>1</use>
<logicalDatatype>LOGDT011</logicalDatatype>
<ownDataTypeParameters>,,</ownDataTypeParameters>
<autoIncrementCycle>false</autoIncrementCycle>
</Column>
<Column name="precio_total" id="54746290-AAA2-FEA1-5B47-C63EE13B9130">
<createdBy>zakil</createdBy>
<createdTime>2024-10-22 11:50:50 UTC</createdTime>
<commentInRDBMS><![CDATA[Coste total del proyecto. ]]></commentInRDBMS>
<generatorID>830F92B2-5486-F57F-0423-185F471909E1</generatorID>
<ownerDesignName>ER_corregido</ownerDesignName>
<nullsAllowed>true</nullsAllowed>
<useDomainConstraints>false</useDomainConstraints>
<use>1</use>
<logicalDatatype>LOGDT021</logicalDatatype>
<ownDataTypeParameters>,,</ownDataTypeParameters>
<autoIncrementCycle>false</autoIncrementCycle>
</Column>
<Column name="fecha_ini" id="07C3A7E6-CC40-D2FC-FBA7-F1B31969F573">
<createdBy>zakil</createdBy>
<createdTime>2024-10-22 11:50:50 UTC</createdTime>
<commentInRDBMS><![CDATA[Fecha de comienzo del proyecto. ]]></commentInRDBMS>
<generatorID>2A545E1B-CB46-7A4A-AD0B-6EDBA6C3498D</generatorID>
<ownerDesignName>ER_corregido</ownerDesignName>
<nullsAllowed>true</nullsAllowed>
<useDomainConstraints>false</useDomainConstraints>
<use>1</use>
<logicalDatatype>LOGDT007</logicalDatatype>
<ownDataTypeParameters>,,</ownDataTypeParameters>
<autoIncrementCycle>false</autoIncrementCycle>
</Column>
<Column name="fecha_fin" id="DABEB4B2-01A9-A5A3-7872-85212EF5BD72">
<createdBy>zakil</createdBy>
<createdTime>2024-10-22 11:50:50 UTC</createdTime>
<generatorID>78AD1FC3-3BD3-5F52-C698-80CBF1F0CCDF</generatorID>
<ownerDesignName>ER_corregido</ownerDesignName>
<nullsAllowed>true</nullsAllowed>
<useDomainConstraints>false</useDomainConstraints>
<use>1</use>
<logicalDatatype>LOGDT007</logicalDatatype>
<ownDataTypeParameters>,,</ownDataTypeParameters>
<autoIncrementCycle>false</autoIncrementCycle>
</Column>
<Column name="tiempo_estimado" id="2EF2A4F6-3CE9-BCC4-5906-6086C34450D3">
<createdBy>zakil</createdBy>
<createdTime>2024-10-22 11:50:50 UTC</createdTime>
<commentInRDBMS><![CDATA[Estimación del número de horas dedicadas al proyecto. ]]></commentInRDBMS>
<generatorID>8CD04DE6-ABCA-494C-1D18-CA7161023476</generatorID>
<ownerDesignName>ER_corregido</ownerDesignName>
<nullsAllowed>true</nullsAllowed>
<useDomainConstraints>false</useDomainConstraints>
<use>1</use>
<logicalDatatype>LOGDT011</logicalDatatype>
<ownDataTypeParameters>,,</ownDataTypeParameters>
<autoIncrementCycle>false</autoIncrementCycle>
</Column>
<Column name="tiempo_dedicado" id="F58BC2DF-A75B-9B29-CB21-37180F7A27FE">
<createdBy>zakil</createdBy>
<createdTime>2024-10-22 11:50:50 UTC</createdTime>
<commentInRDBMS><![CDATA[Suma de horas reales dedicadas al proyecto. ]]></commentInRDBMS>
<generatorID>43B1E1EE-CF67-3EA6-9752-C63CE1BDCA6B</generatorID>
<ownerDesignName>ER_corregido</ownerDesignName>
<nullsAllowed>true</nullsAllowed>
<useDomainConstraints>false</useDomainConstraints>
<use>1</use>
<logicalDatatype>LOGDT011</logicalDatatype>
<ownDataTypeParameters>,,</ownDataTypeParameters>
<autoIncrementCycle>false</autoIncrementCycle>
</Column>
<Column name="estado" id="EA6A7C33-5E90-F435-6EED-2D43D70DE66C">
<createdBy>zakil</createdBy>
<createdTime>2024-10-22 11:50:50 UTC</createdTime>
<commentInRDBMS><![CDATA[Posibles valores: Vigente, Terminado]]></commentInRDBMS>
<generatorID>2478C9B5-4D83-505F-7932-29856411235A</generatorID>
<ownerDesignName>ER_corregido</ownerDesignName>
<nullsAllowed>true</nullsAllowed>
<useDomainConstraints>false</useDomainConstraints>
<use>1</use>
<logicalDatatype>A3A3C77D-0366-9768-FF89-1C25E56881C8</logicalDatatype>
<ownDataTypeParameters>,,</ownDataTypeParameters>
<autoIncrementCycle>false</autoIncrementCycle>
</Column>
<Column name="Técnico_id_personal" id="C1BBFEEA-63E0-4789-4C99-D38DB9395D59">
<createdBy>zakil</createdBy>
<createdTime>2024-10-22 11:50:50 UTC</createdTime>
<commentInRDBMS><![CDATA[Identificador del responsable del proyecto.  ]]></commentInRDBMS>
<generatorID>A8A421A7-B1E9-BD7D-D071-A9C97D9F85E9</generatorID>
<ownerDesignName>ER_corregido</ownerDesignName>
<nullsAllowed>true</nullsAllowed>
<useDomainConstraints>false</useDomainConstraints>
<use>1</use>
<logicalDatatype>LOGDT011</logicalDatatype>
<ownDataTypeParameters>,,</ownDataTypeParameters>
<previousColumn>false</previousColumn>
<autoIncrementCycle>false</autoIncrementCycle>
</Column>
<Column name="Empresa_cliente_id_empresa2" id="9FD7C4C7-9CEE-7AEB-36A2-40315A5C13B5">
<createdBy>zakil</createdBy>
<createdTime>2024-10-29 20:11:30 UTC</createdTime>
<generatorID>D3515286-E4FD-C9A7-3636-276CA843E76B</generatorID>
<ownerDesignName>ER_corregido</ownerDesignName>
<useDomainConstraints>false</useDomainConstraints>
<use>1</use>
<logicalDatatype>LOGDT011</logicalDatatype>
<ownDataTypeParameters>,,</ownDataTypeParameters>
<previousColumn>false</previousColumn>
<autoIncrementCycle>false</autoIncrementCycle>
<associations>
<colAssociation fkAssociation="D523489A-28FA-8B83-EEAD-BBB4491ED703" referredColumn="CDB2ED23-5DA3-481C-250E-A01DBEEED2B9"/>
</associations>
</Column>
</columns>
<indexes itemClass="oracle.dbtools.crest.model.design.relational.Index">
<ind_PK_UK id="D0443815-A729-4D89-4DCC-C6F8AE0C03F2" name="Proyecto_PK">
<createdBy>zakil</createdBy>
<createdTime>2024-10-22 11:50:50 UTC</createdTime>
<generatorID>4330A78B-19B9-E5D4-4D44-E0596044B47C</generatorID>
<ownerDesignName>ER_corregido</ownerDesignName>
<pk>true</pk>
<indexState>Primary Constraint</indexState>
<isSurrogateKey>false</isSurrogateKey>
<indexColumnUsage>
<colUsage columnID="485250B2-B75A-37EE-E6A1-C430805CC609"/>
</indexColumnUsage>
</ind_PK_UK>
<ind_PK_UK id="E221C86E-D000-7D02-5BFD-63112944A023" name="Proyecto_Empresa_cliente_FK">
<createdBy>zakil</createdBy>
<createdTime>2024-10-22 11:50:50 UTC</createdTime>
<generatorID>D5AA5519-2D01-7113-1104-6CE5744DB304</generatorID>
<ownerDesignName>ER_corregido</ownerDesignName>
<indexState>Foreign Key</indexState>
<isSurrogateKey>false</isSurrogateKey>
<indexColumnUsage>
<colUsage columnID="E6938145-7490-5138-7804-DB3A21119D85"/>
</indexColumnUsage>
</ind_PK_UK>
<ind_PK_UK id="78734D68-FCD0-FA38-DE66-857527A00BBD" name="Proyecto_Técnico_FK">
<createdBy>zakil</createdBy>
<createdTime>2024-10-22 11:50:50 UTC</createdTime>
<generatorID>835CDE9F-9EC1-6D49-23A1-740FCCC6977A</generatorID>
<ownerDesignName>ER_corregido</ownerDesignName>
<indexState>Foreign Key</indexState>
<isSurrogateKey>false</isSurrogateKey>
</ind_PK_UK>
<ind_PK_UK id="6C30A93B-178E-96F5-63A1-86BE1227C62E" name="Proyecto_Empresa_cliente_FKv2">
<createdBy>zakil</createdBy>
<createdTime>2024-10-29 20:11:30 UTC</createdTime>
<generatorID>33999466-7F83-6FBC-BED1-17BFE76C8969</generatorID>
<ownerDesignName>ER_corregido</ownerDesignName>
<indexState>Foreign Key</indexState>
<isSurrogateKey>false</isSurrogateKey>
<indexColumnUsage>
<colUsage columnID="9FD7C4C7-9CEE-7AEB-36A2-40315A5C13B5"/>
</indexColumnUsage>
</ind_PK_UK>
</indexes>
</Table>