<?xml version = '1.0' encoding = 'UTF-8'?>
<Table class="oracle.dbtools.crest.model.design.relational.Table" directorySegmentName="seg_0" id="AA90019A-FF58-9C6B-55A3-0FDCFC0CDB0E" name="Tarea">
<createdBy>zakil</createdBy>
<createdTime>2024-10-22 11:50:50 UTC</createdTime>
<generatorID>0555620A-B3D2-4634-1850-27AC15A510F3</generatorID>
<ownerDesignName>ER_corregido</ownerDesignName>
<allowColumnReorder>false</allowColumnReorder>
<existDependencyGenerateInDDl>true</existDependencyGenerateInDDl>
<parsed>true</parsed>
<columns itemClass="oracle.dbtools.crest.model.design.relational.Column">
<Column name="id_tarea" id="A7A5849E-3789-FA7B-7862-F7211E619B84">
<createdBy>zakil</createdBy>
<createdTime>2024-10-22 11:50:50 UTC</createdTime>
<commentInRDBMS><![CDATA[identificador único de la tarea. ]]></commentInRDBMS>
<generatorID>98EA5532-7F01-9369-F854-216F792BD86C</generatorID>
<ownerDesignName>ER_corregido</ownerDesignName>
<useDomainConstraints>false</useDomainConstraints>
<use>1</use>
<logicalDatatype>LOGDT011</logicalDatatype>
<ownDataTypeParameters>,,</ownDataTypeParameters>
<autoIncrementCycle>false</autoIncrementCycle>
</Column>
<Column name="id_peticion" id="335C7564-1EAB-BB18-21EE-166850F16FEA">
<createdBy>zakil</createdBy>
<createdTime>2024-10-22 11:50:50 UTC</createdTime>
<commentInRDBMS><![CDATA[Identificador de la petición a la que está asociada la tarea. ]]></commentInRDBMS>
<generatorID>E4C8DB8F-1E7E-B1A1-CE68-5D98A1E8E5E2</generatorID>
<ownerDesignName>ER_corregido</ownerDesignName>
<nullsAllowed>true</nullsAllowed>
<useDomainConstraints>false</useDomainConstraints>
<use>1</use>
<logicalDatatype>LOGDT011</logicalDatatype>
<ownDataTypeParameters>,,</ownDataTypeParameters>
<autoIncrementCycle>false</autoIncrementCycle>
</Column>
<Column name="fecha_ini" id="88FEA9E5-5EF1-D5AB-5A14-1446FA9AD225">
<createdBy>zakil</createdBy>
<createdTime>2024-10-22 11:50:50 UTC</createdTime>
<commentInRDBMS><![CDATA[Fecha de inicio de la tarea]]></commentInRDBMS>
<generatorID>BCD1FCB2-FD79-5462-9D53-76AF1D9559EC</generatorID>
<ownerDesignName>ER_corregido</ownerDesignName>
<nullsAllowed>true</nullsAllowed>
<useDomainConstraints>false</useDomainConstraints>
<use>1</use>
<logicalDatatype>LOGDT007</logicalDatatype>
<ownDataTypeParameters>,,</ownDataTypeParameters>
<autoIncrementCycle>false</autoIncrementCycle>
</Column>
<Column name="fecha_fin" id="92BC2D98-A3EF-9504-69C5-A534114C90C2">
<createdBy>zakil</createdBy>
<createdTime>2024-10-22 11:50:50 UTC</createdTime>
<commentInRDBMS><![CDATA[Fecha fin de la tarea. ]]></commentInRDBMS>
<generatorID>231CDDEB-9B72-F963-1171-EC59596035FB</generatorID>
<ownerDesignName>ER_corregido</ownerDesignName>
<nullsAllowed>true</nullsAllowed>
<useDomainConstraints>false</useDomainConstraints>
<use>1</use>
<logicalDatatype>LOGDT007</logicalDatatype>
<ownDataTypeParameters>,,</ownDataTypeParameters>
<autoIncrementCycle>false</autoIncrementCycle>
</Column>
<Column name="tipo" id="8F248DBA-82D6-EC63-6646-D11DB11BD06F">
<createdBy>zakil</createdBy>
<createdTime>2024-10-22 11:50:50 UTC</createdTime>
<commentInRDBMS><![CDATA[Tipo predefinido de la tarea.]]></commentInRDBMS>
<generatorID>C28A9FF4-4D94-5260-E42C-4A03610FF8EF</generatorID>
<ownerDesignName>ER_corregido</ownerDesignName>
<nullsAllowed>true</nullsAllowed>
<useDomainConstraints>false</useDomainConstraints>
<use>1</use>
<logicalDatatype>A3A3C77D-0366-9768-FF89-1C25E56881C8</logicalDatatype>
<ownDataTypeParameters>,,</ownDataTypeParameters>
<autoIncrementCycle>false</autoIncrementCycle>
</Column>
<Column name="id_elementoSW" id="5FB93DB3-EE14-0127-38A8-BB22609F6A45">
<createdBy>zakil</createdBy>
<createdTime>2024-10-22 11:50:50 UTC</createdTime>
<commentInRDBMS><![CDATA[Identificador del elemento SW asociado a la tarea. ]]></commentInRDBMS>
<generatorID>2FF9153F-164D-54F1-75DB-5A0BD79D231B</generatorID>
<ownerDesignName>ER_corregido</ownerDesignName>
<nullsAllowed>true</nullsAllowed>
<useDomainConstraints>false</useDomainConstraints>
<use>1</use>
<logicalDatatype>LOGDT011</logicalDatatype>
<ownDataTypeParameters>,,</ownDataTypeParameters>
<autoIncrementCycle>false</autoIncrementCycle>
</Column>
<Column name="id_encargado" id="63040E15-08F2-392C-BFF3-41468EF7241E">
<createdBy>zakil</createdBy>
<createdTime>2024-10-22 11:50:50 UTC</createdTime>
<commentInRDBMS><![CDATA[List<Integer> : lista de los identificadores de las personas encargadas de llevar a cabo la tarea. ]]></commentInRDBMS>
<generatorID>628AADD2-8F1C-B87C-6617-E77BD74618B0</generatorID>
<ownerDesignName>ER_corregido</ownerDesignName>
<nullsAllowed>true</nullsAllowed>
<useDomainConstraints>false</useDomainConstraints>
<use>1</use>
<logicalDatatype>LOGDT011</logicalDatatype>
<ownDataTypeParameters>,,</ownDataTypeParameters>
<autoIncrementCycle>false</autoIncrementCycle>
</Column>
<Column name="Petición_Aplicación_id_aplicacion" id="84279760-1F7C-7D6C-F83E-346C878CE61F">
<createdBy>zakil</createdBy>
<createdTime>2024-10-22 11:50:50 UTC</createdTime>
<generatorID>7555F3D1-C133-8F72-638E-1A433CB14967</generatorID>
<ownerDesignName>ER_corregido</ownerDesignName>
<useDomainConstraints>false</useDomainConstraints>
<use>1</use>
<logicalDatatype>LOGDT011</logicalDatatype>
<ownDataTypeParameters>,,</ownDataTypeParameters>
<previousColumn>false</previousColumn>
<autoIncrementCycle>false</autoIncrementCycle>
</Column>
<Column name="id_peticion1" id="883F03DB-539E-C7E5-2752-9A4FA8FAAB1F">
<createdBy>zakil</createdBy>
<createdTime>2024-10-29 20:11:30 UTC</createdTime>
<commentInRDBMS><![CDATA[Identificador de la petición a la que está asociada la tarea.]]></commentInRDBMS>
<generatorID>E651E1FF-58BA-ED7B-1F32-AEF6B4D0C688</generatorID>
<ownerDesignName>ER_corregido</ownerDesignName>
<useDomainConstraints>false</useDomainConstraints>
<use>1</use>
<logicalDatatype>LOGDT011</logicalDatatype>
<ownDataTypeParameters>,,</ownDataTypeParameters>
<previousColumn>false</previousColumn>
<autoIncrementCycle>false</autoIncrementCycle>
<associations>
<colAssociation fkAssociation="CC569EBE-BADA-E8E1-C1A9-FD69DEEF7EE4" referredColumn="DA6817DB-6F4E-0425-A5F1-572221D06ED2"/>
</associations>
</Column>
</columns>
<indexes itemClass="oracle.dbtools.crest.model.design.relational.Index">
<ind_PK_UK id="FEA01FD6-F8B1-AEAD-493B-E0ABF245FB91" name="Tarea_PK">
<createdBy>zakil</createdBy>
<createdTime>2024-10-22 11:50:50 UTC</createdTime>
<generatorID>F28BD2D1-944B-5D67-5554-C0BD06E7C331</generatorID>
<ownerDesignName>ER_corregido</ownerDesignName>
<pk>true</pk>
<indexState>Primary Constraint</indexState>
<isSurrogateKey>false</isSurrogateKey>
<indexColumnUsage>
<colUsage columnID="A7A5849E-3789-FA7B-7862-F7211E619B84"/>
</indexColumnUsage>
</ind_PK_UK>
<ind_PK_UK id="A980D044-D4F0-489D-5531-49116F4D776A" name="Tarea_Petición_FK">
<createdBy>zakil</createdBy>
<createdTime>2024-10-22 11:50:50 UTC</createdTime>
<generatorID>C71697F3-7164-5A20-402F-1FAF18AA0594</generatorID>
<ownerDesignName>ER_corregido</ownerDesignName>
<indexState>Foreign Key</indexState>
<isSurrogateKey>false</isSurrogateKey>
<indexColumnUsage>
<colUsage columnID="883F03DB-539E-C7E5-2752-9A4FA8FAAB1F"/>
</indexColumnUsage>
</ind_PK_UK>
</indexes>
</Table>