<?xml version = '1.0' encoding = 'UTF-8'?>
<Table class="oracle.dbtools.crest.model.design.relational.Table" directorySegmentName="seg_0" id="BCB35BC5-E513-029A-B20B-84E99B0D9026" name="Petición">
<createdBy>zakil</createdBy>
<createdTime>2024-10-22 11:50:50 UTC</createdTime>
<generatorID>D0AF64D0-30EF-5AD3-0CA2-F819EACF04BF</generatorID>
<ownerDesignName>ER_corregido</ownerDesignName>
<allowColumnReorder>false</allowColumnReorder>
<existDependencyGenerateInDDl>true</existDependencyGenerateInDDl>
<parsed>true</parsed>
<columns itemClass="oracle.dbtools.crest.model.design.relational.Column">
<Column name="Aplicación_id_aplicacion" id="37F0151D-2650-91D3-B372-DE5265861FC3">
<createdBy>zakil</createdBy>
<createdTime>2024-10-22 11:50:50 UTC</createdTime>
<commentInRDBMS><![CDATA[Identificador de la aplicación a la que está asociada. ]]></commentInRDBMS>
<generatorID>F2D652B2-6721-BB92-B638-450E366387F4</generatorID>
<ownerDesignName>ER_corregido</ownerDesignName>
<useDomainConstraints>false</useDomainConstraints>
<use>1</use>
<logicalDatatype>LOGDT011</logicalDatatype>
<ownDataTypeParameters>,,</ownDataTypeParameters>
<previousColumn>false</previousColumn>
<autoIncrementCycle>false</autoIncrementCycle>
<associations>
<colAssociation fkAssociation="E560C553-7A02-05A1-A456-978DDF687B46" referredColumn="65350C7B-13B0-B1C0-F11E-41F3E0194966"/>
</associations>
</Column>
<Column name="Usuario_id_empresa" id="DBCC3C90-1446-CC7E-0FEF-7D3277470007">
<createdBy>zakil</createdBy>
<createdTime>2024-10-22 11:50:50 UTC</createdTime>
<generatorID>8103A61B-D2F7-4832-4C22-4ABBA1056BF6</generatorID>
<ownerDesignName>ER_corregido</ownerDesignName>
<useDomainConstraints>false</useDomainConstraints>
<use>1</use>
<logicalDatatype>LOGDT011</logicalDatatype>
<ownDataTypeParameters>,,</ownDataTypeParameters>
<previousColumn>false</previousColumn>
<autoIncrementCycle>false</autoIncrementCycle>
<associations>
<colAssociation fkAssociation="BBE18790-08F0-1C81-6BA8-177EA65EC857" referredColumn="5A0EF2AF-9251-FC40-4C99-73C48837DA1A"/>
</associations>
</Column>
<Column name="Usuario_id_empresa2" id="6CF6562A-98E1-0CA1-174F-B5EF49AE154A">
<createdBy>zakil</createdBy>
<createdTime>2024-10-22 11:50:50 UTC</createdTime>
<generatorID>5E4DCE4D-CEC0-7E87-AA81-E7F608E0DD8F</generatorID>
<ownerDesignName>ER_corregido</ownerDesignName>
<useDomainConstraints>false</useDomainConstraints>
<use>1</use>
<logicalDatatype>LOGDT011</logicalDatatype>
<ownDataTypeParameters>,,</ownDataTypeParameters>
<previousColumn>false</previousColumn>
<autoIncrementCycle>false</autoIncrementCycle>
<associations>
<colAssociation fkAssociation="AD0E1A6A-1457-CB96-ECF4-BEB7C930519D" referredColumn="5A0EF2AF-9251-FC40-4C99-73C48837DA1A"/>
</associations>
</Column>
<Column name="descripcion" id="55488F79-D6ED-F25B-70C3-5827C30401AD">
<createdBy>zakil</createdBy>
<createdTime>2024-10-22 11:50:50 UTC</createdTime>
<commentInRDBMS><![CDATA[Descripción breve de que se trata la petición. ]]></commentInRDBMS>
<generatorID>74052E43-7EFB-BDFA-1006-4CAC19A68C98</generatorID>
<ownerDesignName>ER_corregido</ownerDesignName>
<nullsAllowed>true</nullsAllowed>
<useDomainConstraints>false</useDomainConstraints>
<use>1</use>
<logicalDatatype>A3A3C77D-0366-9768-FF89-1C25E56881C8</logicalDatatype>
<ownDataTypeParameters>,,</ownDataTypeParameters>
<autoIncrementCycle>false</autoIncrementCycle>
</Column>
<Column name="tipo" id="2F48DB73-C3F9-2BA7-64DB-90D733CDD018">
<createdBy>zakil</createdBy>
<createdTime>2024-10-22 11:50:50 UTC</createdTime>
<commentInRDBMS><![CDATA[Puede ser: Correctivo, Adaptativo, Perfectivo y Evolutivo. ]]></commentInRDBMS>
<generatorID>BE28C65D-FA09-7F90-1788-4F381E993BDD</generatorID>
<ownerDesignName>ER_corregido</ownerDesignName>
<nullsAllowed>true</nullsAllowed>
<useDomainConstraints>false</useDomainConstraints>
<use>1</use>
<logicalDatatype>A3A3C77D-0366-9768-FF89-1C25E56881C8</logicalDatatype>
<listOfValues>
<valueDef value="Adaptativo" description=""/>
<valueDef value="Correctivo" description=""/>
<valueDef value="Evolutivo" description=""/>
<valueDef value="Perfectivo" description=""/>
</listOfValues>
<ownDataTypeParameters>,,</ownDataTypeParameters>
<autoIncrementCycle>false</autoIncrementCycle>
</Column>
<Column name="id_aplicacion" id="E1116749-502D-7D19-DEBA-BC2FE99BC8CE">
<createdBy>zakil</createdBy>
<createdTime>2024-10-22 11:50:50 UTC</createdTime>
<commentInRDBMS><![CDATA[Identificador de la aplicación a la que está asociada. ]]></commentInRDBMS>
<generatorID>3105AF71-F12E-9A0B-5994-295E21A185C8</generatorID>
<ownerDesignName>ER_corregido</ownerDesignName>
<nullsAllowed>true</nullsAllowed>
<useDomainConstraints>false</useDomainConstraints>
<use>1</use>
<logicalDatatype>LOGDT011</logicalDatatype>
<ownDataTypeParameters>,,</ownDataTypeParameters>
<autoIncrementCycle>false</autoIncrementCycle>
</Column>
<Column name="es_urgente" id="FAAD5EE2-9AC4-3619-AAD2-58D571555728">
<createdBy>zakil</createdBy>
<createdTime>2024-10-22 11:50:50 UTC</createdTime>
<commentInRDBMS><![CDATA[Indica si la petición es urgente o no. ]]></commentInRDBMS>
<generatorID>F25BDBA4-AD66-CD74-601A-76F3D12ABD1C</generatorID>
<ownerDesignName>ER_corregido</ownerDesignName>
<nullsAllowed>true</nullsAllowed>
<useDomainConstraints>false</useDomainConstraints>
<use>1</use>
<logicalDatatype>LOGDT006</logicalDatatype>
<dataTypeSize>1</dataTypeSize>
<ownDataTypeParameters>1,,</ownDataTypeParameters>
<autoIncrementCycle>false</autoIncrementCycle>
</Column>
<Column name="estado" id="2A85EF71-4C35-8E02-C1F1-764FF2E03E80">
<createdBy>zakil</createdBy>
<createdTime>2024-10-22 11:50:50 UTC</createdTime>
<generatorID>04B2265B-4CAD-DC66-2219-792746EFABD1</generatorID>
<ownerDesignName>ER_corregido</ownerDesignName>
<nullsAllowed>true</nullsAllowed>
<useDomainConstraints>false</useDomainConstraints>
<use>1</use>
<logicalDatatype>A3A3C77D-0366-9768-FF89-1C25E56881C8</logicalDatatype>
<listOfValues>
<valueDef value="En desarrollo" description=""/>
<valueDef value="En estudio" description=""/>
<valueDef value="Pendiente" description=""/>
<valueDef value="Rechazada" description=""/>
<valueDef value="Recibida" description=""/>
<valueDef value="Terminada" description=""/>
</listOfValues>
<ownDataTypeParameters>,,</ownDataTypeParameters>
<autoIncrementCycle>false</autoIncrementCycle>
</Column>
<Column name="complejidad" id="9FDCC786-7BFE-7C75-696A-0F99CAD88259">
<createdBy>zakil</createdBy>
<createdTime>2024-10-22 11:50:50 UTC</createdTime>
<generatorID>79FC1EC5-4C4E-2D2B-B86D-307EC31DD35F</generatorID>
<ownerDesignName>ER_corregido</ownerDesignName>
<nullsAllowed>true</nullsAllowed>
<useDomainConstraints>false</useDomainConstraints>
<use>1</use>
<logicalDatatype>A3A3C77D-0366-9768-FF89-1C25E56881C8</logicalDatatype>
<listOfValues>
<valueDef value="Alta" description=""/>
<valueDef value="Baja" description=""/>
<valueDef value="Mediana" description=""/>
</listOfValues>
<ownDataTypeParameters>,,</ownDataTypeParameters>
<autoIncrementCycle>false</autoIncrementCycle>
</Column>
<Column name="fecha_recepcion" id="A50BCF95-6912-F899-AEAD-02F18D4999F9">
<createdBy>zakil</createdBy>
<createdTime>2024-10-22 11:50:50 UTC</createdTime>
<commentInRDBMS><![CDATA[Fecha en la que se recibió la petición]]></commentInRDBMS>
<generatorID>512361A5-CD3B-EE80-2A7E-E073A47FEF14</generatorID>
<ownerDesignName>ER_corregido</ownerDesignName>
<nullsAllowed>true</nullsAllowed>
<useDomainConstraints>false</useDomainConstraints>
<use>1</use>
<logicalDatatype>LOGDT007</logicalDatatype>
<ownDataTypeParameters>,,</ownDataTypeParameters>
<autoIncrementCycle>false</autoIncrementCycle>
</Column>
<Column name="fecha_inicio_estudio" id="1ED4EF3B-8072-878E-CDD1-0EE59E710CA2">
<createdBy>zakil</createdBy>
<createdTime>2024-10-22 11:50:50 UTC</createdTime>
<commentInRDBMS><![CDATA[Fecha en la que se inició su estudio]]></commentInRDBMS>
<generatorID>367ED4A2-E84A-5CC5-4266-8DD0E13F7A82</generatorID>
<ownerDesignName>ER_corregido</ownerDesignName>
<nullsAllowed>true</nullsAllowed>
<useDomainConstraints>false</useDomainConstraints>
<use>1</use>
<logicalDatatype>LOGDT007</logicalDatatype>
<ownDataTypeParameters>,,</ownDataTypeParameters>
<autoIncrementCycle>false</autoIncrementCycle>
</Column>
<Column name="fecha_inicio_prevista" id="88E26651-6D6F-73DE-F373-F510FCD19DE4">
<createdBy>zakil</createdBy>
<createdTime>2024-10-22 11:50:50 UTC</createdTime>
<commentInRDBMS><![CDATA[Fecha prevista para iniciar la ejecución.]]></commentInRDBMS>
<generatorID>AECE3D80-BBA8-8EFA-23EC-532E2AEDC185</generatorID>
<ownerDesignName>ER_corregido</ownerDesignName>
<nullsAllowed>true</nullsAllowed>
<useDomainConstraints>false</useDomainConstraints>
<use>1</use>
<logicalDatatype>LOGDT007</logicalDatatype>
<ownDataTypeParameters>,,</ownDataTypeParameters>
<autoIncrementCycle>false</autoIncrementCycle>
</Column>
<Column name="fecha_inicio_real" id="EAC2B8BC-18AB-9AA9-B83A-8759088BB18A">
<createdBy>zakil</createdBy>
<createdTime>2024-10-22 11:50:50 UTC</createdTime>
<commentInRDBMS><![CDATA[Fecha real en que comenzó la ejecución. ]]></commentInRDBMS>
<generatorID>CA90844D-6165-6A48-AD8A-4AEB1835700A</generatorID>
<ownerDesignName>ER_corregido</ownerDesignName>
<nullsAllowed>true</nullsAllowed>
<useDomainConstraints>false</useDomainConstraints>
<use>1</use>
<logicalDatatype>LOGDT007</logicalDatatype>
<ownDataTypeParameters>,,</ownDataTypeParameters>
<autoIncrementCycle>false</autoIncrementCycle>
</Column>
<Column name="fecha_aceptacion" id="B761FC1B-ADD6-3CA9-0841-386CFBE24C57">
<createdBy>zakil</createdBy>
<createdTime>2024-10-22 11:50:50 UTC</createdTime>
<commentInRDBMS><![CDATA[Fecha en la que el usuario acepta la solución. ]]></commentInRDBMS>
<generatorID>BCC002EF-0AB4-D14D-5CE4-78360BBA7A17</generatorID>
<ownerDesignName>ER_corregido</ownerDesignName>
<nullsAllowed>true</nullsAllowed>
<useDomainConstraints>false</useDomainConstraints>
<use>1</use>
<logicalDatatype>LOGDT007</logicalDatatype>
<ownDataTypeParameters>,,</ownDataTypeParameters>
<autoIncrementCycle>false</autoIncrementCycle>
</Column>
<Column name="id_responsable" id="2273E2C1-F692-759D-2FC5-9B7964F18F0D">
<createdBy>zakil</createdBy>
<createdTime>2024-10-22 11:50:50 UTC</createdTime>
<commentInRDBMS><![CDATA[Identificador de la persona COANDES responsable de la petición. ]]></commentInRDBMS>
<generatorID>341EC6BF-691B-0CF6-C840-DB027F7AE730</generatorID>
<ownerDesignName>ER_corregido</ownerDesignName>
<nullsAllowed>true</nullsAllowed>
<useDomainConstraints>false</useDomainConstraints>
<use>1</use>
<logicalDatatype>LOGDT011</logicalDatatype>
<ownDataTypeParameters>,,</ownDataTypeParameters>
<autoIncrementCycle>false</autoIncrementCycle>
</Column>
<Column name="Técnico_id_personal" id="75902B67-F261-FF8A-FF47-A5B25DE9E8BE">
<createdBy>zakil</createdBy>
<createdTime>2024-10-22 11:50:50 UTC</createdTime>
<generatorID>A23AB8F3-FF7E-D4A6-7550-C1B172CD9B36</generatorID>
<ownerDesignName>ER_corregido</ownerDesignName>
<nullsAllowed>true</nullsAllowed>
<useDomainConstraints>false</useDomainConstraints>
<use>1</use>
<logicalDatatype>LOGDT011</logicalDatatype>
<ownDataTypeParameters>,,</ownDataTypeParameters>
<previousColumn>false</previousColumn>
<autoIncrementCycle>false</autoIncrementCycle>
</Column>
<Column name="Usuario_id_usuario2" id="C2AECBD8-C6D8-C715-D6D8-16CF1CD3C85F">
<createdBy>zakil</createdBy>
<createdTime>2024-10-22 11:50:50 UTC</createdTime>
<generatorID>7CCAA437-0177-282D-A25F-0C57B5DC7528</generatorID>
<ownerDesignName>ER_corregido</ownerDesignName>
<useDomainConstraints>false</useDomainConstraints>
<use>1</use>
<logicalDatatype>LOGDT011</logicalDatatype>
<ownDataTypeParameters>,,</ownDataTypeParameters>
<previousColumn>false</previousColumn>
<autoIncrementCycle>false</autoIncrementCycle>
<associations>
<colAssociation fkAssociation="AD0E1A6A-1457-CB96-ECF4-BEB7C930519D" referredColumn="B91FE4E1-7E7D-7E9E-0BE6-CBBDE4236A74"/>
</associations>
</Column>
<Column name="Usuario_id_usuario" id="0026DC28-7AEB-5511-EAB3-83994C53DB5E">
<createdBy>zakil</createdBy>
<createdTime>2024-10-22 11:50:50 UTC</createdTime>
<generatorID>FD6818BB-4D42-111B-0B2D-3EE518CD105B</generatorID>
<ownerDesignName>ER_corregido</ownerDesignName>
<useDomainConstraints>false</useDomainConstraints>
<use>1</use>
<logicalDatatype>LOGDT011</logicalDatatype>
<ownDataTypeParameters>,,</ownDataTypeParameters>
<previousColumn>false</previousColumn>
<autoIncrementCycle>false</autoIncrementCycle>
<associations>
<colAssociation fkAssociation="BBE18790-08F0-1C81-6BA8-177EA65EC857" referredColumn="B91FE4E1-7E7D-7E9E-0BE6-CBBDE4236A74"/>
</associations>
</Column>
<Column name="id_peticion" id="DA6817DB-6F4E-0425-A5F1-572221D06ED2">
<createdBy>zakil</createdBy>
<createdTime>2024-10-29 20:11:30 UTC</createdTime>
<commentInRDBMS><![CDATA[Identificador único de la petición. ]]></commentInRDBMS>
<generatorID>FD5CC36D-11CA-628D-E372-F1F4FDD7925F</generatorID>
<ownerDesignName>ER_corregido</ownerDesignName>
<useDomainConstraints>false</useDomainConstraints>
<use>1</use>
<logicalDatatype>LOGDT011</logicalDatatype>
<ownDataTypeParameters>,,</ownDataTypeParameters>
<autoIncrementCycle>false</autoIncrementCycle>
</Column>
<Column name="Usuario_id_usuario3" id="73F05378-58DA-B8C1-CCC3-624FD012E19D">
<createdBy>zakil</createdBy>
<createdTime>2024-10-29 20:11:30 UTC</createdTime>
<commentInRDBMS><![CDATA[Identificador del usuario que ha realizado la petición. ]]></commentInRDBMS>
<generatorID>317C5DB4-EEB9-493F-09A0-1CF813B54767</generatorID>
<ownerDesignName>ER_corregido</ownerDesignName>
<nullsAllowed>true</nullsAllowed>
<useDomainConstraints>false</useDomainConstraints>
<use>1</use>
<logicalDatatype>LOGDT011</logicalDatatype>
<ownDataTypeParameters>,,</ownDataTypeParameters>
<previousColumn>false</previousColumn>
<autoIncrementCycle>false</autoIncrementCycle>
<associations>
<colAssociation fkAssociation="BB2D11FC-6ED6-A8D4-B988-232794A7E7D2" referredColumn="B91FE4E1-7E7D-7E9E-0BE6-CBBDE4236A74"/>
</associations>
</Column>
</columns>
<indexes itemClass="oracle.dbtools.crest.model.design.relational.Index">
<ind_PK_UK id="54E04130-2D60-D1FB-7FEF-6F1064AB9290" name="Petición_PK">
<createdBy>zakil</createdBy>
<createdTime>2024-10-22 11:50:50 UTC</createdTime>
<generatorID>11C7433F-C60F-0054-F077-03A5BFCD9628</generatorID>
<ownerDesignName>ER_corregido</ownerDesignName>
<pk>true</pk>
<indexState>Primary Constraint</indexState>
<isSurrogateKey>false</isSurrogateKey>
<indexColumnUsage>
<colUsage columnID="DA6817DB-6F4E-0425-A5F1-572221D06ED2"/>
</indexColumnUsage>
</ind_PK_UK>
<ind_PK_UK id="3E2C4218-F19F-1505-19A0-F81C9CE49AC0" name="Petición_Aplicación_FK">
<createdBy>zakil</createdBy>
<createdTime>2024-10-22 11:50:50 UTC</createdTime>
<generatorID>1A591AD2-416A-A9BB-4A2D-1B7C557A8515</generatorID>
<ownerDesignName>ER_corregido</ownerDesignName>
<indexState>Foreign Key</indexState>
<isSurrogateKey>false</isSurrogateKey>
<indexColumnUsage>
<colUsage columnID="37F0151D-2650-91D3-B372-DE5265861FC3"/>
</indexColumnUsage>
</ind_PK_UK>
<ind_PK_UK id="370629AD-95AF-0CAF-B651-B4374F62EC1C" name="Petición_Usuario_FK">
<createdBy>zakil</createdBy>
<createdTime>2024-10-22 11:50:50 UTC</createdTime>
<generatorID>59E24CB6-2825-815D-FC99-C7CBAD1999FC</generatorID>
<ownerDesignName>ER_corregido</ownerDesignName>
<indexState>Foreign Key</indexState>
<isSurrogateKey>false</isSurrogateKey>
<indexColumnUsage>
<colUsage columnID="DBCC3C90-1446-CC7E-0FEF-7D3277470007"/>
<colUsage columnID="0026DC28-7AEB-5511-EAB3-83994C53DB5E"/>
</indexColumnUsage>
</ind_PK_UK>
<ind_PK_UK id="D3BD0D6E-3BEF-5EBC-BE70-5102692AC00B" name="Petición_Usuario_FKv2">
<createdBy>zakil</createdBy>
<createdTime>2024-10-22 11:50:50 UTC</createdTime>
<generatorID>DFD1118F-0271-AACE-AF00-5A3ABDCB1993</generatorID>
<ownerDesignName>ER_corregido</ownerDesignName>
<indexState>Foreign Key</indexState>
<isSurrogateKey>false</isSurrogateKey>
<indexColumnUsage>
<colUsage columnID="6CF6562A-98E1-0CA1-174F-B5EF49AE154A"/>
<colUsage columnID="C2AECBD8-C6D8-C715-D6D8-16CF1CD3C85F"/>
</indexColumnUsage>
</ind_PK_UK>
<ind_PK_UK id="41C160B5-20E2-C3E9-09C7-BEA328EF15B6" name="Petición_Técnico_FK">
<createdBy>zakil</createdBy>
<createdTime>2024-10-22 11:50:50 UTC</createdTime>
<generatorID>489A9D05-4143-2953-4F90-F5C7C2B40817</generatorID>
<ownerDesignName>ER_corregido</ownerDesignName>
<indexState>Foreign Key</indexState>
<isSurrogateKey>false</isSurrogateKey>
</ind_PK_UK>
<ind_PK_UK id="65D2DC1C-39A9-0AB7-5510-D54C620AFC70" name="Petición_Usuario_FKv3">
<createdBy>zakil</createdBy>
<createdTime>2024-10-29 20:11:30 UTC</createdTime>
<generatorID>42D8613D-A898-C018-E0A1-30FD3089B88E</generatorID>
<ownerDesignName>ER_corregido</ownerDesignName>
<indexState>Foreign Key</indexState>
<isSurrogateKey>false</isSurrogateKey>
<indexColumnUsage>
<colUsage columnID="73F05378-58DA-B8C1-CCC3-624FD012E19D"/>
</indexColumnUsage>
</ind_PK_UK>
</indexes>
</Table>