<?xml version = '1.0' encoding = 'UTF-8'?>
<Table class="oracle.dbtools.crest.model.design.relational.Table" directorySegmentName="seg_0" id="C1B1C7AB-844E-97E1-ECBA-F82611A08489" name="Usuario">
<createdBy>zakil</createdBy>
<createdTime>2024-10-22 11:50:50 UTC</createdTime>
<generatorID>192F002C-E63B-5386-F8DC-A27DC101FE57</generatorID>
<ownerDesignName>ER_corregido</ownerDesignName>
<allowColumnReorder>false</allowColumnReorder>
<existDependencyGenerateInDDl>true</existDependencyGenerateInDDl>
<parsed>true</parsed>
<columns itemClass="oracle.dbtools.crest.model.design.relational.Column">
<Column name="id_usuario" id="B91FE4E1-7E7D-7E9E-0BE6-CBBDE4236A74">
<createdBy>zakil</createdBy>
<createdTime>2024-10-22 11:50:50 UTC</createdTime>
<generatorID>6A4324D5-D020-E838-C21D-DFEF39497A38</generatorID>
<ownerDesignName>ER_corregido</ownerDesignName>
<useDomainConstraints>false</useDomainConstraints>
<use>1</use>
<logicalDatatype>LOGDT011</logicalDatatype>
<ownDataTypeParameters>,,</ownDataTypeParameters>
<autoIncrementCycle>false</autoIncrementCycle>
</Column>
<Column name="Empresa_cliente_id_empresa" id="5A0EF2AF-9251-FC40-4C99-73C48837DA1A">
<createdBy>zakil</createdBy>
<createdTime>2024-10-22 11:50:50 UTC</createdTime>
<commentInRDBMS><![CDATA[Identificador de la empresa a la que pertenece el usuario. ]]></commentInRDBMS>
<generatorID>5B334E8C-EC62-14FA-7D06-AC79DF262FA4</generatorID>
<ownerDesignName>ER_corregido</ownerDesignName>
<useDomainConstraints>false</useDomainConstraints>
<use>1</use>
<logicalDatatype>LOGDT011</logicalDatatype>
<ownDataTypeParameters>,,</ownDataTypeParameters>
<previousColumn>false</previousColumn>
<autoIncrementCycle>false</autoIncrementCycle>
<associations>
<colAssociation fkAssociation="890A4071-274E-38B1-1659-F14529819564" referredColumn="CDB2ED23-5DA3-481C-250E-A01DBEEED2B9"/>
</associations>
</Column>
<Column name="nombre" id="613C8A26-0EEE-9BBE-7AA6-76D9E6C59966">
<createdBy>zakil</createdBy>
<createdTime>2024-10-22 11:50:50 UTC</createdTime>
<generatorID>9371B7D8-6A6B-BF9A-2064-C467B1B50A7A</generatorID>
<ownerDesignName>ER_corregido</ownerDesignName>
<nullsAllowed>true</nullsAllowed>
<useDomainConstraints>false</useDomainConstraints>
<use>1</use>
<logicalDatatype>A3A3C77D-0366-9768-FF89-1C25E56881C8</logicalDatatype>
<ownDataTypeParameters>,,</ownDataTypeParameters>
<autoIncrementCycle>false</autoIncrementCycle>
</Column>
<Column name="email" id="459CB8A6-CA1C-3334-7F1D-1A50C5093163">
<createdBy>zakil</createdBy>
<createdTime>2024-10-22 11:50:50 UTC</createdTime>
<generatorID>98B1039D-1487-8D73-5D7C-EA46F0EBFF14</generatorID>
<ownerDesignName>ER_corregido</ownerDesignName>
<nullsAllowed>true</nullsAllowed>
<useDomainConstraints>false</useDomainConstraints>
<use>1</use>
<logicalDatatype>A3A3C77D-0366-9768-FF89-1C25E56881C8</logicalDatatype>
<dataTypeSize>256 CHAR</dataTypeSize>
<ownDataTypeParameters>256 CHAR,,</ownDataTypeParameters>
<autoIncrementCycle>false</autoIncrementCycle>
</Column>
<Column name="telefono" id="2ED1B70A-6E89-43C2-95EE-AB800F6DC0F2">
<createdBy>zakil</createdBy>
<createdTime>2024-10-22 11:50:50 UTC</createdTime>
<generatorID>EB8AC865-C2BA-69FA-08A6-EBADB89CD7A5</generatorID>
<ownerDesignName>ER_corregido</ownerDesignName>
<nullsAllowed>true</nullsAllowed>
<useDomainConstraints>false</useDomainConstraints>
<use>1</use>
<logicalDatatype>LOGDT037</logicalDatatype>
<dataTypeSize>9 CHAR</dataTypeSize>
<ownDataTypeParameters>9 CHAR,,</ownDataTypeParameters>
<autoIncrementCycle>false</autoIncrementCycle>
</Column>
<Column name="departamento" id="46CB22D0-FE1F-11A9-11EE-E3F1387BF351">
<createdBy>zakil</createdBy>
<createdTime>2024-10-22 11:50:50 UTC</createdTime>
<commentInRDBMS><![CDATA[Departamento para el que trabaja el usuario]]></commentInRDBMS>
<generatorID>20C523A7-72AA-1F8A-E0FA-9B0CACB4343E</generatorID>
<ownerDesignName>ER_corregido</ownerDesignName>
<nullsAllowed>true</nullsAllowed>
<useDomainConstraints>false</useDomainConstraints>
<use>1</use>
<logicalDatatype>A3A3C77D-0366-9768-FF89-1C25E56881C8</logicalDatatype>
<dataTypeSize>100 CHAR</dataTypeSize>
<ownDataTypeParameters>100 CHAR,,</ownDataTypeParameters>
<autoIncrementCycle>false</autoIncrementCycle>
</Column>
</columns>
<indexes itemClass="oracle.dbtools.crest.model.design.relational.Index">
<ind_PK_UK id="927BA3A4-C744-DCF6-919C-02EC3EBC452A" name="Usuario_PK">
<createdBy>zakil</createdBy>
<createdTime>2024-10-22 11:50:50 UTC</createdTime>
<generatorID>5E82F830-6DC6-B47F-EF99-37772976A68C</generatorID>
<ownerDesignName>ER_corregido</ownerDesignName>
<pk>true</pk>
<indexState>Primary Constraint</indexState>
<isSurrogateKey>false</isSurrogateKey>
<indexColumnUsage>
<colUsage columnID="B91FE4E1-7E7D-7E9E-0BE6-CBBDE4236A74"/>
</indexColumnUsage>
</ind_PK_UK>
<ind_PK_UK id="10859240-3BF0-7893-AC86-DB83B8A3DB5C" name="Usuario_Empresa_cliente_FK">
<createdBy>zakil</createdBy>
<createdTime>2024-10-22 11:50:50 UTC</createdTime>
<generatorID>3D97763F-5808-2FCD-67BF-576DE0EE34DC</generatorID>
<ownerDesignName>ER_corregido</ownerDesignName>
<indexState>Foreign Key</indexState>
<isSurrogateKey>false</isSurrogateKey>
<indexColumnUsage>
<colUsage columnID="5A0EF2AF-9251-FC40-4C99-73C48837DA1A"/>
</indexColumnUsage>
</ind_PK_UK>
</indexes>
</Table>