<?xml version = '1.0' encoding = 'UTF-8'?>
<Table class="oracle.dbtools.crest.model.design.relational.Table" directorySegmentName="seg_0" id="C25B36C9-2854-1106-6C2C-FCB9B2F27817" name="Categoria">
<createdBy>zakil</createdBy>
<createdTime>2024-10-22 11:50:50 UTC</createdTime>
<generatorID>DF85F139-7B83-EA60-66D8-BF3D3A9538DF</generatorID>
<ownerDesignName>ER_corregido</ownerDesignName>
<allowColumnReorder>false</allowColumnReorder>
<existDependencyGenerateInDDl>true</existDependencyGenerateInDDl>
<parsed>true</parsed>
<columns itemClass="oracle.dbtools.crest.model.design.relational.Column">
<Column name="categoria" id="7A5E0E76-93CF-CF77-6A43-DDE9B4521BD0">
<createdBy>zakil</createdBy>
<createdTime>2024-10-22 11:50:50 UTC</createdTime>
<commentInRDBMS><![CDATA[Categoría del empleado. ]]></commentInRDBMS>
<generatorID>7C003011-69AC-29E5-AE6C-4CF1A98EC175</generatorID>
<ownerDesignName>ER_corregido</ownerDesignName>
<useDomainConstraints>false</useDomainConstraints>
<use>1</use>
<logicalDatatype>A3A3C77D-0366-9768-FF89-1C25E56881C8</logicalDatatype>
<ownDataTypeParameters>,,</ownDataTypeParameters>
<autoIncrementCycle>false</autoIncrementCycle>
</Column>
<Column name="coste_hora" id="8A0B0A39-BCC3-CE09-2087-99E1B62B4AC9">
<createdBy>zakil</createdBy>
<createdTime>2024-10-22 11:50:50 UTC</createdTime>
<commentInRDBMS><![CDATA[Coste de hora ]]></commentInRDBMS>
<generatorID>BB564D30-94A8-8082-AC93-3AFF23F441F7</generatorID>
<ownerDesignName>ER_corregido</ownerDesignName>
<nullsAllowed>true</nullsAllowed>
<useDomainConstraints>false</useDomainConstraints>
<use>1</use>
<logicalDatatype>LOGDT021</logicalDatatype>
<ownDataTypeParameters>,,</ownDataTypeParameters>
<autoIncrementCycle>false</autoIncrementCycle>
</Column>
</columns>
<indexes itemClass="oracle.dbtools.crest.model.design.relational.Index">
<ind_PK_UK id="D2744229-F022-BF73-2B3E-71FF520F2A3A" name="Categoria_PK">
<createdBy>zakil</createdBy>
<createdTime>2024-10-29 20:11:30 UTC</createdTime>
<generatorID>2CC263E3-B176-C0A5-0117-44C5340703A8</generatorID>
<ownerDesignName>ER_corregido</ownerDesignName>
<pk>true</pk>
<indexState>Primary Constraint</indexState>
<isSurrogateKey>false</isSurrogateKey>
<indexColumnUsage>
<colUsage columnID="7A5E0E76-93CF-CF77-6A43-DDE9B4521BD0"/>
</indexColumnUsage>
</ind_PK_UK>
<ind_PK_UK id="B20A7D6A-EF1C-09F3-FD37-44730AC95763" name="Categoria_categoria_UN">
<createdBy>zakil</createdBy>
<createdTime>2024-10-22 11:50:50 UTC</createdTime>
<generatorID>6E47F925-5238-5E47-DC77-D7E242DFA89F</generatorID>
<ownerDesignName>ER_corregido</ownerDesignName>
<indexState>Unique Constraint</indexState>
<isSurrogateKey>false</isSurrogateKey>
<indexColumnUsage>
<colUsage columnID="7A5E0E76-93CF-CF77-6A43-DDE9B4521BD0"/>
</indexColumnUsage>
</ind_PK_UK>
</indexes>
</Table>