<?xml version = '1.0' encoding = 'UTF-8'?>
<Table class="oracle.dbtools.crest.model.design.relational.Table" directorySegmentName="seg_0" id="D5A17EF5-0016-87F7-72E8-6401E3973642" name="Aplicación">
<createdBy>zakil</createdBy>
<createdTime>2024-10-22 11:50:50 UTC</createdTime>
<generatorID>2D994F20-2C3D-9549-4C66-9F660870C3C2</generatorID>
<ownerDesignName>ER_corregido</ownerDesignName>
<allowColumnReorder>false</allowColumnReorder>
<existDependencyGenerateInDDl>true</existDependencyGenerateInDDl>
<parsed>true</parsed>
<columns itemClass="oracle.dbtools.crest.model.design.relational.Column">
<Column name="id_aplicacion" id="65350C7B-13B0-B1C0-F11E-41F3E0194966">
<createdBy>zakil</createdBy>
<createdTime>2024-10-22 11:50:50 UTC</createdTime>
<commentInRDBMS><![CDATA[Identificador de la aplicación. ]]></commentInRDBMS>
<generatorID>2731A5C7-1826-2BD5-43B0-F8270CEED153</generatorID>
<ownerDesignName>ER_corregido</ownerDesignName>
<useDomainConstraints>false</useDomainConstraints>
<use>1</use>
<logicalDatatype>LOGDT011</logicalDatatype>
<ownDataTypeParameters>,,</ownDataTypeParameters>
<autoIncrementCycle>false</autoIncrementCycle>
</Column>
<Column name="Proyecto_id_proyecto" id="318DD6B3-039C-7249-BF7E-CAF78FAF8090">
<createdBy>zakil</createdBy>
<createdTime>2024-10-22 11:50:50 UTC</createdTime>
<generatorID>D907220A-8D77-7C04-22A1-F5C860BAD5B9</generatorID>
<ownerDesignName>ER_corregido</ownerDesignName>
<useDomainConstraints>false</useDomainConstraints>
<use>1</use>
<logicalDatatype>LOGDT011</logicalDatatype>
<ownDataTypeParameters>,,</ownDataTypeParameters>
<previousColumn>false</previousColumn>
<autoIncrementCycle>false</autoIncrementCycle>
<associations>
<colAssociation fkAssociation="0FB93B98-AC9F-0B5B-9517-FF729DB6F85E" referredColumn="485250B2-B75A-37EE-E6A1-C430805CC609"/>
</associations>
</Column>
<Column name="Proyecto_Empresa_cliente_id_empresa" id="37A4D014-B261-B501-07E2-42979891E86F">
<createdBy>zakil</createdBy>
<createdTime>2024-10-22 11:50:50 UTC</createdTime>
<commentInRDBMS><![CDATA[Identificador de la empresa a la que pertence la aplicación. ]]></commentInRDBMS>
<generatorID>8E7027C6-9BEA-3359-0F97-3D408808DA44</generatorID>
<ownerDesignName>ER_corregido</ownerDesignName>
<useDomainConstraints>false</useDomainConstraints>
<use>1</use>
<logicalDatatype>LOGDT011</logicalDatatype>
<ownDataTypeParameters>,,</ownDataTypeParameters>
<previousColumn>false</previousColumn>
<autoIncrementCycle>false</autoIncrementCycle>
</Column>
<Column name="Usuario_Empresa_cliente_id_empresa" id="927BE60C-74CD-1411-3CE1-9BEC8A2C3452">
<createdBy>zakil</createdBy>
<createdTime>2024-10-22 11:50:50 UTC</createdTime>
<generatorID>4E956FEF-91DE-DD8E-1146-113C552D6413</generatorID>
<ownerDesignName>ER_corregido</ownerDesignName>
<useDomainConstraints>false</useDomainConstraints>
<use>1</use>
<logicalDatatype>LOGDT011</logicalDatatype>
<ownDataTypeParameters>,,</ownDataTypeParameters>
<previousColumn>false</previousColumn>
<autoIncrementCycle>false</autoIncrementCycle>
</Column>
<Column name="Usuario_id_usuario" id="A8AFC1AC-6D24-85E8-7CF7-DDE42498FD6A">
<createdBy>zakil</createdBy>
<createdTime>2024-10-22 11:50:50 UTC</createdTime>
<commentInRDBMS><![CDATA[Usuario responsable de la aplicación. ]]></commentInRDBMS>
<generatorID>DE0C57AA-5503-E1E6-2FAB-8C898E7A02F4</generatorID>
<ownerDesignName>ER_corregido</ownerDesignName>
<useDomainConstraints>false</useDomainConstraints>
<use>1</use>
<logicalDatatype>LOGDT011</logicalDatatype>
<ownDataTypeParameters>,,</ownDataTypeParameters>
<previousColumn>false</previousColumn>
<autoIncrementCycle>false</autoIncrementCycle>
<associations>
<colAssociation fkAssociation="7B2295C7-E6A5-8A44-CDDE-0120015F638B" referredColumn="B91FE4E1-7E7D-7E9E-0BE6-CBBDE4236A74"/>
</associations>
</Column>
</columns>
<indexes itemClass="oracle.dbtools.crest.model.design.relational.Index">
<ind_PK_UK id="A57A6AE6-0B9D-1E20-C7E3-A3ECC8826BEC" name="Aplicación_PK">
<createdBy>zakil</createdBy>
<createdTime>2024-10-22 11:50:50 UTC</createdTime>
<generatorID>8E62A16B-59A9-9FC7-FE7D-D599B06ACA7F</generatorID>
<ownerDesignName>ER_corregido</ownerDesignName>
<pk>true</pk>
<indexState>Primary Constraint</indexState>
<isSurrogateKey>false</isSurrogateKey>
<indexColumnUsage>
<colUsage columnID="65350C7B-13B0-B1C0-F11E-41F3E0194966"/>
</indexColumnUsage>
</ind_PK_UK>
<ind_PK_UK id="E52587FC-EE50-3B12-F9F0-B19299B59056" name="Aplicación_Proyecto_FK">
<createdBy>zakil</createdBy>
<createdTime>2024-10-22 11:50:50 UTC</createdTime>
<generatorID>F129D8E8-351D-B039-830F-47AC519DC453</generatorID>
<ownerDesignName>ER_corregido</ownerDesignName>
<indexState>Foreign Key</indexState>
<isSurrogateKey>false</isSurrogateKey>
<indexColumnUsage>
<colUsage columnID="318DD6B3-039C-7249-BF7E-CAF78FAF8090"/>
</indexColumnUsage>
</ind_PK_UK>
<ind_PK_UK id="BA938A04-9F42-46EB-F607-55CD17891FDD" name="Aplicación_Usuario_FK">
<createdBy>zakil</createdBy>
<createdTime>2024-10-22 11:50:50 UTC</createdTime>
<generatorID>06FE5C14-B3FF-BDF4-6BDB-35314124C468</generatorID>
<ownerDesignName>ER_corregido</ownerDesignName>
<indexState>Foreign Key</indexState>
<isSurrogateKey>false</isSurrogateKey>
<indexColumnUsage>
<colUsage columnID="A8AFC1AC-6D24-85E8-7CF7-DDE42498FD6A"/>
</indexColumnUsage>
</ind_PK_UK>
</indexes>
</Table>