<?xml version = '1.0' encoding = 'UTF-8'?>
<relationalModel class="oracle.dbtools.crest.model.design.relational.RelationalDesign" name="Relational_1" id="A1D67CE5-04DA-F9CE-C69B-218FF8BADEEA" mainViewID="06547193-017E-D81C-F796-7DA67FEBD65B">
<createdBy>Iker Manzano</createdBy>
<createdTime>2024-10-21 08:32:21 UTC</createdTime>
<ownerDesignName>DiagramaER</ownerDesignName>
<shouldBeOpen>true</shouldBeOpen>
<selectedRDBMSSite>32076570-2523-435C-2E92-BF29817DFF70</selectedRDBMSSite>
</relationalModel>