<?xml version = '1.0' encoding = 'UTF-8'?>
<InheritanceRelation class="oracle.dbtools.crest.model.design.logical.InheritanceRelation" name="Hierarchy_1" directorySegmentName="seg_0" id="1F253391-1A78-FC6C-6E2F-18D9007E0C68">
<createdBy>Iker Manzano</createdBy>
<createdTime>2024-10-21 09:32:10 UTC</createdTime>
<ownerDesignName>DiagramaER</ownerDesignName>
<engineerTo>
<item key="A1D67CE5-04DA-F9CE-C69B-218FF8BADEEA" value="true"/>
</engineerTo>
<identifying>false</identifying>
<nameOnSource>Super Type</nameOnSource>
<nameOnTarget>Sub Type</nameOnTarget>
<optionalSource>true</optionalSource>
<optionalTarget>true</optionalTarget>
<sourceEntity>01B98D93-31E2-0325-8158-E8D90CDBA87E</sourceEntity>
<targetEntity>EF8BCFB9-13BE-BE1B-5E18-09DBD4D78C3C</targetEntity>
<transferable>true</transferable>
<deleteRule>NO ACTION</deleteRule>
</InheritanceRelation>