<?xml version = '1.0' encoding = 'UTF-8'?>
<InheritanceRelation class="oracle.dbtools.crest.model.design.logical.InheritanceRelation" name="Hierarchy_4" directorySegmentName="seg_0" id="A23D4D2C-ACDD-0A5A-2B9E-371DBE5BBF31">
<createdBy>zakil</createdBy>
<createdTime>2024-11-05 12:45:27 UTC</createdTime>
<ownerDesignName>diagramaER</ownerDesignName>
<engineerTo>
<item key="A1D67CE5-04DA-F9CE-C69B-218FF8BADEEA" value="true"/>
</engineerTo>
<identifying>false</identifying>
<nameOnSource>Super Type</nameOnSource>
<nameOnTarget>Sub Type</nameOnTarget>
<optionalSource>true</optionalSource>
<optionalTarget>true</optionalTarget>
<sourceEntity>A566765B-F689-D2AA-6359-1D6C2E6F7CA2</sourceEntity>
<targetEntity>4062BD35-F18F-811F-650F-834FCB477DBC</targetEntity>
<transferable>true</transferable>
<deleteRule>NO ACTION</deleteRule>
</InheritanceRelation>