<?xml version = '1.0' encoding = 'UTF-8'?>
<InheritanceRelation class="oracle.dbtools.crest.model.design.logical.InheritanceRelation" name="Hierarchy_3" directorySegmentName="seg_0" id="B0B6BE9B-9437-01CD-3094-9284AC2037FA">
<createdBy>zakil</createdBy>
<createdTime>2024-11-05 12:44:53 UTC</createdTime>
<ownerDesignName>diagramaER</ownerDesignName>
<engineerTo>
<item key="A1D67CE5-04DA-F9CE-C69B-218FF8BADEEA" value="true"/>
</engineerTo>
<identifying>false</identifying>
<nameOnSource>Super Type</nameOnSource>
<nameOnTarget>Sub Type</nameOnTarget>
<optionalSource>true</optionalSource>
<optionalTarget>true</optionalTarget>
<sourceEntity>A566765B-F689-D2AA-6359-1D6C2E6F7CA2</sourceEntity>
<targetEntity>7224B835-A0D2-0D44-300A-29ABC19DAC2B</targetEntity>
<transferable>true</transferable>
<deleteRule>NO ACTION</deleteRule>
</InheritanceRelation>