<?xml version = '1.0' encoding = 'UTF-8'?>
<InheritanceRelation class="oracle.dbtools.crest.model.design.logical.InheritanceRelation" name="Hierarchy_5" directorySegmentName="seg_0" id="CDFAD975-28DD-B20B-88EA-1D1F1AD67A66">
<createdBy>zakil</createdBy>
<createdTime>2024-11-05 12:45:59 UTC</createdTime>
<ownerDesignName>diagramaER</ownerDesignName>
<engineerTo>
<item key="A1D67CE5-04DA-F9CE-C69B-218FF8BADEEA" value="true"/>
</engineerTo>
<identifying>false</identifying>
<nameOnSource>Super Type</nameOnSource>
<nameOnTarget>Sub Type</nameOnTarget>
<optionalSource>true</optionalSource>
<optionalTarget>true</optionalTarget>
<sourceEntity>A566765B-F689-D2AA-6359-1D6C2E6F7CA2</sourceEntity>
<targetEntity>114E2181-39D8-2A98-60F8-9364F241353E</targetEntity>
<transferable>true</transferable>
<deleteRule>NO ACTION</deleteRule>
</InheritanceRelation>