<?xml version = '1.0' encoding = 'UTF-8'?>
<Relation class="oracle.dbtools.crest.model.design.logical.Relation" name="Jefe de" directorySegmentName="seg_0" id="0FA16B23-989D-C52C-9ACF-386F9831E6E7">
<createdBy>Iker Manzano</createdBy>
<createdTime>2024-10-21 09:39:17 UTC</createdTime>
<ownerDesignName>DiagramaER</ownerDesignName>
<engineerTo>
<item key="A1D67CE5-04DA-F9CE-C69B-218FF8BADEEA" value="true"/>
</engineerTo>
<useSurrogateKey>true</useSurrogateKey>
<sourcePk>AC057FA5-F88A-2347-5D66-E00CAD295714</sourcePk>
<targetPk>91CE8D24-3DE8-13D2-C30C-A9DC292AF298</targetPk>
<dominantRole>01B98D93-31E2-0325-8158-E8D90CDBA87E</dominantRole>
<identifying>false</identifying>
<optionalSource>false</optionalSource>
<optionalTarget>false</optionalTarget>
<sourceCardinality>1</sourceCardinality>
<sourceEntity>01B98D93-31E2-0325-8158-E8D90CDBA87E</sourceEntity>
<targetCardinalityString>1</targetCardinalityString>
<targetEntity>FE7892B8-E1D0-16F5-975C-DF26846C0F7D</targetEntity>
<transferable>true</transferable>
<deleteRule>NO ACTION</deleteRule>
</Relation>