<?xml version = '1.0' encoding = 'UTF-8'?>
<Relation class="oracle.dbtools.crest.model.design.logical.Relation" name="Contienev1" directorySegmentName="seg_0" id="1A591AD2-416A-A9BB-4A2D-1B7C557A8515">
<createdBy>Iker Manzano</createdBy>
<createdTime>2024-10-21 09:01:59 UTC</createdTime>
<ownerDesignName>DiagramaER</ownerDesignName>
<engineerTo>
<item key="A1D67CE5-04DA-F9CE-C69B-218FF8BADEEA" value="true"/>
</engineerTo>
<sourcePk>8E62A16B-59A9-9FC7-FE7D-D599B06ACA7F</sourcePk>
<targetPk>11C7433F-C60F-0054-F077-03A5BFCD9628</targetPk>
<identifying>false</identifying>
<optionalSource>false</optionalSource>
<optionalTarget>false</optionalTarget>
<sourceCardinality>1</sourceCardinality>
<sourceEntity>2D994F20-2C3D-9549-4C66-9F660870C3C2</sourceEntity>
<targetCardinalityString>*</targetCardinalityString>
<targetEntity>D0AF64D0-30EF-5AD3-0CA2-F819EACF04BF</targetEntity>
<transferable>true</transferable>
<deleteRule>NO ACTION</deleteRule>
</Relation>