<?xml version = '1.0' encoding = 'UTF-8'?>
<Relation class="oracle.dbtools.crest.model.design.logical.Relation" name="Trabaja en" directorySegmentName="seg_0" id="3D97763F-5808-2FCD-67BF-576DE0EE34DC">
<createdBy>Iker Manzano</createdBy>
<createdTime>2024-10-21 09:22:49 UTC</createdTime>
<ownerDesignName>DiagramaER</ownerDesignName>
<engineerTo>
<item key="A1D67CE5-04DA-F9CE-C69B-218FF8BADEEA" value="true"/>
</engineerTo>
<sourcePk>0049ADCE-F9CB-A32A-80CB-020FA44B8F91</sourcePk>
<identifying>false</identifying>
<optionalSource>false</optionalSource>
<optionalTarget>false</optionalTarget>
<sourceCardinality>1</sourceCardinality>
<sourceEntity>0E0A3873-136A-298E-4900-D69CFC480F07</sourceEntity>
<targetCardinalityString>*</targetCardinalityString>
<targetEntity>192F002C-E63B-5386-F8DC-A27DC101FE57</targetEntity>
<transferable>true</transferable>
<deleteRule>NO ACTION</deleteRule>
</Relation>