<?xml version = '1.0' encoding = 'UTF-8'?>
<Relation class="oracle.dbtools.crest.model.design.logical.Relation" name="Realiza" directorySegmentName="seg_0" id="4896A302-5A3B-8708-ED42-F1CBBB6BDFD5">
<createdBy>Iker Manzano</createdBy>
<createdTime>2024-10-21 09:15:40 UTC</createdTime>
<ownerDesignName>DiagramaER</ownerDesignName>
<engineerTo>
<item key="A1D67CE5-04DA-F9CE-C69B-218FF8BADEEA" value="true"/>
</engineerTo>
<identifying>false</identifying>
<optionalSource>false</optionalSource>
<optionalTarget>false</optionalTarget>
<sourceCardinality>*</sourceCardinality>
<sourceEntity>43D652C4-EB1D-5B9B-7585-750465EB6812</sourceEntity>
<targetCardinalityString>*</targetCardinalityString>
<targetEntity>0555620A-B3D2-4634-1850-27AC15A510F3</targetEntity>
<transferable>true</transferable>
<deleteRule>NO ACTION</deleteRule>
</Relation>