<?xml version = '1.0' encoding = 'UTF-8'?>
<Relation class="oracle.dbtools.crest.model.design.logical.Relation" name="Responsable dev3" directorySegmentName="seg_0" id="489A9D05-4143-2953-4F90-F5C7C2B40817">
<createdBy>Iker Manzano</createdBy>
<createdTime>2024-10-21 09:07:54 UTC</createdTime>
<ownerDesignName>DiagramaER</ownerDesignName>
<engineerTo>
<item key="A1D67CE5-04DA-F9CE-C69B-218FF8BADEEA" value="true"/>
</engineerTo>
<sourcePk>6088EDF0-7901-F41B-B4B3-11CC7E5358ED</sourcePk>
<targetPk>11C7433F-C60F-0054-F077-03A5BFCD9628</targetPk>
<identifying>false</identifying>
<optionalSource>false</optionalSource>
<optionalTarget>false</optionalTarget>
<sourceCardinality>1</sourceCardinality>
<sourceEntity>43D652C4-EB1D-5B9B-7585-750465EB6812</sourceEntity>
<targetCardinalityString>*</targetCardinalityString>
<targetEntity>D0AF64D0-30EF-5AD3-0CA2-F819EACF04BF</targetEntity>
<transferable>true</transferable>
<deleteRule>NO ACTION</deleteRule>
</Relation>