<?xml version = '1.0' encoding = 'UTF-8'?>
<Relation class="oracle.dbtools.crest.model.design.logical.Relation" name="Realizav1" directorySegmentName="seg_0" id="59E24CB6-2825-815D-FC99-C7CBAD1999FC">
<createdBy>Iker Manzano</createdBy>
<createdTime>2024-10-21 09:18:07 UTC</createdTime>
<ownerDesignName>DiagramaER</ownerDesignName>
<engineerTo>
<item key="A1D67CE5-04DA-F9CE-C69B-218FF8BADEEA" value="true"/>
</engineerTo>
<sourcePk>5E82F830-6DC6-B47F-EF99-37772976A68C</sourcePk>
<identifying>false</identifying>
<optionalSource>false</optionalSource>
<optionalTarget>false</optionalTarget>
<sourceCardinality>1</sourceCardinality>
<sourceEntity>192F002C-E63B-5386-F8DC-A27DC101FE57</sourceEntity>
<targetCardinalityString>*</targetCardinalityString>
<targetEntity>D0AF64D0-30EF-5AD3-0CA2-F819EACF04BF</targetEntity>
<transferable>true</transferable>
<deleteRule>NO ACTION</deleteRule>
</Relation>