<?xml version = '1.0' encoding = 'UTF-8'?>
<Relation class="oracle.dbtools.crest.model.design.logical.Relation" name="Contienev2" directorySegmentName="seg_0" id="6D05A7C2-8D78-2FE9-AAFC-B7586684EEDC">
<createdBy>Iker Manzano</createdBy>
<createdTime>2024-10-21 09:39:01 UTC</createdTime>
<ownerDesignName>DiagramaER</ownerDesignName>
<engineerTo>
<item key="A1D67CE5-04DA-F9CE-C69B-218FF8BADEEA" value="true"/>
</engineerTo>
<sourcePk>91CE8D24-3DE8-13D2-C30C-A9DC292AF298</sourcePk>
<identifying>false</identifying>
<optionalSource>false</optionalSource>
<optionalTarget>false</optionalTarget>
<sourceCardinality>1</sourceCardinality>
<sourceEntity>FE7892B8-E1D0-16F5-975C-DF26846C0F7D</sourceEntity>
<targetCardinalityString>*</targetCardinalityString>
<targetEntity>01B98D93-31E2-0325-8158-E8D90CDBA87E</targetEntity>
<transferable>true</transferable>
<deleteRule>NO ACTION</deleteRule>
</Relation>