<?xml version = '1.0' encoding = 'UTF-8'?>
<Relation class="oracle.dbtools.crest.model.design.logical.Relation" name="Responsable dev1" directorySegmentName="seg_0" id="835CDE9F-9EC1-6D49-23A1-740FCCC6977A">
<createdBy>Iker Manzano</createdBy>
<createdTime>2024-10-21 09:06:51 UTC</createdTime>
<ownerDesignName>DiagramaER</ownerDesignName>
<engineerTo>
<item key="A1D67CE5-04DA-F9CE-C69B-218FF8BADEEA" value="true"/>
</engineerTo>
<sourcePk>6088EDF0-7901-F41B-B4B3-11CC7E5358ED</sourcePk>
<identifying>false</identifying>
<optionalSource>false</optionalSource>
<optionalTarget>false</optionalTarget>
<sourceCardinality>1</sourceCardinality>
<sourceEntity>43D652C4-EB1D-5B9B-7585-750465EB6812</sourceEntity>
<targetCardinalityString>*</targetCardinalityString>
<targetEntity>FD55EBA4-4334-E7A3-11E3-5FB21DDFD3A2</targetEntity>
<transferable>true</transferable>
<deleteRule>NO ACTION</deleteRule>
</Relation>