<?xml version = '1.0' encoding = 'UTF-8'?>
<Relation class="oracle.dbtools.crest.model.design.logical.Relation" name="Formada Por" directorySegmentName="seg_0" id="9006DFCE-455A-13CF-3BC0-AB1314D172B1">
<createdBy>Iker Manzano</createdBy>
<createdTime>2024-10-21 08:54:54 UTC</createdTime>
<ownerDesignName>DiagramaER</ownerDesignName>
<engineerTo>
<item key="A1D67CE5-04DA-F9CE-C69B-218FF8BADEEA" value="true"/>
</engineerTo>
<identifying>false</identifying>
<optionalSource>false</optionalSource>
<optionalTarget>false</optionalTarget>
<sourceCardinality>*</sourceCardinality>
<sourceEntity>2D994F20-2C3D-9549-4C66-9F660870C3C2</sourceEntity>
<targetCardinalityString>*</targetCardinalityString>
<targetEntity>A566765B-F689-D2AA-6359-1D6C2E6F7CA2</targetEntity>
<transferable>true</transferable>
<deleteRule>NO ACTION</deleteRule>
</Relation>