<?xml version = '1.0' encoding = 'UTF-8'?>
<Relation class="oracle.dbtools.crest.model.design.logical.Relation" name="Poseev1" directorySegmentName="seg_0" id="C71697F3-7164-5A20-402F-1FAF18AA0594">
<createdBy>Iker Manzano</createdBy>
<createdTime>2024-10-21 09:14:41 UTC</createdTime>
<ownerDesignName>DiagramaER</ownerDesignName>
<engineerTo>
<item key="A1D67CE5-04DA-F9CE-C69B-218FF8BADEEA" value="true"/>
</engineerTo>
<sourcePk>11C7433F-C60F-0054-F077-03A5BFCD9628</sourcePk>
<identifying>false</identifying>
<optionalSource>false</optionalSource>
<optionalTarget>false</optionalTarget>
<sourceCardinality>1</sourceCardinality>
<sourceEntity>D0AF64D0-30EF-5AD3-0CA2-F819EACF04BF</sourceEntity>
<targetCardinalityString>*</targetCardinalityString>
<targetEntity>0555620A-B3D2-4634-1850-27AC15A510F3</targetEntity>
<transferable>true</transferable>
<deleteRule>NO ACTION</deleteRule>
</Relation>