<?xml version = '1.0' encoding = 'UTF-8'?>
<Relation class="oracle.dbtools.crest.model.design.logical.Relation" name="Posee" directorySegmentName="seg_0" id="D5AA5519-2D01-7113-1104-6CE5744DB304">
<createdBy>Iker Manzano</createdBy>
<createdTime>2024-10-21 09:03:12 UTC</createdTime>
<ownerDesignName>DiagramaER</ownerDesignName>
<engineerTo>
<item key="A1D67CE5-04DA-F9CE-C69B-218FF8BADEEA" value="true"/>
</engineerTo>
<sourcePk>0049ADCE-F9CB-A32A-80CB-020FA44B8F91</sourcePk>
<targetPk>4330A78B-19B9-E5D4-4D44-E0596044B47C</targetPk>
<identifying>true</identifying>
<optionalSource>false</optionalSource>
<optionalTarget>false</optionalTarget>
<sourceCardinality>1</sourceCardinality>
<sourceEntity>0E0A3873-136A-298E-4900-D69CFC480F07</sourceEntity>
<targetCardinalityString>*</targetCardinalityString>
<targetEntity>FD55EBA4-4334-E7A3-11E3-5FB21DDFD3A2</targetEntity>
<transferable>true</transferable>
<deleteRule>NO ACTION</deleteRule>
</Relation>