<?xml version = '1.0' encoding = 'UTF-8'?>
<Relation class="oracle.dbtools.crest.model.design.logical.Relation" name="Depende de" directorySegmentName="seg_0" id="F203840F-47E4-CE30-55A5-3D364FD27653">
<createdBy>Iker Manzano</createdBy>
<createdTime>2024-10-21 08:58:51 UTC</createdTime>
<ownerDesignName>DiagramaER</ownerDesignName>
<engineerTo>
<item key="A1D67CE5-04DA-F9CE-C69B-218FF8BADEEA" value="true"/>
</engineerTo>
<identifying>false</identifying>
<optionalSource>false</optionalSource>
<optionalTarget>false</optionalTarget>
<sourceCardinality>*</sourceCardinality>
<sourceEntity>A566765B-F689-D2AA-6359-1D6C2E6F7CA2</sourceEntity>
<targetCardinalityString>*</targetCardinalityString>
<targetEntity>A566765B-F689-D2AA-6359-1D6C2E6F7CA2</targetEntity>
<transferable>true</transferable>
<deleteRule>NO ACTION</deleteRule>
</Relation>