<?xml version = '1.0' encoding = 'UTF-8'?>
<Relation class="oracle.dbtools.crest.model.design.logical.Relation" name="Responsable de " directorySegmentName="seg_0" id="2D33707B-461C-4BE2-456C-CCB62A44B6BA">
<createdBy>zakil</createdBy>
<createdTime>2024-10-29 20:24:33 UTC</createdTime>
<ownerDesignName>ER_corregido</ownerDesignName>
<engineerTo>
<item key="A1D67CE5-04DA-F9CE-C69B-218FF8BADEEA" value="true"/>
</engineerTo>
<sourcePk>5E82F830-6DC6-B47F-EF99-37772976A68C</sourcePk>
<identifying>false</identifying>
<optionalSource>false</optionalSource>
<optionalTarget>false</optionalTarget>
<sourceCardinality>1</sourceCardinality>
<sourceEntity>192F002C-E63B-5386-F8DC-A27DC101FE57</sourceEntity>
<targetCardinalityString>*</targetCardinalityString>
<targetEntity>2D994F20-2C3D-9549-4C66-9F660870C3C2</targetEntity>
<transferable>true</transferable>
<deleteRule>NO ACTION</deleteRule>
</Relation>