<?xml version = '1.0' encoding = 'UTF-8'?>
<Relation class="oracle.dbtools.crest.model.design.logical.Relation" name="Posee" directorySegmentName="seg_0" id="33999466-7F83-6FBC-BED1-17BFE76C8969">
<createdBy>zakil</createdBy>
<createdTime>2024-10-22 11:52:55 UTC</createdTime>
<ownerDesignName>ER_corregido</ownerDesignName>
<engineerTo>
<item key="A1D67CE5-04DA-F9CE-C69B-218FF8BADEEA" value="true"/>
</engineerTo>
<sourcePk>0049ADCE-F9CB-A32A-80CB-020FA44B8F91</sourcePk>
<identifying>false</identifying>
<optionalSource>false</optionalSource>
<optionalTarget>false</optionalTarget>
<sourceCardinality>1</sourceCardinality>
<sourceEntity>0E0A3873-136A-298E-4900-D69CFC480F07</sourceEntity>
<targetCardinalityString>*</targetCardinalityString>
<targetEntity>FD55EBA4-4334-E7A3-11E3-5FB21DDFD3A2</targetEntity>
<transferable>true</transferable>
<deleteRule>NO ACTION</deleteRule>
</Relation>