<?xml version = '1.0' encoding = 'UTF-8'?>
<Relation class="oracle.dbtools.crest.model.design.logical.Relation" name="Es categoría" directorySegmentName="seg_0" id="3BBBA60B-59CE-92E3-A91A-2BAC575F51C1">
<createdBy>zakil</createdBy>
<createdTime>2024-10-22 11:07:27 UTC</createdTime>
<ownerDesignName>ER_corregido</ownerDesignName>
<engineerTo>
<item key="A1D67CE5-04DA-F9CE-C69B-218FF8BADEEA" value="true"/>
</engineerTo>
<sourcePk>F1761E54-F6E9-9412-D517-FC24900B5326</sourcePk>
<targetPk>2CC263E3-B176-C0A5-0117-44C5340703A8</targetPk>
<identifying>false</identifying>
<optionalSource>false</optionalSource>
<optionalTarget>false</optionalTarget>
<sourceCardinality>*</sourceCardinality>
<sourceEntity>43D652C4-EB1D-5B9B-7585-750465EB6812</sourceEntity>
<targetCardinalityString>1</targetCardinalityString>
<targetEntity>DF85F139-7B83-EA60-66D8-BF3D3A9538DF</targetEntity>
<transferable>true</transferable>
<deleteRule>NO ACTION</deleteRule>
</Relation>