<?xml version = '1.0' encoding = 'UTF-8'?>
<Relation class="oracle.dbtools.crest.model.design.logical.Relation" name="Hace" directorySegmentName="seg_0" id="42D8613D-A898-C018-E0A1-30FD3089B88E">
<createdBy>zakil</createdBy>
<createdTime>2024-10-26 11:10:03 UTC</createdTime>
<ownerDesignName>ER_corregido</ownerDesignName>
<engineerTo>
<item key="A1D67CE5-04DA-F9CE-C69B-218FF8BADEEA" value="true"/>
</engineerTo>
<sourcePk>5E82F830-6DC6-B47F-EF99-37772976A68C</sourcePk>
<identifying>false</identifying>
<optionalSource>false</optionalSource>
<optionalTarget>true</optionalTarget>
<sourceCardinality>1</sourceCardinality>
<sourceEntity>192F002C-E63B-5386-F8DC-A27DC101FE57</sourceEntity>
<targetCardinalityString>*</targetCardinalityString>
<targetEntity>D0AF64D0-30EF-5AD3-0CA2-F819EACF04BF</targetEntity>
<transferable>true</transferable>
<deleteRule>NO ACTION</deleteRule>
</Relation>