<?xml version = '1.0' encoding = 'UTF-8'?>
<Relation class="oracle.dbtools.crest.model.design.logical.Relation" name="Responsable de" directorySegmentName="seg_0" id="513BA975-646A-3B52-D266-40172E26234B">
<createdBy>Iker Manzano</createdBy>
<createdTime>2024-10-21 09:05:16 UTC</createdTime>
<ownerDesignName>ER_corregido</ownerDesignName>
<engineerTo>
<item key="A1D67CE5-04DA-F9CE-C69B-218FF8BADEEA" value="true"/>
</engineerTo>
<sourcePk>AC057FA5-F88A-2347-5D66-E00CAD295714</sourcePk>
<identifying>false</identifying>
<optionalSource>false</optionalSource>
<optionalTarget>true</optionalTarget>
<sourceCardinality>1</sourceCardinality>
<sourceEntity>EF8BCFB9-13BE-BE1B-5E18-09DBD4D78C3C</sourceEntity>
<targetCardinalityString>*</targetCardinalityString>
<targetEntity>0E0A3873-136A-298E-4900-D69CFC480F07</targetEntity>
<transferable>true</transferable>
<deleteRule>NO ACTION</deleteRule>
</Relation>