<?xml version = '1.0' encoding = 'UTF-8'?>
<Relation class="oracle.dbtools.crest.model.design.logical.Relation" name="Refiere a v1" directorySegmentName="seg_0" id="6D0456B9-95E4-7698-65C4-3428BCF02EF0">
<createdBy>zakil</createdBy>
<createdTime>2024-11-05 12:55:57 UTC</createdTime>
<ownerDesignName>ER_corregido</ownerDesignName>
<engineerTo>
<item key="A1D67CE5-04DA-F9CE-C69B-218FF8BADEEA" value="true"/>
</engineerTo>
<sourcePk>0C74823F-775C-ECA6-28C1-63472114B102</sourcePk>
<identifying>false</identifying>
<optionalSource>true</optionalSource>
<optionalTarget>false</optionalTarget>
<sourceCardinality>1</sourceCardinality>
<sourceEntity>114E2181-39D8-2A98-60F8-9364F241353E</sourceEntity>
<targetCardinalityString>*</targetCardinalityString>
<targetEntity>2D994F20-2C3D-9549-4C66-9F660870C3C2</targetEntity>
<transferable>true</transferable>
<deleteRule>NO ACTION</deleteRule>
</Relation>