<?xml version = '1.0' encoding = 'UTF-8'?>
<Relation class="oracle.dbtools.crest.model.design.logical.Relation" name="Usar v2" directorySegmentName="seg_0" id="B412DBA8-7FD5-A3D1-7DEC-305CD3EE724F">
<createdBy>zakil</createdBy>
<createdTime>2024-11-05 12:58:17 UTC</createdTime>
<ownerDesignName>ER_corregido</ownerDesignName>
<engineerTo>
<item key="A1D67CE5-04DA-F9CE-C69B-218FF8BADEEA" value="true"/>
</engineerTo>
<sourcePk>F28BD2D1-944B-5D67-5554-C0BD06E7C331</sourcePk>
<identifying>false</identifying>
<optionalSource>true</optionalSource>
<optionalTarget>false</optionalTarget>
<sourceCardinality>1</sourceCardinality>
<sourceEntity>0555620A-B3D2-4634-1850-27AC15A510F3</sourceEntity>
<targetCardinalityString>*</targetCardinalityString>
<targetEntity>A566765B-F689-D2AA-6359-1D6C2E6F7CA2</targetEntity>
<transferable>true</transferable>
<deleteRule>NO ACTION</deleteRule>
</Relation>