<?xml version = '1.0' encoding = 'UTF-8'?>
<Relation class="oracle.dbtools.crest.model.design.logical.Relation" name="Llama a " directorySegmentName="seg_0" id="B74D5EDD-D0EF-7A62-542F-1D4DC1ECE20D">
<createdBy>zakil</createdBy>
<createdTime>2024-11-05 12:49:27 UTC</createdTime>
<ownerDesignName>ER_corregido</ownerDesignName>
<engineerTo>
<item key="A1D67CE5-04DA-F9CE-C69B-218FF8BADEEA" value="true"/>
</engineerTo>
<identifying>false</identifying>
<optionalSource>false</optionalSource>
<optionalTarget>false</optionalTarget>
<sourceCardinality>*</sourceCardinality>
<sourceEntity>4062BD35-F18F-811F-650F-834FCB477DBC</sourceEntity>
<targetCardinalityString>*</targetCardinalityString>
<targetEntity>4062BD35-F18F-811F-650F-834FCB477DBC</targetEntity>
<transferable>true</transferable>
<deleteRule>NO ACTION</deleteRule>
</Relation>