<?xml version = '1.0' encoding = 'UTF-8'?>
<Relation class="oracle.dbtools.crest.model.design.logical.Relation" name="Tiene" directorySegmentName="seg_0" id="F129D8E8-351D-B039-830F-47AC519DC453">
<createdBy>Iker Manzano</createdBy>
<createdTime>2024-10-21 08:52:48 UTC</createdTime>
<ownerDesignName>ER_corregido</ownerDesignName>
<engineerTo>
<item key="A1D67CE5-04DA-F9CE-C69B-218FF8BADEEA" value="true"/>
</engineerTo>
<sourcePk>4330A78B-19B9-E5D4-4D44-E0596044B47C</sourcePk>
<identifying>false</identifying>
<optionalSource>false</optionalSource>
<optionalTarget>false</optionalTarget>
<sourceCardinality>1</sourceCardinality>
<sourceEntity>FD55EBA4-4334-E7A3-11E3-5FB21DDFD3A2</sourceEntity>
<targetCardinalityString>*</targetCardinalityString>
<targetEntity>2D994F20-2C3D-9549-4C66-9F660870C3C2</targetEntity>
<transferable>true</transferable>
<deleteRule>NO ACTION</deleteRule>
</Relation>