<?xml version = '1.0' encoding = 'UTF-8'?>
<Relation class="oracle.dbtools.crest.model.design.logical.Relation" name="Refiere a v2" directorySegmentName="seg_0" id="F3EFF0D7-F68D-12CB-6BCF-D5BCE2161033">
<createdBy>zakil</createdBy>
<createdTime>2024-11-05 12:55:41 UTC</createdTime>
<ownerDesignName>ER_corregido</ownerDesignName>
<engineerTo>
<item key="A1D67CE5-04DA-F9CE-C69B-218FF8BADEEA" value="true"/>
</engineerTo>
<sourcePk>0C74823F-775C-ECA6-28C1-63472114B102</sourcePk>
<identifying>false</identifying>
<optionalSource>true</optionalSource>
<optionalTarget>false</optionalTarget>
<sourceCardinality>1</sourceCardinality>
<sourceEntity>114E2181-39D8-2A98-60F8-9364F241353E</sourceEntity>
<targetCardinalityString>*</targetCardinalityString>
<targetEntity>7224B835-A0D2-0D44-300A-29ABC19DAC2B</targetEntity>
<transferable>true</transferable>
<deleteRule>NO ACTION</deleteRule>
</Relation>