<?xml version = '1.0' encoding = 'UTF-8'?>
<Table class="oracle.dbtools.crest.model.design.relational.Table" directorySegmentName="seg_0" id="09E03E76-EF6B-44F9-1C7F-A63BE42432DB" name="Realiza">
<createdBy>34693</createdBy>
<createdTime>2024-11-19 07:34:43 UTC</createdTime>
<ownerDesignName>ER_corregido</ownerDesignName>
<allowColumnReorder>false</allowColumnReorder>
<existDependencyGenerateInDDl>true</existDependencyGenerateInDDl>
<parsed>true</parsed>
<columns itemClass="oracle.dbtools.crest.model.design.relational.Column">
<Column name="Técnico_id_personal" id="25B9E934-B271-12CA-7FA3-459550EB3FED">
<createdBy>34693</createdBy>
<createdTime>2024-11-19 07:34:43 UTC</createdTime>
<ownerDesignName>ER_corregido</ownerDesignName>
<useDomainConstraints>false</useDomainConstraints>
<use>1</use>
<logicalDatatype>LOGDT011</logicalDatatype>
<ownDataTypeParameters>,,</ownDataTypeParameters>
<previousColumn>false</previousColumn>
<autoIncrementCycle>false</autoIncrementCycle>
<associations>
<colAssociation fkAssociation="2865903B-CC04-C961-C595-2B0F054B98BE" referredColumn="6966663A-0516-E719-2373-9FB28F0426C3"/>
</associations>
</Column>
<Column name="Tarea_id_tarea" id="24657FB1-391F-8034-B9D1-A1BF0380A92B">
<createdBy>34693</createdBy>
<createdTime>2024-11-19 07:34:43 UTC</createdTime>
<ownerDesignName>ER_corregido</ownerDesignName>
<useDomainConstraints>false</useDomainConstraints>
<use>1</use>
<logicalDatatype>LOGDT011</logicalDatatype>
<ownDataTypeParameters>,,</ownDataTypeParameters>
<previousColumn>false</previousColumn>
<autoIncrementCycle>false</autoIncrementCycle>
<associations>
<colAssociation fkAssociation="D332A880-3CAB-2521-471D-6DF31A27685B" referredColumn="73AFA86F-CF64-AB7B-3CEC-2069C41537D2"/>
</associations>
</Column>
<Column name="horas_estimadas" id="D4DE7BE9-BA89-9721-BD0F-3139BDE763AF">
<createdBy>34693</createdBy>
<createdTime>2024-11-19 07:34:43 UTC</createdTime>
<generatorID>3D213A02-8D98-085B-4EDB-24A01B355E12</generatorID>
<ownerDesignName>ER_corregido</ownerDesignName>
<nullsAllowed>true</nullsAllowed>
<useDomainConstraints>false</useDomainConstraints>
<use>1</use>
<logicalDatatype>LOGDT011</logicalDatatype>
<ownDataTypeParameters>,,</ownDataTypeParameters>
<autoIncrementCycle>false</autoIncrementCycle>
<isRelationshipColumn>true</isRelationshipColumn>
</Column>
<Column name="horas_reales" id="7F4592FF-EDD0-0EDD-1043-265B19D47A05">
<createdBy>34693</createdBy>
<createdTime>2024-11-19 07:34:43 UTC</createdTime>
<generatorID>E3D7B304-87D3-C044-B2E3-8D39A0C4C09F</generatorID>
<ownerDesignName>ER_corregido</ownerDesignName>
<nullsAllowed>true</nullsAllowed>
<useDomainConstraints>false</useDomainConstraints>
<use>1</use>
<logicalDatatype>LOGDT011</logicalDatatype>
<ownDataTypeParameters>,,</ownDataTypeParameters>
<autoIncrementCycle>false</autoIncrementCycle>
<isRelationshipColumn>true</isRelationshipColumn>
</Column>
</columns>
<indexes itemClass="oracle.dbtools.crest.model.design.relational.Index">
<ind_PK_UK id="D6B7F0BC-7C57-7026-971D-CB7A1D230116" name="Realiza_PK">
<createdBy>34693</createdBy>
<createdTime>2024-11-19 07:34:43 UTC</createdTime>
<ownerDesignName>ER_corregido</ownerDesignName>
<pk>true</pk>
<indexState>Primary Constraint</indexState>
<isSurrogateKey>false</isSurrogateKey>
<indexColumnUsage>
<colUsage columnID="25B9E934-B271-12CA-7FA3-459550EB3FED"/>
<colUsage columnID="24657FB1-391F-8034-B9D1-A1BF0380A92B"/>
</indexColumnUsage>
</ind_PK_UK>
<ind_PK_UK id="66354E0B-767C-36C2-E99A-2D666EA99802" name="Realiza_Técnico_FK">
<createdBy>34693</createdBy>
<createdTime>2024-11-19 07:34:43 UTC</createdTime>
<generatorID>4896A302-5A3B-8708-ED42-F1CBBB6BDFD5</generatorID>
<ownerDesignName>ER_corregido</ownerDesignName>
<indexState>Foreign Key</indexState>
<isSurrogateKey>false</isSurrogateKey>
<indexColumnUsage>
<colUsage columnID="25B9E934-B271-12CA-7FA3-459550EB3FED"/>
</indexColumnUsage>
</ind_PK_UK>
<ind_PK_UK id="58A35416-7218-CB6B-3480-E7FCD70FCD09" name="Realiza_Tarea_FK">
<createdBy>34693</createdBy>
<createdTime>2024-11-19 07:34:43 UTC</createdTime>
<generatorID>4896A302-5A3B-8708-ED42-F1CBBB6BDFD5</generatorID>
<ownerDesignName>ER_corregido</ownerDesignName>
<indexState>Foreign Key</indexState>
<isSurrogateKey>false</isSurrogateKey>
<indexColumnUsage>
<colUsage columnID="24657FB1-391F-8034-B9D1-A1BF0380A92B"/>
</indexColumnUsage>
</ind_PK_UK>
</indexes>
</Table>