<?xml version = '1.0' encoding = 'UTF-8'?>
<Table class="oracle.dbtools.crest.model.design.relational.Table" directorySegmentName="seg_0" id="1252C578-97CB-74D7-102D-F71BBEB215A1" name="Utiliza">
<createdBy>34693</createdBy>
<createdTime>2024-11-19 07:34:43 UTC</createdTime>
<ownerDesignName>ER_corregido</ownerDesignName>
<allowColumnReorder>false</allowColumnReorder>
<existDependencyGenerateInDDl>true</existDependencyGenerateInDDl>
<parsed>true</parsed>
<columns itemClass="oracle.dbtools.crest.model.design.relational.Column">
<Column name="Usuario_id_usuario" id="A0E863C9-9F25-EF9C-9F48-64B964CEB7BA">
<createdBy>34693</createdBy>
<createdTime>2024-11-19 07:34:43 UTC</createdTime>
<ownerDesignName>ER_corregido</ownerDesignName>
<useDomainConstraints>false</useDomainConstraints>
<use>1</use>
<logicalDatatype>LOGDT011</logicalDatatype>
<ownDataTypeParameters>,,</ownDataTypeParameters>
<previousColumn>false</previousColumn>
<autoIncrementCycle>false</autoIncrementCycle>
<associations>
<colAssociation fkAssociation="60C21DB3-E9F2-E484-034B-375B8CCC47D4" referredColumn="84262A2D-2D8C-97CB-4B21-629FEF0D8641"/>
</associations>
</Column>
<Column name="Aplicación_id_aplicacion" id="1F979504-5B13-9B3F-B7D6-F1D6198349DD">
<createdBy>34693</createdBy>
<createdTime>2024-11-19 07:34:43 UTC</createdTime>
<ownerDesignName>ER_corregido</ownerDesignName>
<useDomainConstraints>false</useDomainConstraints>
<use>1</use>
<logicalDatatype>LOGDT011</logicalDatatype>
<ownDataTypeParameters>,,</ownDataTypeParameters>
<previousColumn>false</previousColumn>
<autoIncrementCycle>false</autoIncrementCycle>
<associations>
<colAssociation fkAssociation="D1860F6B-379D-3676-DE1A-6AAA33A94BC1" referredColumn="599CC8F7-19D6-6F22-AA02-145BB00E940B"/>
</associations>
</Column>
</columns>
<indexes itemClass="oracle.dbtools.crest.model.design.relational.Index">
<ind_PK_UK id="5E87BB63-8C96-7AE8-68BF-879EB0A3543A" name="Utiliza_PK">
<createdBy>34693</createdBy>
<createdTime>2024-11-19 07:34:43 UTC</createdTime>
<ownerDesignName>ER_corregido</ownerDesignName>
<pk>true</pk>
<indexState>Primary Constraint</indexState>
<isSurrogateKey>false</isSurrogateKey>
<indexColumnUsage>
<colUsage columnID="A0E863C9-9F25-EF9C-9F48-64B964CEB7BA"/>
<colUsage columnID="1F979504-5B13-9B3F-B7D6-F1D6198349DD"/>
</indexColumnUsage>
</ind_PK_UK>
<ind_PK_UK id="F89F8760-7187-6D20-6814-B422D4197DF9" name="Utiliza_Usuario_FK">
<createdBy>34693</createdBy>
<createdTime>2024-11-19 07:34:43 UTC</createdTime>
<generatorID>06FE5C14-B3FF-BDF4-6BDB-35314124C468</generatorID>
<ownerDesignName>ER_corregido</ownerDesignName>
<indexState>Foreign Key</indexState>
<isSurrogateKey>false</isSurrogateKey>
<indexColumnUsage>
<colUsage columnID="A0E863C9-9F25-EF9C-9F48-64B964CEB7BA"/>
</indexColumnUsage>
</ind_PK_UK>
<ind_PK_UK id="D712ECAE-5CBF-6090-286F-FA0F790DF507" name="Utiliza_Aplicación_FK">
<createdBy>34693</createdBy>
<createdTime>2024-11-19 07:34:43 UTC</createdTime>
<generatorID>06FE5C14-B3FF-BDF4-6BDB-35314124C468</generatorID>
<ownerDesignName>ER_corregido</ownerDesignName>
<indexState>Foreign Key</indexState>
<isSurrogateKey>false</isSurrogateKey>
<indexColumnUsage>
<colUsage columnID="1F979504-5B13-9B3F-B7D6-F1D6198349DD"/>
</indexColumnUsage>
</ind_PK_UK>
</indexes>
</Table>