<?xml version = '1.0' encoding = 'UTF-8'?>
<Table class="oracle.dbtools.crest.model.design.relational.Table" directorySegmentName="seg_0" id="1A79844C-C599-2775-5C3E-2D82B5BD5286" name="Tarea">
<createdBy>34693</createdBy>
<createdTime>2024-11-19 07:34:43 UTC</createdTime>
<generatorID>0555620A-B3D2-4634-1850-27AC15A510F3</generatorID>
<ownerDesignName>ER_corregido</ownerDesignName>
<allowColumnReorder>false</allowColumnReorder>
<existDependencyGenerateInDDl>true</existDependencyGenerateInDDl>
<parsed>true</parsed>
<columns itemClass="oracle.dbtools.crest.model.design.relational.Column">
<Column name="id_tarea" id="73AFA86F-CF64-AB7B-3CEC-2069C41537D2">
<createdBy>34693</createdBy>
<createdTime>2024-11-19 07:34:43 UTC</createdTime>
<comment><![CDATA[identificador único de la tarea. ]]></comment>
<generatorID>98EA5532-7F01-9369-F854-216F792BD86C</generatorID>
<ownerDesignName>ER_corregido</ownerDesignName>
<useDomainConstraints>false</useDomainConstraints>
<use>1</use>
<logicalDatatype>LOGDT011</logicalDatatype>
<ownDataTypeParameters>,,</ownDataTypeParameters>
<autoIncrementCycle>false</autoIncrementCycle>
</Column>
<Column name="Petición_id_peticion" id="98D42D65-6DA2-E7E7-338A-EEB4DCDCF622">
<createdBy>34693</createdBy>
<createdTime>2024-11-19 07:34:43 UTC</createdTime>
<comment><![CDATA[Identificador de la petición a la que está asociada la tarea.]]></comment>
<generatorID>E651E1FF-58BA-ED7B-1F32-AEF6B4D0C688</generatorID>
<ownerDesignName>ER_corregido</ownerDesignName>
<useDomainConstraints>false</useDomainConstraints>
<use>1</use>
<logicalDatatype>LOGDT011</logicalDatatype>
<ownDataTypeParameters>,,</ownDataTypeParameters>
<previousColumn>false</previousColumn>
<autoIncrementCycle>false</autoIncrementCycle>
<associations>
<colAssociation fkAssociation="8E15D847-7B29-6AFC-8560-7A1C3BED34E0" referredColumn="2E675F6C-58C3-7469-F8D9-7C8245D88BB1"/>
</associations>
</Column>
<Column name="fecha_ini" id="B74B4831-814E-F63E-C695-7E498B181B93">
<createdBy>34693</createdBy>
<createdTime>2024-11-19 07:34:43 UTC</createdTime>
<comment><![CDATA[Fecha de inicio de la tarea]]></comment>
<generatorID>BCD1FCB2-FD79-5462-9D53-76AF1D9559EC</generatorID>
<ownerDesignName>ER_corregido</ownerDesignName>
<nullsAllowed>true</nullsAllowed>
<useDomainConstraints>false</useDomainConstraints>
<use>1</use>
<logicalDatatype>LOGDT007</logicalDatatype>
<ownDataTypeParameters>,,</ownDataTypeParameters>
<autoIncrementCycle>false</autoIncrementCycle>
</Column>
<Column name="fecha_fin" id="F683DAE9-1170-C80D-448F-C838888726EA">
<createdBy>34693</createdBy>
<createdTime>2024-11-19 07:34:43 UTC</createdTime>
<comment><![CDATA[Fecha fin de la tarea. ]]></comment>
<generatorID>231CDDEB-9B72-F963-1171-EC59596035FB</generatorID>
<ownerDesignName>ER_corregido</ownerDesignName>
<nullsAllowed>true</nullsAllowed>
<useDomainConstraints>false</useDomainConstraints>
<use>1</use>
<logicalDatatype>LOGDT007</logicalDatatype>
<ownDataTypeParameters>,,</ownDataTypeParameters>
<autoIncrementCycle>false</autoIncrementCycle>
</Column>
<Column name="tipo" id="30201444-EE3B-E336-7541-303E03BB99F1">
<createdBy>34693</createdBy>
<createdTime>2024-11-19 07:34:43 UTC</createdTime>
<comment><![CDATA[Tipo predefinido de la tarea.]]></comment>
<generatorID>C28A9FF4-4D94-5260-E42C-4A03610FF8EF</generatorID>
<ownerDesignName>ER_corregido</ownerDesignName>
<nullsAllowed>true</nullsAllowed>
<useDomainConstraints>false</useDomainConstraints>
<use>1</use>
<logicalDatatype>A3A3C77D-0366-9768-FF89-1C25E56881C8</logicalDatatype>
<ownDataTypeParameters>,,</ownDataTypeParameters>
<autoIncrementCycle>false</autoIncrementCycle>
</Column>
</columns>
<indexes itemClass="oracle.dbtools.crest.model.design.relational.Index">
<ind_PK_UK id="42DFE724-4A99-CBE5-43A5-27A8746B54C1" name="Tarea_PK">
<createdBy>34693</createdBy>
<createdTime>2024-11-19 07:34:43 UTC</createdTime>
<generatorID>F28BD2D1-944B-5D67-5554-C0BD06E7C331</generatorID>
<ownerDesignName>ER_corregido</ownerDesignName>
<pk>true</pk>
<indexState>Primary Constraint</indexState>
<isSurrogateKey>false</isSurrogateKey>
<indexColumnUsage>
<colUsage columnID="73AFA86F-CF64-AB7B-3CEC-2069C41537D2"/>
</indexColumnUsage>
</ind_PK_UK>
<ind_PK_UK id="06DC53B4-99E2-0B36-EB35-9D7FADA4F34B" name="Tarea_Petición_FK">
<createdBy>34693</createdBy>
<createdTime>2024-11-19 07:34:43 UTC</createdTime>
<generatorID>C71697F3-7164-5A20-402F-1FAF18AA0594</generatorID>
<ownerDesignName>ER_corregido</ownerDesignName>
<indexState>Foreign Key</indexState>
<isSurrogateKey>false</isSurrogateKey>
<indexColumnUsage>
<colUsage columnID="98D42D65-6DA2-E7E7-338A-EEB4DCDCF622"/>
</indexColumnUsage>
</ind_PK_UK>
</indexes>
</Table>