<?xml version = '1.0' encoding = 'UTF-8'?>
<Table class="oracle.dbtools.crest.model.design.relational.Table" directorySegmentName="seg_0" id="34E46C6A-DB31-0790-B575-B3A9AF966C0E" name="Usuario_Cliente">
<createdBy>34693</createdBy>
<createdTime>2024-11-19 07:34:43 UTC</createdTime>
<generatorID>192F002C-E63B-5386-F8DC-A27DC101FE57</generatorID>
<ownerDesignName>ER_corregido</ownerDesignName>
<ordsAlias>usuario</ordsAlias>
<allowColumnReorder>false</allowColumnReorder>
<existDependencyGenerateInDDl>true</existDependencyGenerateInDDl>
<parsed>true</parsed>
<columns itemClass="oracle.dbtools.crest.model.design.relational.Column">
<Column name="id_usuario" id="84262A2D-2D8C-97CB-4B21-629FEF0D8641">
<createdBy>34693</createdBy>
<createdTime>2024-11-19 07:34:43 UTC</createdTime>
<generatorID>6A4324D5-D020-E838-C21D-DFEF39497A38</generatorID>
<ownerDesignName>ER_corregido</ownerDesignName>
<useDomainConstraints>false</useDomainConstraints>
<use>1</use>
<logicalDatatype>LOGDT011</logicalDatatype>
<ownDataTypeParameters>,,</ownDataTypeParameters>
<autoIncrementCycle>false</autoIncrementCycle>
<associations>
<colAssociation fkAssociation="CF1A379C-1499-5C25-EB6C-80856C176B8E" referredColumn="1E13785E-5399-F9F6-2212-B7BD16065CFB"/>
</associations>
</Column>
<Column name="Empresa_cliente_id_empresa" id="D7968183-4008-9D97-3FD4-6421FCB61435">
<createdBy>34693</createdBy>
<createdTime>2024-11-19 07:34:43 UTC</createdTime>
<comment><![CDATA[Identificador de la empresa a la que pertenece el usuario. ]]></comment>
<generatorID>5B334E8C-EC62-14FA-7D06-AC79DF262FA4</generatorID>
<ownerDesignName>ER_corregido</ownerDesignName>
<useDomainConstraints>false</useDomainConstraints>
<use>1</use>
<logicalDatatype>LOGDT011</logicalDatatype>
<ownDataTypeParameters>,,</ownDataTypeParameters>
<previousColumn>false</previousColumn>
<autoIncrementCycle>false</autoIncrementCycle>
<associations>
<colAssociation fkAssociation="95A950C2-A229-0311-60E7-38B90D50C71F" referredColumn="1C014DB8-7439-DE24-88F9-B6960127D388"/>
</associations>
</Column>
<Column name="nombre" id="AFF61228-9946-916D-6739-7DA104ABD76E">
<createdBy>34693</createdBy>
<createdTime>2024-11-19 07:34:43 UTC</createdTime>
<generatorID>9371B7D8-6A6B-BF9A-2064-C467B1B50A7A</generatorID>
<ownerDesignName>ER_corregido</ownerDesignName>
<nullsAllowed>true</nullsAllowed>
<useDomainConstraints>false</useDomainConstraints>
<use>1</use>
<logicalDatatype>A3A3C77D-0366-9768-FF89-1C25E56881C8</logicalDatatype>
<ownDataTypeParameters>,,</ownDataTypeParameters>
<autoIncrementCycle>false</autoIncrementCycle>
</Column>
<Column name="email" id="4DF08C41-2F84-E9EB-5CF4-C29A70D771FD">
<createdBy>34693</createdBy>
<createdTime>2024-11-19 07:34:43 UTC</createdTime>
<generatorID>98B1039D-1487-8D73-5D7C-EA46F0EBFF14</generatorID>
<ownerDesignName>ER_corregido</ownerDesignName>
<nullsAllowed>true</nullsAllowed>
<useDomainConstraints>false</useDomainConstraints>
<use>1</use>
<logicalDatatype>A3A3C77D-0366-9768-FF89-1C25E56881C8</logicalDatatype>
<dataTypeSize>256 CHAR</dataTypeSize>
<ownDataTypeParameters>256 CHAR,,</ownDataTypeParameters>
<autoIncrementCycle>false</autoIncrementCycle>
</Column>
<Column name="telefono" id="8941C83C-BBD9-7402-D343-523FCC102396">
<createdBy>34693</createdBy>
<createdTime>2024-11-19 07:34:43 UTC</createdTime>
<generatorID>EB8AC865-C2BA-69FA-08A6-EBADB89CD7A5</generatorID>
<ownerDesignName>ER_corregido</ownerDesignName>
<nullsAllowed>true</nullsAllowed>
<useDomainConstraints>false</useDomainConstraints>
<use>1</use>
<logicalDatatype>LOGDT037</logicalDatatype>
<dataTypeSize>9 CHAR</dataTypeSize>
<ownDataTypeParameters>9 CHAR,,</ownDataTypeParameters>
<autoIncrementCycle>false</autoIncrementCycle>
</Column>
<Column name="departamento" id="C3C62AE4-D1B1-D030-773D-0B61F897D33F">
<createdBy>34693</createdBy>
<createdTime>2024-11-19 07:34:43 UTC</createdTime>
<comment><![CDATA[Departamento para el que trabaja el usuario]]></comment>
<generatorID>20C523A7-72AA-1F8A-E0FA-9B0CACB4343E</generatorID>
<ownerDesignName>ER_corregido</ownerDesignName>
<nullsAllowed>true</nullsAllowed>
<useDomainConstraints>false</useDomainConstraints>
<use>1</use>
<logicalDatatype>A3A3C77D-0366-9768-FF89-1C25E56881C8</logicalDatatype>
<dataTypeSize>100 CHAR</dataTypeSize>
<ownDataTypeParameters>100 CHAR,,</ownDataTypeParameters>
<autoIncrementCycle>false</autoIncrementCycle>
</Column>
<Column name="inactivo" id="A7E5EFBB-B01B-49E8-9464-AA4F55998246">
<createdBy>34693</createdBy>
<createdTime>2024-11-19 07:34:43 UTC</createdTime>
<comment><![CDATA[Indica si un usuario ha sido borrado. ]]></comment>
<generatorID>A09C3237-2F8F-6AB9-7592-911E4E0A656C</generatorID>
<ownerDesignName>ER_corregido</ownerDesignName>
<nullsAllowed>true</nullsAllowed>
<useDomainConstraints>false</useDomainConstraints>
<use>1</use>
<logicalDatatype>LOGDT006</logicalDatatype>
<dataTypeSize>1</dataTypeSize>
<ownDataTypeParameters>1,,</ownDataTypeParameters>
<autoIncrementCycle>false</autoIncrementCycle>
</Column>
</columns>
<indexes itemClass="oracle.dbtools.crest.model.design.relational.Index">
<ind_PK_UK id="D4E680E7-0F7D-4F30-B7CF-93534D115CD6" name="Usuario_PK">
<createdBy>34693</createdBy>
<createdTime>2024-11-19 07:34:43 UTC</createdTime>
<generatorID>5E82F830-6DC6-B47F-EF99-37772976A68C</generatorID>
<ownerDesignName>ER_corregido</ownerDesignName>
<pk>true</pk>
<indexState>Primary Constraint</indexState>
<isSurrogateKey>false</isSurrogateKey>
<indexColumnUsage>
<colUsage columnID="84262A2D-2D8C-97CB-4B21-629FEF0D8641"/>
</indexColumnUsage>
</ind_PK_UK>
<ind_PK_UK id="3C4220C6-193A-E89A-AD2F-2B85EA3328CE" name="Usuario_Empresa_cliente_FK">
<createdBy>34693</createdBy>
<createdTime>2024-11-19 07:34:43 UTC</createdTime>
<generatorID>3D97763F-5808-2FCD-67BF-576DE0EE34DC</generatorID>
<ownerDesignName>ER_corregido</ownerDesignName>
<indexState>Foreign Key</indexState>
<isSurrogateKey>false</isSurrogateKey>
<indexColumnUsage>
<colUsage columnID="D7968183-4008-9D97-3FD4-6421FCB61435"/>
</indexColumnUsage>
</ind_PK_UK>
<ind_PK_UK id="96ADCC77-0CA2-41DC-97E3-9F8A9AB8541C" name="Usuario_Cliente_Usuario_FK">
<createdBy>34693</createdBy>
<createdTime>2024-12-23 21:54:18 UTC</createdTime>
<ownerDesignName>ER_corregido</ownerDesignName>
<indexState>Foreign Key</indexState>
<isSurrogateKey>false</isSurrogateKey>
<indexColumnUsage>
<colUsage columnID="84262A2D-2D8C-97CB-4B21-629FEF0D8641"/>
</indexColumnUsage>
</ind_PK_UK>
</indexes>
</Table>