<?xml version = '1.0' encoding = 'UTF-8'?>
<Table class="oracle.dbtools.crest.model.design.relational.Table" directorySegmentName="seg_0" id="3D99D2D1-CDF2-19EF-E2C2-21793C12D8D8" name="Petición">
<createdBy>34693</createdBy>
<createdTime>2024-11-19 07:34:43 UTC</createdTime>
<generatorID>D0AF64D0-30EF-5AD3-0CA2-F819EACF04BF</generatorID>
<ownerDesignName>ER_corregido</ownerDesignName>
<ordsAlias>peticion</ordsAlias>
<allowColumnReorder>false</allowColumnReorder>
<existDependencyGenerateInDDl>true</existDependencyGenerateInDDl>
<parsed>true</parsed>
<columns itemClass="oracle.dbtools.crest.model.design.relational.Column">
<Column name="id_peticion" id="2E675F6C-58C3-7469-F8D9-7C8245D88BB1">
<createdBy>34693</createdBy>
<createdTime>2024-11-19 07:34:43 UTC</createdTime>
<comment><![CDATA[Identificador único de la petición. ]]></comment>
<generatorID>FD5CC36D-11CA-628D-E372-F1F4FDD7925F</generatorID>
<ownerDesignName>ER_corregido</ownerDesignName>
<useDomainConstraints>false</useDomainConstraints>
<use>1</use>
<logicalDatatype>LOGDT011</logicalDatatype>
<ownDataTypeParameters>,,</ownDataTypeParameters>
<autoIncrementCycle>false</autoIncrementCycle>
</Column>
<Column name="Aplicación_id_aplicacion" id="553E712D-FDFC-60F5-9835-7FEE26FD1A00">
<createdBy>34693</createdBy>
<createdTime>2024-11-19 07:34:43 UTC</createdTime>
<comment><![CDATA[Identificador de la aplicación a la que está asociada. ]]></comment>
<generatorID>F2D652B2-6721-BB92-B638-450E366387F4</generatorID>
<ownerDesignName>ER_corregido</ownerDesignName>
<useDomainConstraints>false</useDomainConstraints>
<use>1</use>
<logicalDatatype>LOGDT011</logicalDatatype>
<ownDataTypeParameters>,,</ownDataTypeParameters>
<previousColumn>false</previousColumn>
<autoIncrementCycle>false</autoIncrementCycle>
<associations>
<colAssociation fkAssociation="D9F383CA-8A6D-9B1C-CA72-51F03CC165E0" referredColumn="599CC8F7-19D6-6F22-AA02-145BB00E940B"/>
</associations>
</Column>
<Column name="descripcion" id="69922333-52AA-D3EA-897D-DF8073BA906F">
<createdBy>34693</createdBy>
<createdTime>2024-11-19 07:34:43 UTC</createdTime>
<comment><![CDATA[Descripción breve de que se trata la petición. ]]></comment>
<generatorID>74052E43-7EFB-BDFA-1006-4CAC19A68C98</generatorID>
<ownerDesignName>ER_corregido</ownerDesignName>
<nullsAllowed>true</nullsAllowed>
<useDomainConstraints>false</useDomainConstraints>
<use>1</use>
<logicalDatatype>A3A3C77D-0366-9768-FF89-1C25E56881C8</logicalDatatype>
<ownDataTypeParameters>,,</ownDataTypeParameters>
<autoIncrementCycle>false</autoIncrementCycle>
</Column>
<Column name="tipo" id="417E92B8-A3E3-929C-E86A-5B11F4624B0F">
<createdBy>34693</createdBy>
<createdTime>2024-11-19 07:34:43 UTC</createdTime>
<comment><![CDATA[Puede ser: Correctivo, Adaptativo, Perfectivo y Evolutivo. ]]></comment>
<generatorID>BE28C65D-FA09-7F90-1788-4F381E993BDD</generatorID>
<ownerDesignName>ER_corregido</ownerDesignName>
<nullsAllowed>true</nullsAllowed>
<useDomainConstraints>false</useDomainConstraints>
<use>1</use>
<logicalDatatype>A3A3C77D-0366-9768-FF89-1C25E56881C8</logicalDatatype>
<listOfValues>
<valueDef value="Adaptativo" description=""/>
<valueDef value="Correctivo" description=""/>
<valueDef value="Evolutivo" description=""/>
<valueDef value="Perfectivo" description=""/>
</listOfValues>
<ownDataTypeParameters>,,</ownDataTypeParameters>
<autoIncrementCycle>false</autoIncrementCycle>
</Column>
<Column name="es_urgente" id="12C6FF15-B15F-BD26-7064-D89F7D6D3A08">
<createdBy>34693</createdBy>
<createdTime>2024-11-19 07:34:43 UTC</createdTime>
<comment><![CDATA[Indica si la petición es urgente o no. ]]></comment>
<generatorID>F25BDBA4-AD66-CD74-601A-76F3D12ABD1C</generatorID>
<ownerDesignName>ER_corregido</ownerDesignName>
<nullsAllowed>true</nullsAllowed>
<useDomainConstraints>false</useDomainConstraints>
<use>1</use>
<logicalDatatype>LOGDT006</logicalDatatype>
<dataTypeSize>1</dataTypeSize>
<ownDataTypeParameters>1,,</ownDataTypeParameters>
<autoIncrementCycle>false</autoIncrementCycle>
</Column>
<Column name="estado" id="64ED70ED-B196-6820-176F-B40957C8A0C6">
<createdBy>34693</createdBy>
<createdTime>2024-11-19 07:34:43 UTC</createdTime>
<comment><![CDATA[Indica el estado en el que se encuentra la petición, puede ser: En desarrollo, En estudio	Pendiente, Rechazada, Recibida, Terminada	]]></comment>
<generatorID>04B2265B-4CAD-DC66-2219-792746EFABD1</generatorID>
<ownerDesignName>ER_corregido</ownerDesignName>
<nullsAllowed>true</nullsAllowed>
<useDomainConstraints>false</useDomainConstraints>
<use>1</use>
<logicalDatatype>A3A3C77D-0366-9768-FF89-1C25E56881C8</logicalDatatype>
<listOfValues>
<valueDef value="En desarrollo" description=""/>
<valueDef value="En estudio" description=""/>
<valueDef value="Pendiente" description=""/>
<valueDef value="Rechazada" description=""/>
<valueDef value="Recibida" description=""/>
<valueDef value="Terminada" description=""/>
</listOfValues>
<ownDataTypeParameters>,,</ownDataTypeParameters>
<autoIncrementCycle>false</autoIncrementCycle>
</Column>
<Column name="complejidad" id="AA74565D-095A-AAB7-4B72-31DB37DDAA4C">
<createdBy>34693</createdBy>
<createdTime>2024-11-19 07:34:43 UTC</createdTime>
<comment><![CDATA[Indica la complejidad de las peticiones: Alta, Mediana, Baja. ]]></comment>
<generatorID>79FC1EC5-4C4E-2D2B-B86D-307EC31DD35F</generatorID>
<ownerDesignName>ER_corregido</ownerDesignName>
<nullsAllowed>true</nullsAllowed>
<useDomainConstraints>false</useDomainConstraints>
<use>1</use>
<logicalDatatype>A3A3C77D-0366-9768-FF89-1C25E56881C8</logicalDatatype>
<listOfValues>
<valueDef value="Alta" description=""/>
<valueDef value="Baja" description=""/>
<valueDef value="Mediana" description=""/>
</listOfValues>
<ownDataTypeParameters>,,</ownDataTypeParameters>
<autoIncrementCycle>false</autoIncrementCycle>
</Column>
<Column name="orden" id="B4CD5957-7A08-B60E-BB6F-E7ACE3BDA8BD">
<createdBy>34693</createdBy>
<createdTime>2024-11-19 07:34:43 UTC</createdTime>
<comment><![CDATA[Orden en el que se debe tratar la petición. ]]></comment>
<generatorID>4FE2E5E7-DD16-1748-3CBF-3B494B4BAA31</generatorID>
<ownerDesignName>ER_corregido</ownerDesignName>
<nullsAllowed>true</nullsAllowed>
<useDomainConstraints>false</useDomainConstraints>
<use>1</use>
<logicalDatatype>A3A3C77D-0366-9768-FF89-1C25E56881C8</logicalDatatype>
<ownDataTypeParameters>,,</ownDataTypeParameters>
<autoIncrementCycle>false</autoIncrementCycle>
</Column>
<Column name="prioridad" id="E0465448-4AD0-1272-0CD0-75A209F79911">
<createdBy>34693</createdBy>
<createdTime>2024-11-19 07:34:43 UTC</createdTime>
<generatorID>64697E04-A118-AE25-F24C-61B15D4BA0F2</generatorID>
<ownerDesignName>ER_corregido</ownerDesignName>
<nullsAllowed>true</nullsAllowed>
<useDomainConstraints>false</useDomainConstraints>
<use>1</use>
<logicalDatatype>A3A3C77D-0366-9768-FF89-1C25E56881C8</logicalDatatype>
<ownDataTypeParameters>,,</ownDataTypeParameters>
<autoIncrementCycle>false</autoIncrementCycle>
</Column>
<Column name="fecha_recepcion" id="0F0F9AB9-74B4-0CA9-D741-80DB27B6CF0D">
<createdBy>34693</createdBy>
<createdTime>2024-11-19 07:34:43 UTC</createdTime>
<comment><![CDATA[Fecha en la que se recibió la petición]]></comment>
<generatorID>512361A5-CD3B-EE80-2A7E-E073A47FEF14</generatorID>
<ownerDesignName>ER_corregido</ownerDesignName>
<nullsAllowed>true</nullsAllowed>
<useDomainConstraints>false</useDomainConstraints>
<use>1</use>
<logicalDatatype>LOGDT007</logicalDatatype>
<ownDataTypeParameters>,,</ownDataTypeParameters>
<autoIncrementCycle>false</autoIncrementCycle>
</Column>
<Column name="fecha_inicio_estudio" id="14524176-FACD-ABEA-1F12-AF44EF114739">
<createdBy>34693</createdBy>
<createdTime>2024-11-19 07:34:43 UTC</createdTime>
<comment><![CDATA[Fecha en la que se inició su estudio]]></comment>
<generatorID>367ED4A2-E84A-5CC5-4266-8DD0E13F7A82</generatorID>
<ownerDesignName>ER_corregido</ownerDesignName>
<nullsAllowed>true</nullsAllowed>
<useDomainConstraints>false</useDomainConstraints>
<use>1</use>
<logicalDatatype>LOGDT007</logicalDatatype>
<ownDataTypeParameters>,,</ownDataTypeParameters>
<autoIncrementCycle>false</autoIncrementCycle>
</Column>
<Column name="fecha_inicio_prevista" id="DBA5391F-8D2B-843B-84DA-AFFBE0014DD4">
<createdBy>34693</createdBy>
<createdTime>2024-11-19 07:34:43 UTC</createdTime>
<comment><![CDATA[Fecha prevista para iniciar la ejecución.]]></comment>
<generatorID>AECE3D80-BBA8-8EFA-23EC-532E2AEDC185</generatorID>
<ownerDesignName>ER_corregido</ownerDesignName>
<nullsAllowed>true</nullsAllowed>
<useDomainConstraints>false</useDomainConstraints>
<use>1</use>
<logicalDatatype>LOGDT007</logicalDatatype>
<ownDataTypeParameters>,,</ownDataTypeParameters>
<autoIncrementCycle>false</autoIncrementCycle>
</Column>
<Column name="fecha_inicio_real" id="AD0B529F-6B1A-70E6-4F99-CE84DDB09705">
<createdBy>34693</createdBy>
<createdTime>2024-11-19 07:34:43 UTC</createdTime>
<comment><![CDATA[Fecha real en que comenzó la ejecución. ]]></comment>
<generatorID>CA90844D-6165-6A48-AD8A-4AEB1835700A</generatorID>
<ownerDesignName>ER_corregido</ownerDesignName>
<nullsAllowed>true</nullsAllowed>
<useDomainConstraints>false</useDomainConstraints>
<use>1</use>
<logicalDatatype>LOGDT007</logicalDatatype>
<ownDataTypeParameters>,,</ownDataTypeParameters>
<autoIncrementCycle>false</autoIncrementCycle>
</Column>
<Column name="fecha_aceptacion" id="883E0ED3-FB63-9DD1-347A-70D00601B7FB">
<createdBy>34693</createdBy>
<createdTime>2024-11-19 07:34:43 UTC</createdTime>
<comment><![CDATA[Fecha en la que el usuario acepta la solución. ]]></comment>
<generatorID>BCC002EF-0AB4-D14D-5CE4-78360BBA7A17</generatorID>
<ownerDesignName>ER_corregido</ownerDesignName>
<nullsAllowed>true</nullsAllowed>
<useDomainConstraints>false</useDomainConstraints>
<use>1</use>
<logicalDatatype>LOGDT007</logicalDatatype>
<ownDataTypeParameters>,,</ownDataTypeParameters>
<autoIncrementCycle>false</autoIncrementCycle>
</Column>
<Column name="Usuario_id_usuario" id="16036CCB-7197-1610-2791-EE2D5D92F289">
<createdBy>34693</createdBy>
<createdTime>2024-11-19 07:34:43 UTC</createdTime>
<comment><![CDATA[Identificador del usuario que ha realizado la petición. ]]></comment>
<generatorID>317C5DB4-EEB9-493F-09A0-1CF813B54767</generatorID>
<ownerDesignName>ER_corregido</ownerDesignName>
<nullsAllowed>true</nullsAllowed>
<useDomainConstraints>false</useDomainConstraints>
<use>1</use>
<logicalDatatype>LOGDT011</logicalDatatype>
<ownDataTypeParameters>,,</ownDataTypeParameters>
<previousColumn>false</previousColumn>
<autoIncrementCycle>false</autoIncrementCycle>
<associations>
<colAssociation fkAssociation="C1579AB2-08F5-A49D-12F4-C44DE2E44C61" referredColumn="84262A2D-2D8C-97CB-4B21-629FEF0D8641"/>
</associations>
</Column>
<Column name="Técnico_id_personal" id="AE32685E-5C0F-6580-4D9A-F17595588C15">
<createdBy>34693</createdBy>
<createdTime>2024-11-19 08:02:24 UTC</createdTime>
<ownerDesignName>ER_corregido</ownerDesignName>
<nullsAllowed>true</nullsAllowed>
<useDomainConstraints>false</useDomainConstraints>
<use>1</use>
<logicalDatatype>LOGDT011</logicalDatatype>
<ownDataTypeParameters>,,</ownDataTypeParameters>
<previousColumn>false</previousColumn>
<autoIncrementCycle>false</autoIncrementCycle>
<associations>
<colAssociation fkAssociation="9A0ACEDD-0F98-8200-C616-80FA4BB91370" referredColumn="6966663A-0516-E719-2373-9FB28F0426C3"/>
</associations>
</Column>
</columns>
<indexes itemClass="oracle.dbtools.crest.model.design.relational.Index">
<ind_PK_UK id="3B2728A4-C81F-B0A9-39BE-86F5E855FB74" name="Petición_PK">
<createdBy>34693</createdBy>
<createdTime>2024-11-19 07:34:43 UTC</createdTime>
<generatorID>11C7433F-C60F-0054-F077-03A5BFCD9628</generatorID>
<ownerDesignName>ER_corregido</ownerDesignName>
<pk>true</pk>
<indexState>Primary Constraint</indexState>
<isSurrogateKey>false</isSurrogateKey>
<indexColumnUsage>
<colUsage columnID="2E675F6C-58C3-7469-F8D9-7C8245D88BB1"/>
</indexColumnUsage>
</ind_PK_UK>
<ind_PK_UK id="F3FBD7E2-C55B-44FE-DE1D-FE27D37CEAA9" name="Petición_Aplicación_FK">
<createdBy>34693</createdBy>
<createdTime>2024-11-19 07:34:43 UTC</createdTime>
<generatorID>1A591AD2-416A-A9BB-4A2D-1B7C557A8515</generatorID>
<ownerDesignName>ER_corregido</ownerDesignName>
<indexState>Foreign Key</indexState>
<isSurrogateKey>false</isSurrogateKey>
<indexColumnUsage>
<colUsage columnID="553E712D-FDFC-60F5-9835-7FEE26FD1A00"/>
</indexColumnUsage>
</ind_PK_UK>
<ind_PK_UK id="69EA4BF1-A9FE-BD32-7E04-8F1444634DAE" name="Petición_Usuario_FK">
<createdBy>34693</createdBy>
<createdTime>2024-11-19 07:34:43 UTC</createdTime>
<generatorID>42D8613D-A898-C018-E0A1-30FD3089B88E</generatorID>
<ownerDesignName>ER_corregido</ownerDesignName>
<indexState>Foreign Key</indexState>
<isSurrogateKey>false</isSurrogateKey>
<indexColumnUsage>
<colUsage columnID="16036CCB-7197-1610-2791-EE2D5D92F289"/>
</indexColumnUsage>
</ind_PK_UK>
<ind_PK_UK id="02BE67CA-90FE-86B2-9ECC-CC2E8DEAB8A4" name="Petición_Técnico_FK">
<createdBy>34693</createdBy>
<createdTime>2024-11-19 07:34:43 UTC</createdTime>
<generatorID>489A9D05-4143-2953-4F90-F5C7C2B40817</generatorID>
<ownerDesignName>ER_corregido</ownerDesignName>
<indexState>Foreign Key</indexState>
<isSurrogateKey>false</isSurrogateKey>
<indexColumnUsage>
<colUsage columnID="AE32685E-5C0F-6580-4D9A-F17595588C15"/>
</indexColumnUsage>
</ind_PK_UK>
</indexes>
</Table>