<?xml version = '1.0' encoding = 'UTF-8'?>
<Table class="oracle.dbtools.crest.model.design.relational.Table" directorySegmentName="seg_0" id="41EC7584-6AE6-D8F7-593D-1BD314F77765" name="Aplicación">
<createdBy>34693</createdBy>
<createdTime>2024-11-19 07:34:43 UTC</createdTime>
<generatorID>2D994F20-2C3D-9549-4C66-9F660870C3C2</generatorID>
<ownerDesignName>ER_corregido</ownerDesignName>
<ordsAlias>aplicacion</ordsAlias>
<allowColumnReorder>false</allowColumnReorder>
<existDependencyGenerateInDDl>true</existDependencyGenerateInDDl>
<parsed>true</parsed>
<columns itemClass="oracle.dbtools.crest.model.design.relational.Column">
<Column name="id_aplicacion" id="599CC8F7-19D6-6F22-AA02-145BB00E940B">
<createdBy>34693</createdBy>
<createdTime>2024-11-19 07:34:43 UTC</createdTime>
<comment><![CDATA[Identificador de la aplicación. ]]></comment>
<generatorID>2731A5C7-1826-2BD5-43B0-F8270CEED153</generatorID>
<ownerDesignName>ER_corregido</ownerDesignName>
<useDomainConstraints>false</useDomainConstraints>
<use>1</use>
<logicalDatatype>LOGDT011</logicalDatatype>
<ownDataTypeParameters>,,</ownDataTypeParameters>
<autoIncrementCycle>false</autoIncrementCycle>
</Column>
<Column name="Proyecto_id_proyecto" id="47A967F6-6282-1999-49DA-09CCE0D9ED1E">
<createdBy>34693</createdBy>
<createdTime>2024-11-19 07:34:43 UTC</createdTime>
<generatorID>D907220A-8D77-7C04-22A1-F5C860BAD5B9</generatorID>
<ownerDesignName>ER_corregido</ownerDesignName>
<useDomainConstraints>false</useDomainConstraints>
<use>1</use>
<logicalDatatype>LOGDT011</logicalDatatype>
<ownDataTypeParameters>,,</ownDataTypeParameters>
<previousColumn>false</previousColumn>
<autoIncrementCycle>false</autoIncrementCycle>
<associations>
<colAssociation fkAssociation="AC4A188F-3093-2B1C-32BC-C6F3A1BE6390" referredColumn="E6F0A2C7-8DF0-39C7-D6B0-F5735DAAF91D"/>
</associations>
</Column>
<Column name="Usuario_id_usuario" id="CD1057C4-AA02-1986-EDCC-2C09860DC199">
<createdBy>34693</createdBy>
<createdTime>2024-11-19 07:34:43 UTC</createdTime>
<comment><![CDATA[Usuario responsable de la aplicación. ]]></comment>
<generatorID>3B990AB7-2322-AA87-9303-A23C4BEEB913</generatorID>
<ownerDesignName>ER_corregido</ownerDesignName>
<useDomainConstraints>false</useDomainConstraints>
<use>1</use>
<logicalDatatype>LOGDT011</logicalDatatype>
<ownDataTypeParameters>,,</ownDataTypeParameters>
<previousColumn>false</previousColumn>
<autoIncrementCycle>false</autoIncrementCycle>
<associations>
<colAssociation fkAssociation="EA5DF84E-DA01-7932-0B0D-B690CD8A27D2" referredColumn="84262A2D-2D8C-97CB-4B21-629FEF0D8641"/>
</associations>
</Column>
<Column name="Documento_id_elementoSW" id="A6780292-73FB-7DED-4AD9-8D7CE9DBC194">
<createdBy>34693</createdBy>
<createdTime>2024-11-19 07:34:43 UTC</createdTime>
<comment><![CDATA[Identificador único del elemento SW. ]]></comment>
<generatorID>56407D3E-B3E2-FDAF-98C5-CFDC708C0CBC</generatorID>
<ownerDesignName>ER_corregido</ownerDesignName>
<useDomainConstraints>false</useDomainConstraints>
<use>1</use>
<logicalDatatype>LOGDT011</logicalDatatype>
<ownDataTypeParameters>,,</ownDataTypeParameters>
<previousColumn>false</previousColumn>
<autoIncrementCycle>false</autoIncrementCycle>
<associations>
<colAssociation fkAssociation="28EE86AD-5D0E-A224-6455-7B6B176E31DF" referredColumn="D8323564-5CAE-F42D-6285-83EEDB14B417"/>
</associations>
</Column>
</columns>
<indexes itemClass="oracle.dbtools.crest.model.design.relational.Index">
<ind_PK_UK id="B9800854-ECD5-B409-D255-94B97348268A" name="Aplicación_PK">
<createdBy>34693</createdBy>
<createdTime>2024-11-19 07:34:43 UTC</createdTime>
<generatorID>8E62A16B-59A9-9FC7-FE7D-D599B06ACA7F</generatorID>
<ownerDesignName>ER_corregido</ownerDesignName>
<pk>true</pk>
<indexState>Primary Constraint</indexState>
<isSurrogateKey>false</isSurrogateKey>
<indexColumnUsage>
<colUsage columnID="599CC8F7-19D6-6F22-AA02-145BB00E940B"/>
</indexColumnUsage>
</ind_PK_UK>
<ind_PK_UK id="F4B880FC-28A3-4240-4353-F66AE059F817" name="Aplicación_Documento_FK">
<createdBy>34693</createdBy>
<createdTime>2024-11-19 07:34:43 UTC</createdTime>
<generatorID>6D0456B9-95E4-7698-65C4-3428BCF02EF0</generatorID>
<ownerDesignName>ER_corregido</ownerDesignName>
<indexState>Foreign Key</indexState>
<isSurrogateKey>false</isSurrogateKey>
<indexColumnUsage>
<colUsage columnID="A6780292-73FB-7DED-4AD9-8D7CE9DBC194"/>
</indexColumnUsage>
</ind_PK_UK>
<ind_PK_UK id="E0C7DDD8-FEA9-8D31-EC8A-716C2B5B5BE2" name="Aplicación_Usuario_FK">
<createdBy>34693</createdBy>
<createdTime>2024-11-19 07:34:43 UTC</createdTime>
<generatorID>2D33707B-461C-4BE2-456C-CCB62A44B6BA</generatorID>
<ownerDesignName>ER_corregido</ownerDesignName>
<indexState>Foreign Key</indexState>
<isSurrogateKey>false</isSurrogateKey>
<indexColumnUsage>
<colUsage columnID="CD1057C4-AA02-1986-EDCC-2C09860DC199"/>
</indexColumnUsage>
</ind_PK_UK>
<ind_PK_UK id="75563176-76AC-9CEA-643E-D14EEB2B3BF4" name="Aplicación_Proyecto_FK">
<createdBy>34693</createdBy>
<createdTime>2024-11-19 07:34:43 UTC</createdTime>
<generatorID>F129D8E8-351D-B039-830F-47AC519DC453</generatorID>
<ownerDesignName>ER_corregido</ownerDesignName>
<indexState>Foreign Key</indexState>
<isSurrogateKey>false</isSurrogateKey>
<indexColumnUsage>
<colUsage columnID="47A967F6-6282-1999-49DA-09CCE0D9ED1E"/>
</indexColumnUsage>
</ind_PK_UK>
</indexes>
</Table>