<?xml version = '1.0' encoding = 'UTF-8'?>
<Table class="oracle.dbtools.crest.model.design.relational.Table" directorySegmentName="seg_0" id="47590D75-B486-47DD-0941-572F77980714" name="Técnico">
<createdBy>34693</createdBy>
<createdTime>2024-11-19 07:34:43 UTC</createdTime>
<generatorID>43D652C4-EB1D-5B9B-7585-750465EB6812</generatorID>
<ownerDesignName>ER_corregido</ownerDesignName>
<ordsAlias>tecnico</ordsAlias>
<allowColumnReorder>false</allowColumnReorder>
<existDependencyGenerateInDDl>true</existDependencyGenerateInDDl>
<parsed>true</parsed>
<columns itemClass="oracle.dbtools.crest.model.design.relational.Column">
<Column name="id_personal" id="6966663A-0516-E719-2373-9FB28F0426C3">
<createdBy>34693</createdBy>
<createdTime>2024-11-19 07:34:43 UTC</createdTime>
<comment><![CDATA[identificador del personal. ]]></comment>
<generatorID>934A6097-56FB-816E-2501-83F82EB8A7A4</generatorID>
<ownerDesignName>ER_corregido</ownerDesignName>
<useDomainConstraints>false</useDomainConstraints>
<use>1</use>
<logicalDatatype>LOGDT011</logicalDatatype>
<ownDataTypeParameters>,,</ownDataTypeParameters>
<autoIncrementCycle>false</autoIncrementCycle>
<associations>
<colAssociation fkAssociation="39048000-823F-4691-D8E0-56CE0CEC01E6" referredColumn="99E9408B-A70C-465B-7191-A4888B5F0159"/>
</associations>
</Column>
<Column name="Categoria" id="9F234A92-0F8C-1B90-A154-55D452E320EA">
<createdBy>34693</createdBy>
<createdTime>2024-11-19 07:34:43 UTC</createdTime>
<comment><![CDATA[Categoría del empleado. ]]></comment>
<generatorID>0DD434D4-A05F-CE94-F40A-E23FF79C7ECB</generatorID>
<ownerDesignName>ER_corregido</ownerDesignName>
<useDomainConstraints>false</useDomainConstraints>
<use>1</use>
<logicalDatatype>A3A3C77D-0366-9768-FF89-1C25E56881C8</logicalDatatype>
<ownDataTypeParameters>,,</ownDataTypeParameters>
<previousColumn>false</previousColumn>
<autoIncrementCycle>false</autoIncrementCycle>
</Column>
<Column name="Coste_hora" id="3C6F93AD-5173-8FE9-702E-38B124A55749">
<createdBy>34693</createdBy>
<createdTime>2024-11-19 08:02:24 UTC</createdTime>
<ownerDesignName>ER_corregido</ownerDesignName>
<nullsAllowed>true</nullsAllowed>
<useDomainConstraints>false</useDomainConstraints>
<use>1</use>
<logicalDatatype>LOGDT021</logicalDatatype>
<ownDataTypeParameters>,,</ownDataTypeParameters>
<autoIncrementCycle>false</autoIncrementCycle>
</Column>
</columns>
<indexes itemClass="oracle.dbtools.crest.model.design.relational.Index">
<ind_PK_UK id="6E8D2E92-4F37-F8FB-9DA9-6EECF40E7524" name="Técnico_PK">
<createdBy>34693</createdBy>
<createdTime>2024-11-19 07:34:43 UTC</createdTime>
<generatorID>AC057FA5-F88A-2347-5D66-E00CAD295714</generatorID>
<ownerDesignName>ER_corregido</ownerDesignName>
<pk>true</pk>
<indexState>Primary Constraint</indexState>
<isSurrogateKey>false</isSurrogateKey>
<indexColumnUsage>
<colUsage columnID="6966663A-0516-E719-2373-9FB28F0426C3"/>
</indexColumnUsage>
</ind_PK_UK>
<ind_PK_UK id="55B70179-346C-A9E2-8720-E131225ED5AE" name="Técnico_PKv1">
<createdBy>34693</createdBy>
<createdTime>2024-11-19 07:34:43 UTC</createdTime>
<generatorID>F1761E54-F6E9-9412-D517-FC24900B5326</generatorID>
<ownerDesignName>ER_corregido</ownerDesignName>
<indexState>Unique Constraint</indexState>
<isSurrogateKey>false</isSurrogateKey>
<indexColumnUsage>
<colUsage columnID="6966663A-0516-E719-2373-9FB28F0426C3"/>
</indexColumnUsage>
</ind_PK_UK>
<ind_PK_UK id="B13F887C-5393-F902-01DD-3C5B0B13DB4D" name="Técnico_Personal_FK">
<createdBy>34693</createdBy>
<createdTime>2024-11-19 11:21:06 UTC</createdTime>
<generatorID>AC057FA5-F88A-2347-5D66-E00CAD295714</generatorID>
<ownerDesignName>ER_corregido</ownerDesignName>
<indexState>Foreign Key</indexState>
<isSurrogateKey>false</isSurrogateKey>
<indexColumnUsage>
<colUsage columnID="6966663A-0516-E719-2373-9FB28F0426C3"/>
</indexColumnUsage>
</ind_PK_UK>
</indexes>
</Table>