<?xml version = '1.0' encoding = 'UTF-8'?>
<Table class="oracle.dbtools.crest.model.design.relational.Table" directorySegmentName="seg_0" id="49646A22-53C5-C47C-BEED-EBE222FA9D96" name="Usuario">
<createdBy>34693</createdBy>
<createdTime>2024-11-19 11:53:22 UTC</createdTime>
<ownerDesignName>ER_corregido</ownerDesignName>
<ordsAlias>table_20</ordsAlias>
<allowColumnReorder>false</allowColumnReorder>
<existDependencyGenerateInDDl>true</existDependencyGenerateInDDl>
<parsed>true</parsed>
<columns itemClass="oracle.dbtools.crest.model.design.relational.Column">
<Column name="id_usuario" id="1E13785E-5399-F9F6-2212-B7BD16065CFB">
<createdBy>34693</createdBy>
<createdTime>2024-12-23 21:53:57 UTC</createdTime>
<ownerDesignName>ER_corregido</ownerDesignName>
<useDomainConstraints>false</useDomainConstraints>
<use>1</use>
<logicalDatatype>LOGDT011</logicalDatatype>
<ownDataTypeParameters>,,</ownDataTypeParameters>
<autoIncrementCycle>false</autoIncrementCycle>
</Column>
<Column name="Nombre" id="A04C8A0A-95FD-7CE3-6D2C-0CA7FC65EADF">
<createdBy>34693</createdBy>
<createdTime>2024-11-19 12:00:02 UTC</createdTime>
<comment><![CDATA[El nombre (único) del usuario]]></comment>
<ownerDesignName>ER_corregido</ownerDesignName>
<useDomainConstraints>false</useDomainConstraints>
<use>1</use>
<logicalDatatype>A3A3C77D-0366-9768-FF89-1C25E56881C8</logicalDatatype>
<listOfValues>
<valueDef value="Comerical" description="Se trata de un personal perteneciente al departamento comercial "/>
<valueDef value="Técnico" description="Se trata de un personal perteneciente al departamento técnico."/>
<valueDef value="Usuario cliente" description="Indica que se trata de un usuario cliente, "/>
</listOfValues>
<ownDataTypeParameters>,,</ownDataTypeParameters>
<autoIncrementCycle>false</autoIncrementCycle>
</Column>
<Column name="Password" id="2567C6F5-445D-8F28-1474-60418969C4BD">
<createdBy>34693</createdBy>
<createdTime>2024-11-19 12:00:02 UTC</createdTime>
<comment><![CDATA[La contraseña que va a tener el usuario. Debe de tener mínimo 8 caracteres que tienen que incluir una letra, un número y un caracter especial]]></comment>
<ownerDesignName>ER_corregido</ownerDesignName>
<useDomainConstraints>false</useDomainConstraints>
<use>1</use>
<logicalDatatype>A3A3C77D-0366-9768-FF89-1C25E56881C8</logicalDatatype>
<ownDataTypeParameters>,,</ownDataTypeParameters>
<autoIncrementCycle>false</autoIncrementCycle>
</Column>
<Column name="Rol" id="3574B996-EBCE-BF6D-0864-76893217DD64">
<createdBy>34693</createdBy>
<createdTime>2024-11-19 12:00:02 UTC</createdTime>
<comment><![CDATA[Los roles que puede ser un usuario (Cliente, Personal, Comercial y Técnico)]]></comment>
<ownerDesignName>ER_corregido</ownerDesignName>
<nullsAllowed>true</nullsAllowed>
<useDomainConstraints>false</useDomainConstraints>
<use>1</use>
<logicalDatatype>A3A3C77D-0366-9768-FF89-1C25E56881C8</logicalDatatype>
<ownDataTypeParameters>,,</ownDataTypeParameters>
<autoIncrementCycle>false</autoIncrementCycle>
</Column>
</columns>
<indexes itemClass="oracle.dbtools.crest.model.design.relational.Index">
<ind_PK_UK id="B2B50BC1-F160-F080-2B2D-00A6C92DEADF" name="Usuario_PKv1">
<createdBy>34693</createdBy>
<createdTime>2024-11-19 12:00:07 UTC</createdTime>
<ownerDesignName>ER_corregido</ownerDesignName>
<pk>true</pk>
<indexState>Primary Constraint</indexState>
<isSurrogateKey>false</isSurrogateKey>
<indexColumnUsage>
<colUsage columnID="1E13785E-5399-F9F6-2212-B7BD16065CFB"/>
</indexColumnUsage>
</ind_PK_UK>
</indexes>
</Table>