<?xml version = '1.0' encoding = 'UTF-8'?>
<Table class="oracle.dbtools.crest.model.design.relational.Table" directorySegmentName="seg_0" id="4DCA5797-D874-9A4B-58F4-8216BB3EAEEE" name="Proyecto">
<createdBy>34693</createdBy>
<createdTime>2024-11-19 07:34:43 UTC</createdTime>
<generatorID>FD55EBA4-4334-E7A3-11E3-5FB21DDFD3A2</generatorID>
<ownerDesignName>ER_corregido</ownerDesignName>
<allowColumnReorder>false</allowColumnReorder>
<existDependencyGenerateInDDl>true</existDependencyGenerateInDDl>
<parsed>true</parsed>
<columns itemClass="oracle.dbtools.crest.model.design.relational.Column">
<Column name="id_proyecto" id="E6F0A2C7-8DF0-39C7-D6B0-F5735DAAF91D">
<createdBy>34693</createdBy>
<createdTime>2024-11-19 07:34:43 UTC</createdTime>
<comment><![CDATA[Identificador único del proyecto.]]></comment>
<generatorID>10EF8C65-D947-851E-E631-FD1A77ABBDD9</generatorID>
<ownerDesignName>ER_corregido</ownerDesignName>
<useDomainConstraints>false</useDomainConstraints>
<use>1</use>
<logicalDatatype>LOGDT011</logicalDatatype>
<ownDataTypeParameters>,,</ownDataTypeParameters>
<autoIncrementCycle>false</autoIncrementCycle>
</Column>
<Column name="Empresa_cliente_id_empresa" id="CBE9A64C-3D70-F5BE-669F-93B2B3817074">
<createdBy>34693</createdBy>
<createdTime>2024-11-19 07:34:43 UTC</createdTime>
<generatorID>D3515286-E4FD-C9A7-3636-276CA843E76B</generatorID>
<ownerDesignName>ER_corregido</ownerDesignName>
<useDomainConstraints>false</useDomainConstraints>
<use>1</use>
<logicalDatatype>LOGDT011</logicalDatatype>
<ownDataTypeParameters>,,</ownDataTypeParameters>
<previousColumn>false</previousColumn>
<autoIncrementCycle>false</autoIncrementCycle>
<associations>
<colAssociation fkAssociation="18C549EF-B7CF-A8B8-A308-C31A1F865489" referredColumn="1C014DB8-7439-DE24-88F9-B6960127D388"/>
</associations>
</Column>
<Column name="precio_total" id="C6A9EFC2-FB43-EDCE-5C59-1823C69F40B2">
<createdBy>34693</createdBy>
<createdTime>2024-11-19 07:34:43 UTC</createdTime>
<comment><![CDATA[Coste total del proyecto. ]]></comment>
<generatorID>830F92B2-5486-F57F-0423-185F471909E1</generatorID>
<ownerDesignName>ER_corregido</ownerDesignName>
<nullsAllowed>true</nullsAllowed>
<useDomainConstraints>false</useDomainConstraints>
<use>1</use>
<logicalDatatype>LOGDT021</logicalDatatype>
<ownDataTypeParameters>,,</ownDataTypeParameters>
<autoIncrementCycle>false</autoIncrementCycle>
</Column>
<Column name="fecha_ini" id="0500EE36-D046-9BAC-4A0E-5467BD0B1FA8">
<createdBy>34693</createdBy>
<createdTime>2024-11-19 07:34:43 UTC</createdTime>
<comment><![CDATA[Fecha de comienzo del proyecto. ]]></comment>
<generatorID>2A545E1B-CB46-7A4A-AD0B-6EDBA6C3498D</generatorID>
<ownerDesignName>ER_corregido</ownerDesignName>
<nullsAllowed>true</nullsAllowed>
<useDomainConstraints>false</useDomainConstraints>
<use>1</use>
<logicalDatatype>LOGDT007</logicalDatatype>
<ownDataTypeParameters>,,</ownDataTypeParameters>
<autoIncrementCycle>false</autoIncrementCycle>
</Column>
<Column name="fecha_fin" id="D4F4436E-E5A5-A0E9-E786-97D7A80C7923">
<createdBy>34693</createdBy>
<createdTime>2024-11-19 07:34:43 UTC</createdTime>
<generatorID>78AD1FC3-3BD3-5F52-C698-80CBF1F0CCDF</generatorID>
<ownerDesignName>ER_corregido</ownerDesignName>
<nullsAllowed>true</nullsAllowed>
<useDomainConstraints>false</useDomainConstraints>
<use>1</use>
<logicalDatatype>LOGDT007</logicalDatatype>
<ownDataTypeParameters>,,</ownDataTypeParameters>
<autoIncrementCycle>false</autoIncrementCycle>
</Column>
<Column name="tiempo_estimado" id="A6FE14F8-EB9B-228E-6ED2-DADF95C0F239">
<createdBy>34693</createdBy>
<createdTime>2024-11-19 07:34:43 UTC</createdTime>
<comment><![CDATA[Estimación del número de horas dedicadas al proyecto. ]]></comment>
<generatorID>8CD04DE6-ABCA-494C-1D18-CA7161023476</generatorID>
<ownerDesignName>ER_corregido</ownerDesignName>
<nullsAllowed>true</nullsAllowed>
<useDomainConstraints>false</useDomainConstraints>
<use>1</use>
<logicalDatatype>LOGDT011</logicalDatatype>
<ownDataTypeParameters>,,</ownDataTypeParameters>
<autoIncrementCycle>false</autoIncrementCycle>
</Column>
<Column name="tiempo_dedicado" id="BBE316A0-5BCC-FD8E-F435-4DBF6563966F">
<createdBy>34693</createdBy>
<createdTime>2024-11-19 07:34:43 UTC</createdTime>
<comment><![CDATA[Suma de horas reales dedicadas al proyecto. ]]></comment>
<generatorID>43B1E1EE-CF67-3EA6-9752-C63CE1BDCA6B</generatorID>
<ownerDesignName>ER_corregido</ownerDesignName>
<nullsAllowed>true</nullsAllowed>
<useDomainConstraints>false</useDomainConstraints>
<use>1</use>
<logicalDatatype>LOGDT011</logicalDatatype>
<ownDataTypeParameters>,,</ownDataTypeParameters>
<autoIncrementCycle>false</autoIncrementCycle>
</Column>
<Column name="estado" id="8A6EEE75-9DE4-B759-3648-30B4A0B292F3">
<createdBy>34693</createdBy>
<createdTime>2024-11-19 07:34:43 UTC</createdTime>
<comment><![CDATA[Posibles valores: Vigente, Terminado]]></comment>
<generatorID>2478C9B5-4D83-505F-7932-29856411235A</generatorID>
<ownerDesignName>ER_corregido</ownerDesignName>
<nullsAllowed>true</nullsAllowed>
<useDomainConstraints>false</useDomainConstraints>
<use>1</use>
<logicalDatatype>A3A3C77D-0366-9768-FF89-1C25E56881C8</logicalDatatype>
<ownDataTypeParameters>,,</ownDataTypeParameters>
<autoIncrementCycle>false</autoIncrementCycle>
</Column>
<Column name="Técnico_id_personal" id="64BD4C7B-71D1-AD09-DA02-0E7E911A5C68">
<createdBy>34693</createdBy>
<createdTime>2024-11-19 08:02:24 UTC</createdTime>
<ownerDesignName>ER_corregido</ownerDesignName>
<nullsAllowed>true</nullsAllowed>
<useDomainConstraints>false</useDomainConstraints>
<use>1</use>
<logicalDatatype>LOGDT011</logicalDatatype>
<ownDataTypeParameters>,,</ownDataTypeParameters>
<previousColumn>false</previousColumn>
<autoIncrementCycle>false</autoIncrementCycle>
<associations>
<colAssociation fkAssociation="FBF36FAD-A877-6A4D-3E0E-138D88B4AD83" referredColumn="6966663A-0516-E719-2373-9FB28F0426C3"/>
</associations>
</Column>
</columns>
<indexes itemClass="oracle.dbtools.crest.model.design.relational.Index">
<ind_PK_UK id="F2BB1306-7FD5-27CC-ED33-3D3184C50244" name="Proyecto_PK">
<createdBy>34693</createdBy>
<createdTime>2024-11-19 07:34:43 UTC</createdTime>
<generatorID>4330A78B-19B9-E5D4-4D44-E0596044B47C</generatorID>
<ownerDesignName>ER_corregido</ownerDesignName>
<pk>true</pk>
<indexState>Primary Constraint</indexState>
<isSurrogateKey>false</isSurrogateKey>
<indexColumnUsage>
<colUsage columnID="E6F0A2C7-8DF0-39C7-D6B0-F5735DAAF91D"/>
</indexColumnUsage>
</ind_PK_UK>
<ind_PK_UK id="D6DCFC82-A030-FD92-66BB-D408E6EFF7DC" name="Proyecto_Empresa_cliente_FK">
<createdBy>34693</createdBy>
<createdTime>2024-11-19 07:34:43 UTC</createdTime>
<generatorID>33999466-7F83-6FBC-BED1-17BFE76C8969</generatorID>
<ownerDesignName>ER_corregido</ownerDesignName>
<indexState>Foreign Key</indexState>
<isSurrogateKey>false</isSurrogateKey>
<indexColumnUsage>
<colUsage columnID="CBE9A64C-3D70-F5BE-669F-93B2B3817074"/>
</indexColumnUsage>
</ind_PK_UK>
<ind_PK_UK id="D7395CC2-731E-E9F7-F8BE-07AEFE4E823F" name="Proyecto_Técnico_FK">
<createdBy>34693</createdBy>
<createdTime>2024-11-19 07:34:43 UTC</createdTime>
<generatorID>835CDE9F-9EC1-6D49-23A1-740FCCC6977A</generatorID>
<ownerDesignName>ER_corregido</ownerDesignName>
<indexState>Foreign Key</indexState>
<isSurrogateKey>false</isSurrogateKey>
<indexColumnUsage>
<colUsage columnID="64BD4C7B-71D1-AD09-DA02-0E7E911A5C68"/>
</indexColumnUsage>
</ind_PK_UK>
</indexes>
</Table>