<?xml version = '1.0' encoding = 'UTF-8'?>
<Table class="oracle.dbtools.crest.model.design.relational.Table" directorySegmentName="seg_0" id="5067960C-EDB7-104E-DDEB-58E9355FF1C1" name="Llama_a">
<createdBy>34693</createdBy>
<createdTime>2024-11-19 07:34:43 UTC</createdTime>
<ownerDesignName>ER_corregido</ownerDesignName>
<allowColumnReorder>false</allowColumnReorder>
<existDependencyGenerateInDDl>true</existDependencyGenerateInDDl>
<parsed>true</parsed>
<columns itemClass="oracle.dbtools.crest.model.design.relational.Column">
<Column name="Programa_id_elementoSW" id="25A813ED-8138-EE4D-DC84-BE5C46D61D44">
<createdBy>34693</createdBy>
<createdTime>2024-11-19 07:34:43 UTC</createdTime>
<ownerDesignName>ER_corregido</ownerDesignName>
<useDomainConstraints>false</useDomainConstraints>
<use>1</use>
<logicalDatatype>LOGDT011</logicalDatatype>
<ownDataTypeParameters>,,</ownDataTypeParameters>
<previousColumn>false</previousColumn>
<autoIncrementCycle>false</autoIncrementCycle>
<associations>
<colAssociation fkAssociation="9FE36C5F-1541-0FE5-3990-463390CA10A8" referredColumn="24FA5565-DAFB-6999-38C3-8252E3C5DEC0"/>
</associations>
</Column>
<Column name="Programa_id_elementoSW1" id="E55A263F-8159-242A-A61B-B891E7C86D0D">
<createdBy>34693</createdBy>
<createdTime>2024-11-19 07:34:43 UTC</createdTime>
<ownerDesignName>ER_corregido</ownerDesignName>
<useDomainConstraints>false</useDomainConstraints>
<use>1</use>
<logicalDatatype>LOGDT011</logicalDatatype>
<ownDataTypeParameters>,,</ownDataTypeParameters>
<previousColumn>false</previousColumn>
<autoIncrementCycle>false</autoIncrementCycle>
<associations>
<colAssociation fkAssociation="1CC87FB7-0256-BDA3-4B64-8AFAEAC15892" referredColumn="24FA5565-DAFB-6999-38C3-8252E3C5DEC0"/>
</associations>
</Column>
</columns>
<indexes itemClass="oracle.dbtools.crest.model.design.relational.Index">
<ind_PK_UK id="D62BC33D-0E79-F28F-C9F9-6A3DFA141A7F" name="Llama_a_PK">
<createdBy>34693</createdBy>
<createdTime>2024-11-19 07:34:43 UTC</createdTime>
<ownerDesignName>ER_corregido</ownerDesignName>
<pk>true</pk>
<indexState>Primary Constraint</indexState>
<isSurrogateKey>false</isSurrogateKey>
<indexColumnUsage>
<colUsage columnID="25A813ED-8138-EE4D-DC84-BE5C46D61D44"/>
<colUsage columnID="E55A263F-8159-242A-A61B-B891E7C86D0D"/>
</indexColumnUsage>
</ind_PK_UK>
<ind_PK_UK id="193D5C26-83FF-D2ED-243F-55E0DDD65322" name="Llama_a_Programa_FK">
<createdBy>34693</createdBy>
<createdTime>2024-11-19 07:34:43 UTC</createdTime>
<generatorID>B74D5EDD-D0EF-7A62-542F-1D4DC1ECE20D</generatorID>
<ownerDesignName>ER_corregido</ownerDesignName>
<indexState>Foreign Key</indexState>
<isSurrogateKey>false</isSurrogateKey>
<indexColumnUsage>
<colUsage columnID="25A813ED-8138-EE4D-DC84-BE5C46D61D44"/>
</indexColumnUsage>
</ind_PK_UK>
<ind_PK_UK id="9552D9C2-E52A-B752-AAC7-1780C9DAC530" name="Llama_a_Programa_FKv1">
<createdBy>34693</createdBy>
<createdTime>2024-11-19 07:34:43 UTC</createdTime>
<generatorID>B74D5EDD-D0EF-7A62-542F-1D4DC1ECE20D</generatorID>
<ownerDesignName>ER_corregido</ownerDesignName>
<indexState>Foreign Key</indexState>
<isSurrogateKey>false</isSurrogateKey>
<indexColumnUsage>
<colUsage columnID="E55A263F-8159-242A-A61B-B891E7C86D0D"/>
</indexColumnUsage>
</ind_PK_UK>
</indexes>
</Table>