<?xml version = '1.0' encoding = 'UTF-8'?>
<Table class="oracle.dbtools.crest.model.design.relational.Table" directorySegmentName="seg_0" id="5067960C-EDB7-104E-DDEB-58E9355FF1C1" name="Llama_a">
<createdBy>34693</createdBy>
<createdTime>2024-11-19 07:34:43 UTC</createdTime>
<ownerDesignName>ER_corregido</ownerDesignName>
<allowColumnReorder>false</allowColumnReorder>
<existDependencyGenerateInDDl>true</existDependencyGenerateInDDl>
<parsed>true</parsed>
<columns itemClass="oracle.dbtools.crest.model.design.relational.Column">
<Column name="Programa_id_elementoSW" id="25A813ED-8138-EE4D-DC84-BE5C46D61D44">
<createdBy>34693</createdBy>
<createdTime>2024-11-19 07:34:43 UTC</createdTime>
<comment><![CDATA[Programa que llama al otro programa]]></comment>
<ownerDesignName>ER_corregido</ownerDesignName>
<useDomainConstraints>false</useDomainConstraints>
<use>1</use>
<logicalDatatype>LOGDT011</logicalDatatype>
<ownDataTypeParameters>,,</ownDataTypeParameters>
<previousColumn>false</previousColumn>
<autoIncrementCycle>false</autoIncrementCycle>
<associations>
<colAssociation fkAssociation="23D08C19-B22C-0C5D-90D7-66C34B3D33C1" referredColumn="03BC39C1-4359-AE26-8B3C-9EC390C11266"/>
</associations>
</Column>
<Column name="Programa_Llamado_id_elementoSW" id="E55A263F-8159-242A-A61B-B891E7C86D0D">
<createdBy>34693</createdBy>
<createdTime>2024-11-19 07:34:43 UTC</createdTime>
<comment><![CDATA[Programa que es llamado por el otro programa
]]></comment>
<ownerDesignName>ER_corregido</ownerDesignName>
<useDomainConstraints>false</useDomainConstraints>
<use>1</use>
<logicalDatatype>LOGDT011</logicalDatatype>
<ownDataTypeParameters>,,</ownDataTypeParameters>
<previousColumn>false</previousColumn>
<autoIncrementCycle>false</autoIncrementCycle>
</Column>
</columns>
<indexes itemClass="oracle.dbtools.crest.model.design.relational.Index">
<ind_PK_UK id="D62BC33D-0E79-F28F-C9F9-6A3DFA141A7F" name="Llama_a_PK">
<createdBy>34693</createdBy>
<createdTime>2024-11-19 07:34:43 UTC</createdTime>
<ownerDesignName>ER_corregido</ownerDesignName>
<pk>true</pk>
<indexState>Primary Constraint</indexState>
<isSurrogateKey>false</isSurrogateKey>
<indexColumnUsage>
<colUsage columnID="25A813ED-8138-EE4D-DC84-BE5C46D61D44"/>
<colUsage columnID="E55A263F-8159-242A-A61B-B891E7C86D0D"/>
</indexColumnUsage>
</ind_PK_UK>
<ind_PK_UK id="64D5629E-55EF-689C-A170-0297EE8E9C38" name="Llama_a_Elemento_Software_FK">
<createdBy>34693</createdBy>
<createdTime>2024-12-23 21:58:46 UTC</createdTime>
<generatorID>0C74823F-775C-ECA6-28C1-63472114B102</generatorID>
<ownerDesignName>ER_corregido</ownerDesignName>
<indexState>Foreign Key</indexState>
<isSurrogateKey>false</isSurrogateKey>
<indexColumnUsage>
<colUsage columnID="25A813ED-8138-EE4D-DC84-BE5C46D61D44"/>
</indexColumnUsage>
</ind_PK_UK>
</indexes>
</Table>