<?xml version = '1.0' encoding = 'UTF-8'?>
<Table class="oracle.dbtools.crest.model.design.relational.Table" directorySegmentName="seg_0" id="50D425D0-28EC-1B35-2268-B1F8FCBBE59D" name="Formada_Por">
<createdBy>34693</createdBy>
<createdTime>2024-11-19 07:34:43 UTC</createdTime>
<ownerDesignName>ER_corregido</ownerDesignName>
<allowColumnReorder>false</allowColumnReorder>
<existDependencyGenerateInDDl>true</existDependencyGenerateInDDl>
<parsed>true</parsed>
<columns itemClass="oracle.dbtools.crest.model.design.relational.Column">
<Column name="Aplicación_id_aplicacion" id="30428256-FE8D-F3D6-F65E-F48195D40CE3">
<createdBy>34693</createdBy>
<createdTime>2024-11-19 07:34:43 UTC</createdTime>
<ownerDesignName>ER_corregido</ownerDesignName>
<useDomainConstraints>false</useDomainConstraints>
<use>1</use>
<logicalDatatype>LOGDT011</logicalDatatype>
<ownDataTypeParameters>,,</ownDataTypeParameters>
<previousColumn>false</previousColumn>
<autoIncrementCycle>false</autoIncrementCycle>
<associations>
<colAssociation fkAssociation="C2408434-4F56-46CC-BC2C-48997C56040E" referredColumn="599CC8F7-19D6-6F22-AA02-145BB00E940B"/>
</associations>
</Column>
<Column name="Elemento_SW_id_elementoSW" id="31379163-192F-8C66-8397-394748DF7C5F">
<createdBy>34693</createdBy>
<createdTime>2024-11-19 07:34:43 UTC</createdTime>
<ownerDesignName>ER_corregido</ownerDesignName>
<useDomainConstraints>false</useDomainConstraints>
<use>1</use>
<logicalDatatype>LOGDT011</logicalDatatype>
<ownDataTypeParameters>,,</ownDataTypeParameters>
<previousColumn>false</previousColumn>
<autoIncrementCycle>false</autoIncrementCycle>
<associations>
<colAssociation fkAssociation="9603A83F-4975-52D8-30F4-CD89D093A25F" referredColumn="03BC39C1-4359-AE26-8B3C-9EC390C11266"/>
</associations>
</Column>
</columns>
<indexes itemClass="oracle.dbtools.crest.model.design.relational.Index">
<ind_PK_UK id="5A63D75D-B189-F0A3-EA73-20B233150E6B" name="Formada_Por_PK">
<createdBy>34693</createdBy>
<createdTime>2024-11-19 07:34:43 UTC</createdTime>
<ownerDesignName>ER_corregido</ownerDesignName>
<pk>true</pk>
<indexState>Primary Constraint</indexState>
<isSurrogateKey>false</isSurrogateKey>
<indexColumnUsage>
<colUsage columnID="30428256-FE8D-F3D6-F65E-F48195D40CE3"/>
<colUsage columnID="31379163-192F-8C66-8397-394748DF7C5F"/>
</indexColumnUsage>
</ind_PK_UK>
<ind_PK_UK id="91222E86-6DD8-5A62-7EDF-808FAF0191DD" name="Formada_Por_Aplicación_FK">
<createdBy>34693</createdBy>
<createdTime>2024-11-19 07:34:43 UTC</createdTime>
<generatorID>9006DFCE-455A-13CF-3BC0-AB1314D172B1</generatorID>
<ownerDesignName>ER_corregido</ownerDesignName>
<indexState>Foreign Key</indexState>
<isSurrogateKey>false</isSurrogateKey>
<indexColumnUsage>
<colUsage columnID="30428256-FE8D-F3D6-F65E-F48195D40CE3"/>
</indexColumnUsage>
</ind_PK_UK>
<ind_PK_UK id="9B9ACF13-1CF3-C150-51F0-9FA630869B47" name="Formada_Por_Elemento_SW_FK">
<createdBy>34693</createdBy>
<createdTime>2024-11-19 07:34:43 UTC</createdTime>
<generatorID>9006DFCE-455A-13CF-3BC0-AB1314D172B1</generatorID>
<ownerDesignName>ER_corregido</ownerDesignName>
<indexState>Foreign Key</indexState>
<isSurrogateKey>false</isSurrogateKey>
<indexColumnUsage>
<colUsage columnID="31379163-192F-8C66-8397-394748DF7C5F"/>
</indexColumnUsage>
</ind_PK_UK>
</indexes>
</Table>