<?xml version = '1.0' encoding = 'UTF-8'?>
<Table class="oracle.dbtools.crest.model.design.relational.Table" directorySegmentName="seg_0" id="5AA54B11-F807-D0D4-E3D8-0AA64E00D7BF" name="Elemento_Software">
<createdBy>34693</createdBy>
<createdTime>2024-11-19 07:34:43 UTC</createdTime>
<generatorID>A566765B-F689-D2AA-6359-1D6C2E6F7CA2</generatorID>
<ownerDesignName>ER_corregido</ownerDesignName>
<allowColumnReorder>false</allowColumnReorder>
<existDependencyGenerateInDDl>true</existDependencyGenerateInDDl>
<parsed>true</parsed>
<columns itemClass="oracle.dbtools.crest.model.design.relational.Column">
<Column name="id_elementoSW" id="03BC39C1-4359-AE26-8B3C-9EC390C11266">
<createdBy>34693</createdBy>
<createdTime>2024-11-19 07:34:43 UTC</createdTime>
<comment><![CDATA[Identificador único del elemento SW. ]]></comment>
<generatorID>6F475CEE-C6E0-7A7C-A81F-85161E969FBA</generatorID>
<ownerDesignName>ER_corregido</ownerDesignName>
<useDomainConstraints>false</useDomainConstraints>
<use>1</use>
<logicalDatatype>LOGDT011</logicalDatatype>
<ownDataTypeParameters>,,</ownDataTypeParameters>
<autoIncrementCycle>false</autoIncrementCycle>
</Column>
<Column name="nombre" id="0FB5B595-5177-B007-E84B-907B3BD986CB">
<createdBy>34693</createdBy>
<createdTime>2024-11-19 07:34:43 UTC</createdTime>
<comment><![CDATA[Nombre del elemento de software. ]]></comment>
<generatorID>B77398A8-E588-49A6-634B-B39109A28DAE</generatorID>
<ownerDesignName>ER_corregido</ownerDesignName>
<useDomainConstraints>false</useDomainConstraints>
<use>1</use>
<logicalDatatype>A3A3C77D-0366-9768-FF89-1C25E56881C8</logicalDatatype>
<ownDataTypeParameters>,,</ownDataTypeParameters>
<autoIncrementCycle>false</autoIncrementCycle>
</Column>
<Column name="direccion_almacenamiento" id="8C733BCA-DF22-E1DF-2C0C-F0805770E370">
<createdBy>34693</createdBy>
<createdTime>2024-11-19 07:34:43 UTC</createdTime>
<comment><![CDATA[Dirección de almacenamiento del elemento SW]]></comment>
<generatorID>F6315FAA-5537-528D-5ABC-6D49B92372A1</generatorID>
<ownerDesignName>ER_corregido</ownerDesignName>
<useDomainConstraints>false</useDomainConstraints>
<use>1</use>
<logicalDatatype>A3A3C77D-0366-9768-FF89-1C25E56881C8</logicalDatatype>
<ownDataTypeParameters>,,</ownDataTypeParameters>
<autoIncrementCycle>false</autoIncrementCycle>
</Column>
<Column name="inactivo" id="22829588-F250-45EA-2428-D5807EC3C0D5">
<createdBy>34693</createdBy>
<createdTime>2024-11-19 07:34:43 UTC</createdTime>
<comment><![CDATA[Si un elemento ha sido borrado y ya no se usa. ]]></comment>
<generatorID>A56DA4F6-BAC0-6FC4-C4ED-ACACB43ACE0D</generatorID>
<ownerDesignName>ER_corregido</ownerDesignName>
<nullsAllowed>true</nullsAllowed>
<useDomainConstraints>false</useDomainConstraints>
<use>1</use>
<logicalDatatype>LOGDT006</logicalDatatype>
<dataTypeSize>1</dataTypeSize>
<ownDataTypeParameters>1,,</ownDataTypeParameters>
<autoIncrementCycle>false</autoIncrementCycle>
</Column>
<Column name="Tarea_id_tarea" id="B6DA0342-3AE6-A288-F960-FFD1BDFA618E">
<createdBy>34693</createdBy>
<createdTime>2024-11-19 07:34:43 UTC</createdTime>
<comment><![CDATA[identificador único de la tarea. ]]></comment>
<generatorID>A2244E51-D628-8080-2F7A-B999799EED89</generatorID>
<ownerDesignName>ER_corregido</ownerDesignName>
<useDomainConstraints>false</useDomainConstraints>
<use>1</use>
<logicalDatatype>LOGDT011</logicalDatatype>
<ownDataTypeParameters>,,</ownDataTypeParameters>
<previousColumn>false</previousColumn>
<autoIncrementCycle>false</autoIncrementCycle>
<associations>
<colAssociation fkAssociation="5773A97A-2D14-601E-1304-92F8878FAF1A" referredColumn="73AFA86F-CF64-AB7B-3CEC-2069C41537D2"/>
</associations>
</Column>
<Column name="tipo_elemento" id="A342B0A6-BD0F-ED7E-EC74-2C0DEED6ACED">
<createdBy>34693</createdBy>
<createdTime>2024-12-23 21:57:54 UTC</createdTime>
<comment><![CDATA[Tipo de elemento SW (docuemnto, dato o programa)]]></comment>
<ownerDesignName>ER_corregido</ownerDesignName>
<nullsAllowed>true</nullsAllowed>
<useDomainConstraints>false</useDomainConstraints>
<use>1</use>
<logicalDatatype>A3A3C77D-0366-9768-FF89-1C25E56881C8</logicalDatatype>
<ownDataTypeParameters>,,</ownDataTypeParameters>
<autoIncrementCycle>false</autoIncrementCycle>
</Column>
<Column name="Elemento_SW_id_elementoSW" id="3FA3DBBA-24FE-3CC2-1D35-0AFD965FDDFC">
<createdBy>34693</createdBy>
<createdTime>2024-12-23 21:57:58 UTC</createdTime>
<comment><![CDATA[ID del elemento SW utilizado por este elemento SW]]></comment>
<ownerDesignName>ER_corregido</ownerDesignName>
<nullsAllowed>true</nullsAllowed>
<useDomainConstraints>false</useDomainConstraints>
<use>1</use>
<logicalDatatype>LOGDT011</logicalDatatype>
<ownDataTypeParameters>,,</ownDataTypeParameters>
<previousColumn>false</previousColumn>
<autoIncrementCycle>false</autoIncrementCycle>
<associations>
<colAssociation fkAssociation="FBD62095-AD76-6032-9FB9-0BF13C2D72DA" referredColumn="03BC39C1-4359-AE26-8B3C-9EC390C11266"/>
</associations>
</Column>
<Column name="Llama_a_Programa_id" id="844C404A-9B0C-2418-3D89-ADF01772B39A">
<createdBy>34693</createdBy>
<createdTime>2024-12-23 21:58:56 UTC</createdTime>
<comment><![CDATA[Programa al que llama este programa]]></comment>
<ownerDesignName>ER_corregido</ownerDesignName>
<nullsAllowed>true</nullsAllowed>
<useDomainConstraints>false</useDomainConstraints>
<use>1</use>
<logicalDatatype>LOGDT011</logicalDatatype>
<ownDataTypeParameters>,,</ownDataTypeParameters>
<previousColumn>false</previousColumn>
<autoIncrementCycle>false</autoIncrementCycle>
<associations>
<colAssociation fkAssociation="36901863-1DEB-EE21-80D1-6F453D6B0522" referredColumn="25A813ED-8138-EE4D-DC84-BE5C46D61D44"/>
</associations>
</Column>
<Column name="Llamado_por_Programa_id" id="1D62DB5C-6283-7F60-40E7-DA750FF2F2FC">
<createdBy>34693</createdBy>
<createdTime>2024-12-23 21:58:56 UTC</createdTime>
<comment><![CDATA[Programa por el que es llamado este programa]]></comment>
<ownerDesignName>ER_corregido</ownerDesignName>
<nullsAllowed>true</nullsAllowed>
<useDomainConstraints>false</useDomainConstraints>
<use>1</use>
<logicalDatatype>LOGDT011</logicalDatatype>
<ownDataTypeParameters>,,</ownDataTypeParameters>
<previousColumn>false</previousColumn>
<autoIncrementCycle>false</autoIncrementCycle>
<associations>
<colAssociation fkAssociation="36901863-1DEB-EE21-80D1-6F453D6B0522" referredColumn="E55A263F-8159-242A-A61B-B891E7C86D0D"/>
</associations>
</Column>
</columns>
<indexes itemClass="oracle.dbtools.crest.model.design.relational.Index">
<ind_PK_UK id="E2FF924F-503A-0B9F-3544-29D77BCFC103" name="Elemento_Software_PK">
<createdBy>34693</createdBy>
<createdTime>2024-11-19 07:34:43 UTC</createdTime>
<generatorID>0C74823F-775C-ECA6-28C1-63472114B102</generatorID>
<ownerDesignName>ER_corregido</ownerDesignName>
<pk>true</pk>
<indexState>Primary Constraint</indexState>
<isSurrogateKey>false</isSurrogateKey>
<indexColumnUsage>
<colUsage columnID="03BC39C1-4359-AE26-8B3C-9EC390C11266"/>
</indexColumnUsage>
</ind_PK_UK>
<ind_PK_UK id="57969C68-AE0A-B1EE-A4AC-CFC3D7BBBAE6" name="Elemento_Software_Tarea_FK">
<createdBy>34693</createdBy>
<createdTime>2024-11-19 07:34:43 UTC</createdTime>
<generatorID>B412DBA8-7FD5-A3D1-7DEC-305CD3EE724F</generatorID>
<ownerDesignName>ER_corregido</ownerDesignName>
<indexState>Foreign Key</indexState>
<isSurrogateKey>false</isSurrogateKey>
<indexColumnUsage>
<colUsage columnID="B6DA0342-3AE6-A288-F960-FFD1BDFA618E"/>
</indexColumnUsage>
</ind_PK_UK>
<ind_PK_UK id="D544B165-B2D1-0013-7ED1-AA8ED5518025" name="Elemento_SW_Elemento_SW_FK">
<createdBy>34693</createdBy>
<createdTime>2024-12-23 21:57:58 UTC</createdTime>
<generatorID>0C74823F-775C-ECA6-28C1-63472114B102</generatorID>
<ownerDesignName>ER_corregido</ownerDesignName>
<indexState>Foreign Key</indexState>
<isSurrogateKey>false</isSurrogateKey>
<indexColumnUsage>
<colUsage columnID="3FA3DBBA-24FE-3CC2-1D35-0AFD965FDDFC"/>
</indexColumnUsage>
</ind_PK_UK>
<ind_PK_UK id="F53E4EF2-D82A-F35C-C223-266B22CBF559" name="Elemento_Software_Llama_a_FK">
<createdBy>34693</createdBy>
<createdTime>2024-12-23 21:58:56 UTC</createdTime>
<ownerDesignName>ER_corregido</ownerDesignName>
<indexState>Foreign Key</indexState>
<isSurrogateKey>false</isSurrogateKey>
<indexColumnUsage>
<colUsage columnID="844C404A-9B0C-2418-3D89-ADF01772B39A"/>
<colUsage columnID="1D62DB5C-6283-7F60-40E7-DA750FF2F2FC"/>
</indexColumnUsage>
</ind_PK_UK>
</indexes>
</Table>