<?xml version = '1.0' encoding = 'UTF-8'?>
<Table class="oracle.dbtools.crest.model.design.relational.Table" directorySegmentName="seg_0" id="7650A3A5-487D-02B4-CB10-B767E1E7F5CA" name="Dato">
<createdBy>34693</createdBy>
<createdTime>2024-11-19 07:34:43 UTC</createdTime>
<generatorID>7224B835-A0D2-0D44-300A-29ABC19DAC2B</generatorID>
<ownerDesignName>ER_corregido</ownerDesignName>
<allowColumnReorder>false</allowColumnReorder>
<existDependencyGenerateInDDl>true</existDependencyGenerateInDDl>
<parsed>true</parsed>
<columns itemClass="oracle.dbtools.crest.model.design.relational.Column">
<Column name="id_elementoSW" id="27F2C4E4-547A-FA3E-7538-8D41E23D9E5C">
<createdBy>34693</createdBy>
<createdTime>2024-11-19 07:34:43 UTC</createdTime>
<comment><![CDATA[Identificador único del elemento SW. ]]></comment>
<generatorID>6F475CEE-C6E0-7A7C-A81F-85161E969FBA</generatorID>
<ownerDesignName>ER_corregido</ownerDesignName>
<useDomainConstraints>false</useDomainConstraints>
<use>1</use>
<logicalDatatype>LOGDT011</logicalDatatype>
<ownDataTypeParameters>,,</ownDataTypeParameters>
<autoIncrementCycle>false</autoIncrementCycle>
<associations>
<colAssociation fkAssociation="043594B1-1C14-8C5C-FD74-D34CA1DF7862" referredColumn="03BC39C1-4359-AE26-8B3C-9EC390C11266"/>
</associations>
</Column>
<Column name="Documento_id_elementoSW" id="F5D3D27F-3DE8-CA66-0FBF-6918021297E1">
<createdBy>34693</createdBy>
<createdTime>2024-11-19 07:34:43 UTC</createdTime>
<comment><![CDATA[Identificador único del elemento SW. ]]></comment>
<generatorID>255C1281-BCCD-99C9-82C3-3284C4D82AEC</generatorID>
<ownerDesignName>ER_corregido</ownerDesignName>
<useDomainConstraints>false</useDomainConstraints>
<use>1</use>
<logicalDatatype>LOGDT011</logicalDatatype>
<ownDataTypeParameters>,,</ownDataTypeParameters>
<previousColumn>false</previousColumn>
<autoIncrementCycle>false</autoIncrementCycle>
<associations>
<colAssociation fkAssociation="0F62D828-ED55-E3A0-967A-61301A6AB4CB" referredColumn="D8323564-5CAE-F42D-6285-83EEDB14B417"/>
</associations>
</Column>
</columns>
<indexes itemClass="oracle.dbtools.crest.model.design.relational.Index">
<ind_PK_UK id="24D17538-DC52-2A36-AE7B-549FCDE6FB26" name="Dato_PK">
<createdBy>34693</createdBy>
<createdTime>2024-11-19 07:34:43 UTC</createdTime>
<generatorID>0C74823F-775C-ECA6-28C1-63472114B102</generatorID>
<ownerDesignName>ER_corregido</ownerDesignName>
<pk>true</pk>
<indexState>Primary Constraint</indexState>
<isSurrogateKey>false</isSurrogateKey>
<indexColumnUsage>
<colUsage columnID="27F2C4E4-547A-FA3E-7538-8D41E23D9E5C"/>
</indexColumnUsage>
</ind_PK_UK>
<ind_PK_UK id="CF076533-50E5-CF52-0586-2242EB60FD03" name="Dato_Documento_FK">
<createdBy>34693</createdBy>
<createdTime>2024-11-19 07:34:43 UTC</createdTime>
<generatorID>F3EFF0D7-F68D-12CB-6BCF-D5BCE2161033</generatorID>
<ownerDesignName>ER_corregido</ownerDesignName>
<indexState>Foreign Key</indexState>
<isSurrogateKey>false</isSurrogateKey>
<indexColumnUsage>
<colUsage columnID="F5D3D27F-3DE8-CA66-0FBF-6918021297E1"/>
</indexColumnUsage>
</ind_PK_UK>
<ind_PK_UK id="F3E82402-BCD6-1503-59C1-E3224F37F2C1" name="Dato_Elemento_Software_FK">
<createdBy>34693</createdBy>
<createdTime>2024-11-19 08:21:35 UTC</createdTime>
<generatorID>0C74823F-775C-ECA6-28C1-63472114B102</generatorID>
<ownerDesignName>ER_corregido</ownerDesignName>
<indexState>Foreign Key</indexState>
<isSurrogateKey>false</isSurrogateKey>
<indexColumnUsage>
<colUsage columnID="27F2C4E4-547A-FA3E-7538-8D41E23D9E5C"/>
</indexColumnUsage>
</ind_PK_UK>
</indexes>
</Table>