<?xml version = '1.0' encoding = 'UTF-8'?>
<Table class="oracle.dbtools.crest.model.design.relational.Table" directorySegmentName="seg_0" id="9E220C7E-1718-0528-8D1E-FA970ED44705" name="Empresa_cliente">
<createdBy>34693</createdBy>
<createdTime>2024-11-19 07:34:43 UTC</createdTime>
<generatorID>0E0A3873-136A-298E-4900-D69CFC480F07</generatorID>
<ownerDesignName>ER_corregido</ownerDesignName>
<allowColumnReorder>false</allowColumnReorder>
<existDependencyGenerateInDDl>true</existDependencyGenerateInDDl>
<parsed>true</parsed>
<columns itemClass="oracle.dbtools.crest.model.design.relational.Column">
<Column name="id_empresa" id="1C014DB8-7439-DE24-88F9-B6960127D388">
<createdBy>34693</createdBy>
<createdTime>2024-11-19 07:34:43 UTC</createdTime>
<generatorID>1962F721-2763-3344-573A-8B12BF648563</generatorID>
<ownerDesignName>ER_corregido</ownerDesignName>
<useDomainConstraints>false</useDomainConstraints>
<use>1</use>
<logicalDatatype>LOGDT011</logicalDatatype>
<ownDataTypeParameters>,,</ownDataTypeParameters>
<autoIncrementCycle>false</autoIncrementCycle>
</Column>
<Column name="nombre" id="E882E6D5-8AC0-43DE-2D31-8438E54E284F">
<createdBy>34693</createdBy>
<createdTime>2024-11-19 07:34:43 UTC</createdTime>
<generatorID>A8AFC95E-20FB-7EC6-3A1E-F235A1E14A41</generatorID>
<ownerDesignName>ER_corregido</ownerDesignName>
<nullsAllowed>true</nullsAllowed>
<useDomainConstraints>false</useDomainConstraints>
<use>1</use>
<logicalDatatype>A3A3C77D-0366-9768-FF89-1C25E56881C8</logicalDatatype>
<ownDataTypeParameters>,,</ownDataTypeParameters>
<autoIncrementCycle>false</autoIncrementCycle>
</Column>
<Column name="inactivo" id="EBDEC5AD-5DA5-E273-FD78-39532683CF52">
<createdBy>34693</createdBy>
<createdTime>2024-11-19 07:34:43 UTC</createdTime>
<commentInRDBMS><![CDATA[Indica si una empresa cliente ha sido borrada y ya no se tiene relación con ella.]]></commentInRDBMS>
<generatorID>3357D113-AE23-C1B0-413F-84DCB69449D6</generatorID>
<ownerDesignName>ER_corregido</ownerDesignName>
<nullsAllowed>true</nullsAllowed>
<useDomainConstraints>false</useDomainConstraints>
<use>1</use>
<logicalDatatype>LOGDT006</logicalDatatype>
<dataTypeSize>1</dataTypeSize>
<ownDataTypeParameters>1,,</ownDataTypeParameters>
<autoIncrementCycle>false</autoIncrementCycle>
</Column>
<Column name="Personal_id_personal" id="6A5B1D5B-BCF3-C716-C6A1-5E25C902B550">
<createdBy>34693</createdBy>
<createdTime>2024-11-19 08:44:02 UTC</createdTime>
<ownerDesignName>ER_corregido</ownerDesignName>
<useDomainConstraints>false</useDomainConstraints>
<use>1</use>
<logicalDatatype>LOGDT011</logicalDatatype>
<ownDataTypeParameters>,,</ownDataTypeParameters>
<previousColumn>false</previousColumn>
<autoIncrementCycle>false</autoIncrementCycle>
<associations>
<colAssociation fkAssociation="846AB050-813A-CE56-AC1F-9849439B3880" referredColumn="99E9408B-A70C-465B-7191-A4888B5F0159"/>
</associations>
</Column>
</columns>
<indexes itemClass="oracle.dbtools.crest.model.design.relational.Index">
<ind_PK_UK id="D208EE73-BE45-53F5-CB90-BD4A4A004004" name="Empresa_cliente_PK">
<createdBy>34693</createdBy>
<createdTime>2024-11-19 07:34:43 UTC</createdTime>
<generatorID>0049ADCE-F9CB-A32A-80CB-020FA44B8F91</generatorID>
<ownerDesignName>ER_corregido</ownerDesignName>
<pk>true</pk>
<indexState>Primary Constraint</indexState>
<isSurrogateKey>false</isSurrogateKey>
<indexColumnUsage>
<colUsage columnID="1C014DB8-7439-DE24-88F9-B6960127D388"/>
</indexColumnUsage>
</ind_PK_UK>
<ind_PK_UK id="FF939EAD-5B72-1F42-2E35-7FB77F20CDB5" name="Empresa_cliente_Personal_FK">
<createdBy>34693</createdBy>
<createdTime>2024-11-19 08:44:02 UTC</createdTime>
<generatorID>AC057FA5-F88A-2347-5D66-E00CAD295714</generatorID>
<ownerDesignName>ER_corregido</ownerDesignName>
<indexState>Foreign Key</indexState>
<isSurrogateKey>false</isSurrogateKey>
<indexColumnUsage>
<colUsage columnID="6A5B1D5B-BCF3-C716-C6A1-5E25C902B550"/>
</indexColumnUsage>
</ind_PK_UK>
</indexes>
</Table>