<?xml version = '1.0' encoding = 'UTF-8'?>
<Table class="oracle.dbtools.crest.model.design.relational.Table" directorySegmentName="seg_0" id="A3D7C7E5-4164-EA6E-5AF6-463FD71EB9CD" name="Personal">
<createdBy>34693</createdBy>
<createdTime>2024-11-19 07:34:43 UTC</createdTime>
<generatorID>01B98D93-31E2-0325-8158-E8D90CDBA87E</generatorID>
<ownerDesignName>ER_corregido</ownerDesignName>
<allowColumnReorder>false</allowColumnReorder>
<existDependencyGenerateInDDl>true</existDependencyGenerateInDDl>
<parsed>true</parsed>
<columns itemClass="oracle.dbtools.crest.model.design.relational.Column">
<Column name="id_personal" id="99E9408B-A70C-465B-7191-A4888B5F0159">
<createdBy>34693</createdBy>
<createdTime>2024-11-19 07:34:43 UTC</createdTime>
<comment><![CDATA[identificador del personal. ]]></comment>
<generatorID>934A6097-56FB-816E-2501-83F82EB8A7A4</generatorID>
<ownerDesignName>ER_corregido</ownerDesignName>
<useDomainConstraints>false</useDomainConstraints>
<use>1</use>
<logicalDatatype>LOGDT011</logicalDatatype>
<ownDataTypeParameters>,,</ownDataTypeParameters>
<autoIncrementCycle>false</autoIncrementCycle>
</Column>
<Column name="nombre" id="21BC16CC-F75E-134E-BA10-FFAC898E0817">
<createdBy>34693</createdBy>
<createdTime>2024-11-19 07:34:43 UTC</createdTime>
<generatorID>0A4AEF1E-9803-CCEC-D092-E90BF6BDB64C</generatorID>
<ownerDesignName>ER_corregido</ownerDesignName>
<nullsAllowed>true</nullsAllowed>
<useDomainConstraints>false</useDomainConstraints>
<use>1</use>
<logicalDatatype>A3A3C77D-0366-9768-FF89-1C25E56881C8</logicalDatatype>
<ownDataTypeParameters>,,</ownDataTypeParameters>
<autoIncrementCycle>false</autoIncrementCycle>
</Column>
<Column name="email" id="D47FA3DE-567B-DA2F-69A3-4F8D824806C6">
<createdBy>34693</createdBy>
<createdTime>2024-11-19 07:34:43 UTC</createdTime>
<generatorID>94E102CF-AF70-2D0D-E3FA-DB1337D3A76A</generatorID>
<ownerDesignName>ER_corregido</ownerDesignName>
<nullsAllowed>true</nullsAllowed>
<useDomainConstraints>false</useDomainConstraints>
<use>1</use>
<logicalDatatype>A3A3C77D-0366-9768-FF89-1C25E56881C8</logicalDatatype>
<dataTypeSize>256 CHAR</dataTypeSize>
<ownDataTypeParameters>256 CHAR,,</ownDataTypeParameters>
<autoIncrementCycle>false</autoIncrementCycle>
</Column>
<Column name="telefono" id="15DAD603-5AAE-7BCA-E440-5A3756A1777B">
<createdBy>34693</createdBy>
<createdTime>2024-11-19 07:34:43 UTC</createdTime>
<generatorID>7AB27140-50DA-0532-F229-CFF83FF55438</generatorID>
<ownerDesignName>ER_corregido</ownerDesignName>
<nullsAllowed>true</nullsAllowed>
<useDomainConstraints>false</useDomainConstraints>
<use>1</use>
<logicalDatatype>LOGDT037</logicalDatatype>
<dataTypeSize>9 CHAR</dataTypeSize>
<ownDataTypeParameters>9 CHAR,,</ownDataTypeParameters>
<autoIncrementCycle>false</autoIncrementCycle>
</Column>
<Column name="fecha_contratacion" id="5B277A55-42DA-F5F1-B9C7-D1E1D9DE36AA">
<createdBy>34693</createdBy>
<createdTime>2024-11-19 07:34:43 UTC</createdTime>
<comment><![CDATA[Fecha en que el empleado fue contratado. ]]></comment>
<generatorID>34287431-A8DE-B0A5-E253-E1E20808B563</generatorID>
<ownerDesignName>ER_corregido</ownerDesignName>
<nullsAllowed>true</nullsAllowed>
<useDomainConstraints>false</useDomainConstraints>
<use>1</use>
<logicalDatatype>LOGDT007</logicalDatatype>
<ownDataTypeParameters>,,</ownDataTypeParameters>
<autoIncrementCycle>false</autoIncrementCycle>
</Column>
<Column name="inactivo" id="FBB86C2C-C380-BE9B-703D-3117B76132DD">
<createdBy>34693</createdBy>
<createdTime>2024-11-19 07:34:43 UTC</createdTime>
<comment><![CDATA[Indica si un empleado está borrado de la base de datos. ]]></comment>
<generatorID>DA6B2FA1-D6DD-B793-ADA9-2CE4151AF011</generatorID>
<ownerDesignName>ER_corregido</ownerDesignName>
<nullsAllowed>true</nullsAllowed>
<useDomainConstraints>false</useDomainConstraints>
<use>1</use>
<logicalDatatype>LOGDT006</logicalDatatype>
<dataTypeSize>1</dataTypeSize>
<ownDataTypeParameters>1,,</ownDataTypeParameters>
<autoIncrementCycle>false</autoIncrementCycle>
</Column>
<Column name="Usuario_Nombre" id="DFD08DC3-AC7A-D512-BB2F-CBFCC540D231">
<createdBy>34693</createdBy>
<createdTime>2024-11-19 12:00:41 UTC</createdTime>
<ownerDesignName>ER_corregido</ownerDesignName>
<useDomainConstraints>false</useDomainConstraints>
<use>1</use>
<logicalDatatype>A3A3C77D-0366-9768-FF89-1C25E56881C8</logicalDatatype>
<ownDataTypeParameters>,,</ownDataTypeParameters>
<previousColumn>false</previousColumn>
<autoIncrementCycle>false</autoIncrementCycle>
<associations>
<colAssociation fkAssociation="2D986CAD-7B84-48DB-0D5A-FC7A8FD14EB3" referredColumn="A04C8A0A-95FD-7CE3-6D2C-0CA7FC65EADF"/>
</associations>
</Column>
</columns>
<indexes itemClass="oracle.dbtools.crest.model.design.relational.Index">
<ind_PK_UK id="85B6986E-2E7E-EC20-0C7F-3612C64A2604" name="Personal_PK">
<createdBy>34693</createdBy>
<createdTime>2024-11-19 07:34:43 UTC</createdTime>
<generatorID>AC057FA5-F88A-2347-5D66-E00CAD295714</generatorID>
<ownerDesignName>ER_corregido</ownerDesignName>
<pk>true</pk>
<indexState>Primary Constraint</indexState>
<isSurrogateKey>false</isSurrogateKey>
<indexColumnUsage>
<colUsage columnID="99E9408B-A70C-465B-7191-A4888B5F0159"/>
</indexColumnUsage>
</ind_PK_UK>
<ind_PK_UK id="77729EBB-69EA-B19D-03EA-0C53E43B0909" name="Personal_Usuario_FK">
<createdBy>34693</createdBy>
<createdTime>2024-11-19 12:00:41 UTC</createdTime>
<ownerDesignName>ER_corregido</ownerDesignName>
<indexState>Foreign Key</indexState>
<isSurrogateKey>false</isSurrogateKey>
<indexColumnUsage>
<colUsage columnID="DFD08DC3-AC7A-D512-BB2F-CBFCC540D231"/>
</indexColumnUsage>
</ind_PK_UK>
</indexes>
</Table>