<?xml version = '1.0' encoding = 'UTF-8'?>
<Table class="oracle.dbtools.crest.model.design.relational.Table" directorySegmentName="seg_0" id="A3E838E5-AA23-35B3-6C2A-8DC5475EA9C3" name="Usarv1">
<createdBy>34693</createdBy>
<createdTime>2024-11-19 07:34:43 UTC</createdTime>
<ownerDesignName>ER_corregido</ownerDesignName>
<allowColumnReorder>false</allowColumnReorder>
<existDependencyGenerateInDDl>true</existDependencyGenerateInDDl>
<parsed>true</parsed>
<columns itemClass="oracle.dbtools.crest.model.design.relational.Column">
<Column name="Programa_id_elementoSW" id="E18879E6-BCFE-3DE5-783D-4CF7F6237BB1">
<createdBy>34693</createdBy>
<createdTime>2024-11-19 07:34:43 UTC</createdTime>
<ownerDesignName>ER_corregido</ownerDesignName>
<useDomainConstraints>false</useDomainConstraints>
<use>1</use>
<logicalDatatype>LOGDT011</logicalDatatype>
<ownDataTypeParameters>,,</ownDataTypeParameters>
<previousColumn>false</previousColumn>
<autoIncrementCycle>false</autoIncrementCycle>
<associations>
<colAssociation fkAssociation="25C573B3-E042-B5BA-E628-9D614B9F80C4" referredColumn="24FA5565-DAFB-6999-38C3-8252E3C5DEC0"/>
</associations>
</Column>
<Column name="Dato_id_elementoSW" id="96DFEAB6-6DEE-9F49-BF0D-99DD5AE5A4F0">
<createdBy>34693</createdBy>
<createdTime>2024-11-19 07:34:43 UTC</createdTime>
<ownerDesignName>ER_corregido</ownerDesignName>
<useDomainConstraints>false</useDomainConstraints>
<use>1</use>
<logicalDatatype>LOGDT011</logicalDatatype>
<ownDataTypeParameters>,,</ownDataTypeParameters>
<previousColumn>false</previousColumn>
<autoIncrementCycle>false</autoIncrementCycle>
<associations>
<colAssociation fkAssociation="BABD696B-FA8C-E346-B242-994ECFE51803" referredColumn="27F2C4E4-547A-FA3E-7538-8D41E23D9E5C"/>
</associations>
</Column>
</columns>
<indexes itemClass="oracle.dbtools.crest.model.design.relational.Index">
<ind_PK_UK id="1AC20FB6-A10D-C457-E8D0-CC8B1D0AFA78" name="Usarv1_PK">
<createdBy>34693</createdBy>
<createdTime>2024-11-19 07:34:43 UTC</createdTime>
<ownerDesignName>ER_corregido</ownerDesignName>
<pk>true</pk>
<indexState>Primary Constraint</indexState>
<isSurrogateKey>false</isSurrogateKey>
<indexColumnUsage>
<colUsage columnID="E18879E6-BCFE-3DE5-783D-4CF7F6237BB1"/>
<colUsage columnID="96DFEAB6-6DEE-9F49-BF0D-99DD5AE5A4F0"/>
</indexColumnUsage>
</ind_PK_UK>
<ind_PK_UK id="6C50B678-A657-6E69-5CFD-EC2E2C8EE798" name="Usarv1_Programa_FK">
<createdBy>34693</createdBy>
<createdTime>2024-11-19 07:34:43 UTC</createdTime>
<generatorID>9646A9C1-6AC4-17A7-CA29-1388CF25F6CF</generatorID>
<ownerDesignName>ER_corregido</ownerDesignName>
<indexState>Foreign Key</indexState>
<isSurrogateKey>false</isSurrogateKey>
<indexColumnUsage>
<colUsage columnID="E18879E6-BCFE-3DE5-783D-4CF7F6237BB1"/>
</indexColumnUsage>
</ind_PK_UK>
<ind_PK_UK id="191F7EA3-A321-8A49-9F56-1FF3D292E99C" name="Usarv1_Dato_FK">
<createdBy>34693</createdBy>
<createdTime>2024-11-19 07:34:43 UTC</createdTime>
<generatorID>9646A9C1-6AC4-17A7-CA29-1388CF25F6CF</generatorID>
<ownerDesignName>ER_corregido</ownerDesignName>
<indexState>Foreign Key</indexState>
<isSurrogateKey>false</isSurrogateKey>
<indexColumnUsage>
<colUsage columnID="96DFEAB6-6DEE-9F49-BF0D-99DD5AE5A4F0"/>
</indexColumnUsage>
</ind_PK_UK>
</indexes>
</Table>