<?xml version = '1.0' encoding = 'UTF-8'?>
<Table class="oracle.dbtools.crest.model.design.relational.Table" directorySegmentName="seg_0" id="AC7CC0DA-29C8-8364-13C6-CD7BFFBBEC40" name="Documento">
<createdBy>34693</createdBy>
<createdTime>2024-11-19 07:34:43 UTC</createdTime>
<generatorID>114E2181-39D8-2A98-60F8-9364F241353E</generatorID>
<ownerDesignName>ER_corregido</ownerDesignName>
<allowColumnReorder>false</allowColumnReorder>
<existDependencyGenerateInDDl>true</existDependencyGenerateInDDl>
<parsed>true</parsed>
<columns itemClass="oracle.dbtools.crest.model.design.relational.Column">
<Column name="id_elementoSW" id="D8323564-5CAE-F42D-6285-83EEDB14B417">
<createdBy>34693</createdBy>
<createdTime>2024-11-19 07:34:43 UTC</createdTime>
<comment><![CDATA[Identificador único del elemento SW. ]]></comment>
<generatorID>6F475CEE-C6E0-7A7C-A81F-85161E969FBA</generatorID>
<ownerDesignName>ER_corregido</ownerDesignName>
<useDomainConstraints>false</useDomainConstraints>
<use>1</use>
<logicalDatatype>LOGDT011</logicalDatatype>
<ownDataTypeParameters>,,</ownDataTypeParameters>
<autoIncrementCycle>false</autoIncrementCycle>
<associations>
<colAssociation fkAssociation="C4A446A1-431E-DE5E-AB9E-FEA2C785ADE8" referredColumn="03BC39C1-4359-AE26-8B3C-9EC390C11266"/>
</associations>
</Column>
</columns>
<indexes itemClass="oracle.dbtools.crest.model.design.relational.Index">
<ind_PK_UK id="AF8FD599-63A4-C7AA-2F6C-675D8254C949" name="Documento_PK">
<createdBy>34693</createdBy>
<createdTime>2024-11-19 07:34:43 UTC</createdTime>
<generatorID>0C74823F-775C-ECA6-28C1-63472114B102</generatorID>
<ownerDesignName>ER_corregido</ownerDesignName>
<pk>true</pk>
<indexState>Primary Constraint</indexState>
<isSurrogateKey>false</isSurrogateKey>
<indexColumnUsage>
<colUsage columnID="D8323564-5CAE-F42D-6285-83EEDB14B417"/>
</indexColumnUsage>
</ind_PK_UK>
<ind_PK_UK id="33444227-3010-A448-94BD-6072B3EBFDDD" name="Documento_Elemento_Software_FK">
<createdBy>34693</createdBy>
<createdTime>2024-11-19 08:20:50 UTC</createdTime>
<generatorID>0C74823F-775C-ECA6-28C1-63472114B102</generatorID>
<ownerDesignName>ER_corregido</ownerDesignName>
<indexState>Foreign Key</indexState>
<isSurrogateKey>false</isSurrogateKey>
<indexColumnUsage>
<colUsage columnID="D8323564-5CAE-F42D-6285-83EEDB14B417"/>
</indexColumnUsage>
</ind_PK_UK>
</indexes>
</Table>