<?xml version = '1.0' encoding = 'UTF-8'?>
<Table class="oracle.dbtools.crest.model.design.relational.Table" directorySegmentName="seg_0" id="D3DA5E91-A7F1-DB35-6C95-2E246FA676D6" name="Usar">
<createdBy>34693</createdBy>
<createdTime>2024-11-19 07:34:43 UTC</createdTime>
<ownerDesignName>ER_corregido</ownerDesignName>
<allowColumnReorder>false</allowColumnReorder>
<existDependencyGenerateInDDl>true</existDependencyGenerateInDDl>
<parsed>true</parsed>
<columns itemClass="oracle.dbtools.crest.model.design.relational.Column">
<Column name="Petición_id_peticion" id="1D52224F-2819-2923-5F9F-CA4069A35CAE">
<createdBy>34693</createdBy>
<createdTime>2024-11-19 07:34:43 UTC</createdTime>
<ownerDesignName>ER_corregido</ownerDesignName>
<useDomainConstraints>false</useDomainConstraints>
<use>1</use>
<logicalDatatype>LOGDT011</logicalDatatype>
<ownDataTypeParameters>,,</ownDataTypeParameters>
<previousColumn>false</previousColumn>
<autoIncrementCycle>false</autoIncrementCycle>
<associations>
<colAssociation fkAssociation="73C1F892-CE40-ED6E-66CE-1E8623EF782D" referredColumn="2E675F6C-58C3-7469-F8D9-7C8245D88BB1"/>
</associations>
</Column>
<Column name="Elemento_SW_id_elementoSW" id="A576C1E2-F49E-3E7B-065C-0089D4FA845E">
<createdBy>34693</createdBy>
<createdTime>2024-11-19 07:34:43 UTC</createdTime>
<ownerDesignName>ER_corregido</ownerDesignName>
<useDomainConstraints>false</useDomainConstraints>
<use>1</use>
<logicalDatatype>LOGDT011</logicalDatatype>
<ownDataTypeParameters>,,</ownDataTypeParameters>
<previousColumn>false</previousColumn>
<autoIncrementCycle>false</autoIncrementCycle>
<associations>
<colAssociation fkAssociation="8BF0255F-8323-EAF9-A720-B35E97528A83" referredColumn="03BC39C1-4359-AE26-8B3C-9EC390C11266"/>
</associations>
</Column>
<Column name="inicial" id="87C26EE3-58DA-EFA6-83C5-1E72DE21D894">
<createdBy>34693</createdBy>
<createdTime>2024-12-23 21:26:18 UTC</createdTime>
<comment><![CDATA[La fecha inicial de la petición]]></comment>
<ownerDesignName>ER_corregido</ownerDesignName>
<nullsAllowed>true</nullsAllowed>
<useDomainConstraints>false</useDomainConstraints>
<use>1</use>
<logicalDatatype>LOGDT007</logicalDatatype>
<ownDataTypeParameters>,,</ownDataTypeParameters>
<autoIncrementCycle>false</autoIncrementCycle>
</Column>
</columns>
<indexes itemClass="oracle.dbtools.crest.model.design.relational.Index">
<ind_PK_UK id="8B019202-B2BA-2912-9193-56026C4A5DF6" name="Usar_PK">
<createdBy>34693</createdBy>
<createdTime>2024-11-19 07:34:43 UTC</createdTime>
<ownerDesignName>ER_corregido</ownerDesignName>
<pk>true</pk>
<indexState>Primary Constraint</indexState>
<isSurrogateKey>false</isSurrogateKey>
<indexColumnUsage>
<colUsage columnID="1D52224F-2819-2923-5F9F-CA4069A35CAE"/>
<colUsage columnID="A576C1E2-F49E-3E7B-065C-0089D4FA845E"/>
</indexColumnUsage>
</ind_PK_UK>
<ind_PK_UK id="5A36295C-1913-9658-F0DB-A464BEA75E70" name="Usar_Petición_FK">
<createdBy>34693</createdBy>
<createdTime>2024-11-19 07:34:43 UTC</createdTime>
<generatorID>3F5F6B6A-3C53-A560-7845-38525BCF8D4E</generatorID>
<ownerDesignName>ER_corregido</ownerDesignName>
<indexState>Foreign Key</indexState>
<isSurrogateKey>false</isSurrogateKey>
<indexColumnUsage>
<colUsage columnID="1D52224F-2819-2923-5F9F-CA4069A35CAE"/>
</indexColumnUsage>
</ind_PK_UK>
<ind_PK_UK id="75DDC863-4E6F-21D5-1B29-302495008968" name="Usar_Elemento_Software_FK">
<createdBy>34693</createdBy>
<createdTime>2024-11-19 07:34:43 UTC</createdTime>
<generatorID>3F5F6B6A-3C53-A560-7845-38525BCF8D4E</generatorID>
<ownerDesignName>ER_corregido</ownerDesignName>
<indexState>Foreign Key</indexState>
<isSurrogateKey>false</isSurrogateKey>
<indexColumnUsage>
<colUsage columnID="A576C1E2-F49E-3E7B-065C-0089D4FA845E"/>
</indexColumnUsage>
</ind_PK_UK>
</indexes>
</Table>