<?xml version = '1.0' encoding = 'UTF-8'?>
<Table class="oracle.dbtools.crest.model.design.relational.Table" directorySegmentName="seg_0" id="F5045ADB-C9CA-2879-517D-1ECCD8079E65" name="Programa">
<createdBy>34693</createdBy>
<createdTime>2024-11-19 07:34:43 UTC</createdTime>
<generatorID>4062BD35-F18F-811F-650F-834FCB477DBC</generatorID>
<ownerDesignName>ER_corregido</ownerDesignName>
<allowColumnReorder>false</allowColumnReorder>
<existDependencyGenerateInDDl>true</existDependencyGenerateInDDl>
<parsed>true</parsed>
<columns itemClass="oracle.dbtools.crest.model.design.relational.Column">
<Column name="id_elementoSW" id="24FA5565-DAFB-6999-38C3-8252E3C5DEC0">
<createdBy>34693</createdBy>
<createdTime>2024-11-19 07:34:43 UTC</createdTime>
<comment><![CDATA[Identificador único del elemento SW. ]]></comment>
<generatorID>6F475CEE-C6E0-7A7C-A81F-85161E969FBA</generatorID>
<ownerDesignName>ER_corregido</ownerDesignName>
<useDomainConstraints>false</useDomainConstraints>
<use>1</use>
<logicalDatatype>LOGDT011</logicalDatatype>
<ownDataTypeParameters>,,</ownDataTypeParameters>
<autoIncrementCycle>false</autoIncrementCycle>
<associations>
<colAssociation fkAssociation="D09EB29E-9F98-AB08-1F26-8E7BA0148892" referredColumn="03BC39C1-4359-AE26-8B3C-9EC390C11266"/>
</associations>
</Column>
<Column name="Documento_id_elementoSW" id="0CCF06FA-A6D5-4E37-2D57-2AF91AACB632">
<createdBy>34693</createdBy>
<createdTime>2024-11-19 07:34:43 UTC</createdTime>
<comment><![CDATA[Identificador único del elemento SW. ]]></comment>
<generatorID>DA71CFB2-6C8E-F120-05CD-53EA27326550</generatorID>
<ownerDesignName>ER_corregido</ownerDesignName>
<useDomainConstraints>false</useDomainConstraints>
<use>1</use>
<logicalDatatype>LOGDT011</logicalDatatype>
<ownDataTypeParameters>,,</ownDataTypeParameters>
<previousColumn>false</previousColumn>
<autoIncrementCycle>false</autoIncrementCycle>
<associations>
<colAssociation fkAssociation="CA4DD3FB-701D-2E6E-EFED-88EA2D158968" referredColumn="D8323564-5CAE-F42D-6285-83EEDB14B417"/>
</associations>
</Column>
</columns>
<indexes itemClass="oracle.dbtools.crest.model.design.relational.Index">
<ind_PK_UK id="21120D13-4C7D-E394-0B54-D56AD8232043" name="Programa_PK">
<createdBy>34693</createdBy>
<createdTime>2024-11-19 07:34:43 UTC</createdTime>
<generatorID>0C74823F-775C-ECA6-28C1-63472114B102</generatorID>
<ownerDesignName>ER_corregido</ownerDesignName>
<pk>true</pk>
<indexState>Primary Constraint</indexState>
<isSurrogateKey>false</isSurrogateKey>
<indexColumnUsage>
<colUsage columnID="24FA5565-DAFB-6999-38C3-8252E3C5DEC0"/>
</indexColumnUsage>
</ind_PK_UK>
<ind_PK_UK id="5363E7C4-BCA1-9AE0-8F43-33475B5216AE" name="Programa_Documento_FK">
<createdBy>34693</createdBy>
<createdTime>2024-11-19 07:34:43 UTC</createdTime>
<generatorID>9CF8D4AC-C7A4-3709-2761-A16792F3A20A</generatorID>
<ownerDesignName>ER_corregido</ownerDesignName>
<indexState>Foreign Key</indexState>
<isSurrogateKey>false</isSurrogateKey>
<indexColumnUsage>
<colUsage columnID="0CCF06FA-A6D5-4E37-2D57-2AF91AACB632"/>
</indexColumnUsage>
</ind_PK_UK>
<ind_PK_UK id="CEA18D71-B676-EEB9-8EA0-64A13EAB2FBD" name="Programa_Elemento_Software_FK">
<createdBy>34693</createdBy>
<createdTime>2024-11-19 08:21:46 UTC</createdTime>
<generatorID>0C74823F-775C-ECA6-28C1-63472114B102</generatorID>
<ownerDesignName>ER_corregido</ownerDesignName>
<indexState>Foreign Key</indexState>
<isSurrogateKey>false</isSurrogateKey>
<indexColumnUsage>
<colUsage columnID="24FA5565-DAFB-6999-38C3-8252E3C5DEC0"/>
</indexColumnUsage>
</ind_PK_UK>
</indexes>
</Table>