<?xml version = '1.0' encoding = 'UTF-8'?>
<Entity class="oracle.dbtools.crest.model.design.logical.Entity" directorySegmentName="seg_0" id="43D652C4-EB1D-5B9B-7585-750465EB6812" name="Técnico">
<createdBy>Iker Manzano</createdBy>
<createdTime>2024-10-21 08:37:01 UTC</createdTime>
<ownerDesignName>ER_corregido</ownerDesignName>
<engineerTo>
<item key="A1D67CE5-04DA-F9CE-C69B-218FF8BADEEA" value="true"/>
</engineerTo>
<adequatelyNormalized>NO</adequatelyNormalized>
<expectedVolumes>0</expectedVolumes>
<fwdEngineeringStrategyName>Single Table</fwdEngineeringStrategyName>
<growthPercent>0</growthPercent>
<growthType>Year</growthType>
<hierarchicalParent>01B98D93-31E2-0325-8158-E8D90CDBA87E</hierarchicalParent>
<maxVolumes>9999999</maxVolumes>
<minVolumes>0</minVolumes>
<normalForm>Third</normalForm>
<attributes itemClass="oracle.dbtools.crest.model.design.logical.Attribute">
<Attribute name="categoria" id="0DD434D4-A05F-CE94-F40A-E23FF79C7ECB">
<createdBy>zakil</createdBy>
<createdTime>2024-11-05 12:33:44 UTC</createdTime>
<comment><![CDATA[Categoría del empleado. ]]></comment>
<generatorID>3BBBA60B-59CE-92E3-A91A-2BAC575F51C1</generatorID>
<ownerDesignName>ER_corregido</ownerDesignName>
<engineerTo>
<item key="A1D67CE5-04DA-F9CE-C69B-218FF8BADEEA" value="true"/>
</engineerTo>
<referedAttribute>7C003011-69AC-29E5-AE6C-4CF1A98EC175</referedAttribute>
<useDomainConstraints>false</useDomainConstraints>
<use>1</use>
<logicalDatatype>A3A3C77D-0366-9768-FF89-1C25E56881C8</logicalDatatype>
<ownDataTypeParameters>,,</ownDataTypeParameters>
</Attribute>
</attributes>
<identifiers itemClass="oracle.dbtools.crest.model.design.logical.CandidateKey">
<identifier id="F1761E54-F6E9-9412-D517-FC24900B5326" name="Técnico PK">
<createdBy>zakil</createdBy>
<createdTime>2024-10-22 11:07:12 UTC</createdTime>
<ownerDesignName>ER_corregido</ownerDesignName>
<engineerTo>
<item key="A1D67CE5-04DA-F9CE-C69B-218FF8BADEEA" value="true"/>
</engineerTo>
<pk>true</pk>
</identifier>
</identifiers>
</Entity>