<?xml version = '1.0' encoding = 'UTF-8'?>
<Entity class="oracle.dbtools.crest.model.design.logical.Entity" directorySegmentName="seg_0" id="D0AF64D0-30EF-5AD3-0CA2-F819EACF04BF" name="Petición">
<createdBy>Iker Manzano</createdBy>
<createdTime>2024-10-21 08:42:10 UTC</createdTime>
<ownerDesignName>ER_corregido</ownerDesignName>
<engineerTo>
<item key="A1D67CE5-04DA-F9CE-C69B-218FF8BADEEA" value="true"/>
</engineerTo>
<adequatelyNormalized>NO</adequatelyNormalized>
<expectedVolumes>0</expectedVolumes>
<fwdEngineeringStrategyName>Single Table</fwdEngineeringStrategyName>
<growthPercent>0</growthPercent>
<growthType>Year</growthType>
<maxVolumes>9999999</maxVolumes>
<minVolumes>0</minVolumes>
<normalForm>Third</normalForm>
<attributes itemClass="oracle.dbtools.crest.model.design.logical.Attribute">
<Attribute name="id_peticion" id="FD5CC36D-11CA-628D-E372-F1F4FDD7925F">
<createdBy>zakil</createdBy>
<createdTime>2024-10-22 14:05:08 UTC</createdTime>
<comment><![CDATA[Identificador único de la petición. ]]></comment>
<ownerDesignName>ER_corregido</ownerDesignName>
<engineerTo>
<item key="A1D67CE5-04DA-F9CE-C69B-218FF8BADEEA" value="true"/>
</engineerTo>
<useDomainConstraints>false</useDomainConstraints>
<use>1</use>
<logicalDatatype>LOGDT011</logicalDatatype>
<ownDataTypeParameters>,,</ownDataTypeParameters>
</Attribute>
<Attribute name="id_aplicacion" id="F2D652B2-6721-BB92-B638-450E366387F4">
<createdBy>zakil</createdBy>
<createdTime>2024-10-21 16:00:37 UTC</createdTime>
<comment><![CDATA[Identificador de la aplicación a la que está asociada. ]]></comment>
<generatorID>1A591AD2-416A-A9BB-4A2D-1B7C557A8515</generatorID>
<ownerDesignName>ER_corregido</ownerDesignName>
<engineerTo>
<item key="A1D67CE5-04DA-F9CE-C69B-218FF8BADEEA" value="true"/>
</engineerTo>
<referedAttribute>2731A5C7-1826-2BD5-43B0-F8270CEED153</referedAttribute>
<useDomainConstraints>false</useDomainConstraints>
<use>1</use>
<logicalDatatype>LOGDT011</logicalDatatype>
<ownDataTypeParameters>,,</ownDataTypeParameters>
</Attribute>
<Attribute name="descripcion" id="74052E43-7EFB-BDFA-1006-4CAC19A68C98">
<createdBy>zakil</createdBy>
<createdTime>2024-10-21 16:30:02 UTC</createdTime>
<comment><![CDATA[Descripción breve de que se trata la petición. ]]></comment>
<ownerDesignName>ER_corregido</ownerDesignName>
<engineerTo>
<item key="A1D67CE5-04DA-F9CE-C69B-218FF8BADEEA" value="true"/>
</engineerTo>
<nullsAllowed>true</nullsAllowed>
<useDomainConstraints>false</useDomainConstraints>
<use>1</use>
<logicalDatatype>A3A3C77D-0366-9768-FF89-1C25E56881C8</logicalDatatype>
<ownDataTypeParameters>,,</ownDataTypeParameters>
</Attribute>
<Attribute name="tipo" id="BE28C65D-FA09-7F90-1788-4F381E993BDD">
<createdBy>zakil</createdBy>
<createdTime>2024-10-21 16:30:45 UTC</createdTime>
<comment><![CDATA[Puede ser: Correctivo, Adaptativo, Perfectivo y Evolutivo. ]]></comment>
<ownerDesignName>ER_corregido</ownerDesignName>
<engineerTo>
<item key="A1D67CE5-04DA-F9CE-C69B-218FF8BADEEA" value="true"/>
</engineerTo>
<nullsAllowed>true</nullsAllowed>
<useDomainConstraints>false</useDomainConstraints>
<use>1</use>
<logicalDatatype>A3A3C77D-0366-9768-FF89-1C25E56881C8</logicalDatatype>
<listOfValues>
<valueDef value="Adaptativo" description=""/>
<valueDef value="Correctivo" description=""/>
<valueDef value="Evolutivo" description=""/>
<valueDef value="Perfectivo" description=""/>
</listOfValues>
<ownDataTypeParameters>,,</ownDataTypeParameters>
</Attribute>
<Attribute name="es_urgente" id="F25BDBA4-AD66-CD74-601A-76F3D12ABD1C">
<createdBy>zakil</createdBy>
<createdTime>2024-10-21 16:33:37 UTC</createdTime>
<comment><![CDATA[Indica si la petición es urgente o no. ]]></comment>
<ownerDesignName>ER_corregido</ownerDesignName>
<engineerTo>
<item key="A1D67CE5-04DA-F9CE-C69B-218FF8BADEEA" value="true"/>
</engineerTo>
<nullsAllowed>true</nullsAllowed>
<useDomainConstraints>false</useDomainConstraints>
<use>1</use>
<logicalDatatype>LOGDT006</logicalDatatype>
<dataTypeSize>1</dataTypeSize>
<ownDataTypeParameters>1,,</ownDataTypeParameters>
</Attribute>
<Attribute name="estado" id="04B2265B-4CAD-DC66-2219-792746EFABD1">
<createdBy>zakil</createdBy>
<createdTime>2024-10-21 16:34:04 UTC</createdTime>
<comment><![CDATA[Indica el estado en el que se encuentra la petición, puede ser: En desarrollo, En estudio	Pendiente, Rechazada, Recibida, Terminada	]]></comment>
<ownerDesignName>ER_corregido</ownerDesignName>
<engineerTo>
<item key="A1D67CE5-04DA-F9CE-C69B-218FF8BADEEA" value="true"/>
</engineerTo>
<nullsAllowed>true</nullsAllowed>
<useDomainConstraints>false</useDomainConstraints>
<use>1</use>
<logicalDatatype>A3A3C77D-0366-9768-FF89-1C25E56881C8</logicalDatatype>
<listOfValues>
<valueDef value="En desarrollo" description=""/>
<valueDef value="En estudio" description=""/>
<valueDef value="Pendiente" description=""/>
<valueDef value="Rechazada" description=""/>
<valueDef value="Recibida" description=""/>
<valueDef value="Terminada" description=""/>
</listOfValues>
<ownDataTypeParameters>,,</ownDataTypeParameters>
</Attribute>
<Attribute name="complejidad" id="79FC1EC5-4C4E-2D2B-B86D-307EC31DD35F">
<createdBy>zakil</createdBy>
<createdTime>2024-10-21 16:38:53 UTC</createdTime>
<comment><![CDATA[Indica la complejidad de las peticiones: Alta, Mediana, Baja. ]]></comment>
<ownerDesignName>ER_corregido</ownerDesignName>
<engineerTo>
<item key="A1D67CE5-04DA-F9CE-C69B-218FF8BADEEA" value="true"/>
</engineerTo>
<nullsAllowed>true</nullsAllowed>
<useDomainConstraints>false</useDomainConstraints>
<use>1</use>
<logicalDatatype>A3A3C77D-0366-9768-FF89-1C25E56881C8</logicalDatatype>
<listOfValues>
<valueDef value="Alta" description=""/>
<valueDef value="Baja" description=""/>
<valueDef value="Mediana" description=""/>
</listOfValues>
<ownDataTypeParameters>,,</ownDataTypeParameters>
</Attribute>
<Attribute name="orden" id="4FE2E5E7-DD16-1748-3CBF-3B494B4BAA31">
<createdBy>zakil</createdBy>
<createdTime>2024-11-05 12:23:33 UTC</createdTime>
<comment><![CDATA[Orden en el que se debe tratar la petición. ]]></comment>
<ownerDesignName>ER_corregido</ownerDesignName>
<engineerTo>
<item key="A1D67CE5-04DA-F9CE-C69B-218FF8BADEEA" value="true"/>
</engineerTo>
<nullsAllowed>true</nullsAllowed>
<useDomainConstraints>false</useDomainConstraints>
<use>1</use>
<logicalDatatype>A3A3C77D-0366-9768-FF89-1C25E56881C8</logicalDatatype>
<ownDataTypeParameters>,,</ownDataTypeParameters>
</Attribute>
<Attribute name="prioridad" id="64697E04-A118-AE25-F24C-61B15D4BA0F2">
<createdBy>zakil</createdBy>
<createdTime>2024-11-05 12:35:27 UTC</createdTime>
<ownerDesignName>ER_corregido</ownerDesignName>
<engineerTo>
<item key="A1D67CE5-04DA-F9CE-C69B-218FF8BADEEA" value="true"/>
</engineerTo>
<nullsAllowed>true</nullsAllowed>
<useDomainConstraints>false</useDomainConstraints>
<use>1</use>
<logicalDatatype>A3A3C77D-0366-9768-FF89-1C25E56881C8</logicalDatatype>
<ownDataTypeParameters>,,</ownDataTypeParameters>
</Attribute>
<Attribute name="fecha_recepcion" id="512361A5-CD3B-EE80-2A7E-E073A47FEF14">
<createdBy>zakil</createdBy>
<createdTime>2024-10-21 16:39:41 UTC</createdTime>
<comment><![CDATA[Fecha en la que se recibió la petición]]></comment>
<ownerDesignName>ER_corregido</ownerDesignName>
<engineerTo>
<item key="A1D67CE5-04DA-F9CE-C69B-218FF8BADEEA" value="true"/>
</engineerTo>
<nullsAllowed>true</nullsAllowed>
<useDomainConstraints>false</useDomainConstraints>
<use>1</use>
<logicalDatatype>LOGDT007</logicalDatatype>
<ownDataTypeParameters>,,</ownDataTypeParameters>
</Attribute>
<Attribute name="fecha_inicio_estudio" id="367ED4A2-E84A-5CC5-4266-8DD0E13F7A82">
<createdBy>zakil</createdBy>
<createdTime>2024-10-21 16:42:06 UTC</createdTime>
<comment><![CDATA[Fecha en la que se inició su estudio]]></comment>
<ownerDesignName>ER_corregido</ownerDesignName>
<engineerTo>
<item key="A1D67CE5-04DA-F9CE-C69B-218FF8BADEEA" value="true"/>
</engineerTo>
<nullsAllowed>true</nullsAllowed>
<useDomainConstraints>false</useDomainConstraints>
<use>1</use>
<logicalDatatype>LOGDT007</logicalDatatype>
<ownDataTypeParameters>,,</ownDataTypeParameters>
</Attribute>
<Attribute name="fecha_inicio_prevista" id="AECE3D80-BBA8-8EFA-23EC-532E2AEDC185">
<createdBy>zakil</createdBy>
<createdTime>2024-10-21 16:42:55 UTC</createdTime>
<comment><![CDATA[Fecha prevista para iniciar la ejecución.]]></comment>
<ownerDesignName>ER_corregido</ownerDesignName>
<engineerTo>
<item key="A1D67CE5-04DA-F9CE-C69B-218FF8BADEEA" value="true"/>
</engineerTo>
<nullsAllowed>true</nullsAllowed>
<useDomainConstraints>false</useDomainConstraints>
<use>1</use>
<logicalDatatype>LOGDT007</logicalDatatype>
<ownDataTypeParameters>,,</ownDataTypeParameters>
</Attribute>
<Attribute name="fecha_inicio_real" id="CA90844D-6165-6A48-AD8A-4AEB1835700A">
<createdBy>zakil</createdBy>
<createdTime>2024-10-21 16:43:31 UTC</createdTime>
<comment><![CDATA[Fecha real en que comenzó la ejecución. ]]></comment>
<ownerDesignName>ER_corregido</ownerDesignName>
<engineerTo>
<item key="A1D67CE5-04DA-F9CE-C69B-218FF8BADEEA" value="true"/>
</engineerTo>
<nullsAllowed>true</nullsAllowed>
<useDomainConstraints>false</useDomainConstraints>
<use>1</use>
<logicalDatatype>LOGDT007</logicalDatatype>
<ownDataTypeParameters>,,</ownDataTypeParameters>
</Attribute>
<Attribute name="fecha_aceptacion" id="BCC002EF-0AB4-D14D-5CE4-78360BBA7A17">
<createdBy>zakil</createdBy>
<createdTime>2024-10-21 16:44:05 UTC</createdTime>
<comment><![CDATA[Fecha en la que el usuario acepta la solución. ]]></comment>
<ownerDesignName>ER_corregido</ownerDesignName>
<engineerTo>
<item key="A1D67CE5-04DA-F9CE-C69B-218FF8BADEEA" value="true"/>
</engineerTo>
<nullsAllowed>true</nullsAllowed>
<useDomainConstraints>false</useDomainConstraints>
<use>1</use>
<logicalDatatype>LOGDT007</logicalDatatype>
<ownDataTypeParameters>,,</ownDataTypeParameters>
</Attribute>
<Attribute name="id_usuario" id="317C5DB4-EEB9-493F-09A0-1CF813B54767">
<createdBy>zakil</createdBy>
<createdTime>2024-10-26 11:10:03 UTC</createdTime>
<comment><![CDATA[Identificador del usuario que ha realizado la petición. ]]></comment>
<generatorID>42D8613D-A898-C018-E0A1-30FD3089B88E</generatorID>
<ownerDesignName>ER_corregido</ownerDesignName>
<engineerTo>
<item key="A1D67CE5-04DA-F9CE-C69B-218FF8BADEEA" value="true"/>
</engineerTo>
<nullsAllowed>true</nullsAllowed>
<referedAttribute>6A4324D5-D020-E838-C21D-DFEF39497A38</referedAttribute>
<useDomainConstraints>false</useDomainConstraints>
<use>1</use>
<logicalDatatype>LOGDT011</logicalDatatype>
<ownDataTypeParameters>,,</ownDataTypeParameters>
</Attribute>
</attributes>
<identifiers itemClass="oracle.dbtools.crest.model.design.logical.CandidateKey">
<identifier id="11C7433F-C60F-0054-F077-03A5BFCD9628" name="Petición PK">
<createdBy>zakil</createdBy>
<createdTime>2024-10-21 16:59:08 UTC</createdTime>
<ownerDesignName>ER_corregido</ownerDesignName>
<engineerTo>
<item key="A1D67CE5-04DA-F9CE-C69B-218FF8BADEEA" value="true"/>
</engineerTo>
<pk>true</pk>
<newElementsIDs>FD5CC36D-11CA-628D-E372-F1F4FDD7925F</newElementsIDs>
<usedAttributes>
<attributeRef>FD5CC36D-11CA-628D-E372-F1F4FDD7925F</attributeRef>
</usedAttributes>
</identifier>
</identifiers>
</Entity>