<?xml version = '1.0' encoding = 'UTF-8'?>
<Diagram class="oracle.dbtools.crest.swingui.relational.DPVRelational" name="Relational_1" id="06547193-017E-D81C-F796-7DA67FEBD65B">
<createdBy>Iker Manzano</createdBy>
<modifiedBy>Iker Manzano</modifiedBy>
<createdTime>2024-10-21 09:19:24 UTC</createdTime>
<autoRoute>false</autoRoute>
<boxInbox>true</boxInbox>
<showLegend>false</showLegend>
<showLabels>false</showLabels>
<showRelAttributes>false</showRelAttributes>
<gridEnabled>false</gridEnabled>
<showGrid>false</showGrid>
<diagramColor>-1</diagramColor>
<display>false</display>
<notation>1</notation>
<objectViews>
<OView class="oracle.dbtools.crest.swingui.relational.TVTable" oid="0FCC6974-C2AA-F8BE-40A8-06D06B92716A" otype="Table" vid="585B9FE3-AB41-DA05-86CD-28B667297496">
<hideElementsInCurrentOnly>false</hideElementsInCurrentOnly>
<bounds x="171" y="705" width="151" height="127"/>
</OView>
<OView class="oracle.dbtools.crest.swingui.relational.TVTable" oid="10C4AE3E-0DAF-923A-0CC9-66C7588AA7F4" otype="Table" vid="F8143218-46C5-2128-9DA5-AD29C70E7755">
<hideElementsInCurrentOnly>false</hideElementsInCurrentOnly>
<bounds x="1404" y="126" width="170" height="110"/>
</OView>
<OView class="oracle.dbtools.crest.swingui.relational.TVTable" oid="2814CF24-C9A3-CAB1-CA16-9541E267C178" otype="Table" vid="54F45BE3-A66C-2FD4-BD13-DED2311D25F1">
<hideElementsInCurrentOnly>false</hideElementsInCurrentOnly>
<bounds x="120" y="438" width="159" height="109"/>
</OView>
<OView class="oracle.dbtools.crest.swingui.relational.TVTable" oid="32A3BE4E-C71E-7EA0-0CE6-092DDFCC05C4" otype="Table" vid="6D211C85-67CE-76A8-2975-85B696A1A1F3">
<hideElementsInCurrentOnly>false</hideElementsInCurrentOnly>
<bounds x="399" y="627" width="170" height="110"/>
</OView>
<OView class="oracle.dbtools.crest.swingui.relational.TVTable" oid="4C73670D-ACA3-3FB4-40B0-7845AC7C762E" otype="Table" vid="BB10092B-2C3D-EBA5-80CC-255A35AC8556">
<hideElementsInCurrentOnly>false</hideElementsInCurrentOnly>
<bounds x="230" y="410" width="170" height="110"/>
</OView>
<OView class="oracle.dbtools.crest.swingui.relational.TVTable" oid="5D8642D4-8277-FFC4-149B-DCA7CE1DA046" otype="Table" vid="96F29BF7-2BDD-E276-1965-673DDDAB81E5">
<hideElementsInCurrentOnly>false</hideElementsInCurrentOnly>
<bounds x="105" y="235" width="170" height="110"/>
</OView>
<OView class="oracle.dbtools.crest.swingui.relational.TVTable" oid="80008560-C373-B6BE-992A-BD7A670CCB0C" otype="Table" vid="B254738D-C52F-2CC9-692E-CD4612AAE1C1">
<hideElementsInCurrentOnly>false</hideElementsInCurrentOnly>
<bounds x="1159" y="64" width="170" height="113"/>
</OView>
<OView class="oracle.dbtools.crest.swingui.relational.TVTable" oid="99E8DB60-70BC-6EF7-E073-40767CFC6D08" otype="Table" vid="42106B20-07A7-C947-CBB2-65870F158D17">
<hideElementsInCurrentOnly>false</hideElementsInCurrentOnly>
<bounds x="634" y="526" width="170" height="110"/>
</OView>
<OView class="oracle.dbtools.crest.swingui.relational.TVTable" oid="A55DD00F-61F0-E1C8-B423-AC1E1C4B265F" otype="Table" vid="1EC83655-76E4-5CB1-3BAB-D46A14BF9CFD">
<hideElementsInCurrentOnly>false</hideElementsInCurrentOnly>
<bounds x="370" y="8" width="170" height="126"/>
</OView>
<OView class="oracle.dbtools.crest.swingui.relational.TVTable" oid="AA90019A-FF58-9C6B-55A3-0FDCFC0CDB0E" otype="Table" vid="25FE8EF7-A7B9-FCE4-77F6-E3CD6CC0D048">
<hideElementsInCurrentOnly>false</hideElementsInCurrentOnly>
<bounds x="1214" y="490" width="199" height="135"/>
</OView>
<OView class="oracle.dbtools.crest.swingui.relational.TVTable" oid="BCB35BC5-E513-029A-B20B-84E99B0D9026" otype="Table" vid="5584B4F7-AE03-C105-53D5-EE00BDEAAC84">
<hideElementsInCurrentOnly>false</hideElementsInCurrentOnly>
<bounds x="1041" y="232" width="273" height="205"/>
</OView>
<OView class="oracle.dbtools.crest.swingui.relational.TVTable" oid="C1B1C7AB-844E-97E1-ECBA-F82611A08489" otype="Table" vid="B6F079B0-2A35-8FFD-6BFE-9E202BBD929A">
<hideElementsInCurrentOnly>false</hideElementsInCurrentOnly>
<bounds x="336" y="190" width="171" height="110"/>
</OView>
<OView class="oracle.dbtools.crest.swingui.relational.TVTable" oid="C25B36C9-2854-1106-6C2C-FCB9B2F27817" otype="Table" vid="F54DF8A0-C588-C67E-CACC-3007EEC85D74">
<hideElementsInCurrentOnly>false</hideElementsInCurrentOnly>
<bounds x="817" y="643" width="170" height="110"/>
</OView>
<OView class="oracle.dbtools.crest.swingui.relational.TVTable" oid="D5A17EF5-0016-87F7-72E8-6401E3973642" otype="Table" vid="FA9DEA3A-95E1-1803-7013-E6C88BA3AAFC">
<hideElementsInCurrentOnly>false</hideElementsInCurrentOnly>
<bounds x="824" y="29" width="170" height="113"/>
</OView>
<OView class="oracle.dbtools.crest.swingui.relational.TVTable" oid="E4AF9CA6-6C41-371C-B41A-E9164DBB6054" otype="Table" vid="D5B83858-4E72-1824-5CFD-4303E36D53B3">
<hideElementsInCurrentOnly>false</hideElementsInCurrentOnly>
<bounds x="520" y="365" width="170" height="110"/>
</OView>
</objectViews>
<connectors>
<Connector class="oracle.dbtools.crest.swingui.relational.TVFKRelation" oid="0FB93B98-AC9F-0B5B-9517-FF729DB6F85E" otype="FKIndexAssociation" vid_source="1EC83655-76E4-5CB1-3BAB-D46A14BF9CFD" vid_target="FA9DEA3A-95E1-1803-7013-E6C88BA3AAFC">
<hideElementsInCurrentOnly>false</hideElementsInCurrentOnly>
<backgroundColor>-16777216</backgroundColor>
<lineWidth>1</lineWidth>
<points>
<point x="540" y="81"/>
<point x="824" y="81"/>
</points>
</Connector>
<Connector class="oracle.dbtools.crest.swingui.relational.TVFKRelation" oid="2248ABA9-F307-0478-7798-0FE1662A5BE1" otype="FKIndexAssociation" vid_source="B254738D-C52F-2CC9-692E-CD4612AAE1C1" vid_target="F8143218-46C5-2128-9DA5-AD29C70E7755">
<hideElementsInCurrentOnly>false</hideElementsInCurrentOnly>
<backgroundColor>-16777216</backgroundColor>
<lineWidth>1</lineWidth>
<points>
<point x="1329" y="151"/>
<point x="1404" y="151"/>
</points>
</Connector>
<Connector class="oracle.dbtools.crest.swingui.relational.TVFKRelation" oid="2C3ADB2A-2564-D914-B4BF-2A838EC4D446" otype="FKIndexAssociation" vid_source="D5B83858-4E72-1824-5CFD-4303E36D53B3" vid_target="1EC83655-76E4-5CB1-3BAB-D46A14BF9CFD">
<hideElementsInCurrentOnly>false</hideElementsInCurrentOnly>
<backgroundColor>-16777216</backgroundColor>
<lineWidth>1</lineWidth>
<points>
<point x="530" y="365"/>
<point x="530" y="134"/>
</points>
</Connector>
<Connector class="oracle.dbtools.crest.swingui.relational.TVFKRelation" oid="68CA17ED-B01C-C148-F599-C9B1DA7A3B0E" otype="FKIndexAssociation" vid_source="54F45BE3-A66C-2FD4-BD13-DED2311D25F1" vid_target="585B9FE3-AB41-DA05-86CD-28B667297496">
<hideElementsInCurrentOnly>false</hideElementsInCurrentOnly>
<backgroundColor>-16777216</backgroundColor>
<lineWidth>1</lineWidth>
<points>
<point x="225" y="547"/>
<point x="225" y="705"/>
</points>
</Connector>
<Connector class="oracle.dbtools.crest.swingui.relational.TVFKRelation" oid="7B2295C7-E6A5-8A44-CDDE-0120015F638B" otype="FKIndexAssociation" vid_source="B6F079B0-2A35-8FFD-6BFE-9E202BBD929A" vid_target="FA9DEA3A-95E1-1803-7013-E6C88BA3AAFC">
<hideElementsInCurrentOnly>false</hideElementsInCurrentOnly>
<backgroundColor>-16777216</backgroundColor>
<lineWidth>1</lineWidth>
<points>
<point x="507" y="217"/>
<point x="824" y="113"/>
</points>
</Connector>
<Connector class="oracle.dbtools.crest.swingui.relational.TVFKRelation" oid="849BE446-8545-A955-14B5-426CCD86B416" otype="FKIndexAssociation" vid_source="D5B83858-4E72-1824-5CFD-4303E36D53B3" vid_target="585B9FE3-AB41-DA05-86CD-28B667297496">
<hideElementsInCurrentOnly>false</hideElementsInCurrentOnly>
<backgroundColor>-16777216</backgroundColor>
<lineWidth>1</lineWidth>
<points>
<point x="548" y="475"/>
<point x="311" y="705"/>
</points>
</Connector>
<Connector class="oracle.dbtools.crest.swingui.relational.TVFKRelation" oid="890A4071-274E-38B1-1659-F14529819564" otype="FKIndexAssociation" vid_source="96F29BF7-2BDD-E276-1965-673DDDAB81E5" vid_target="B6F079B0-2A35-8FFD-6BFE-9E202BBD929A">
<hideElementsInCurrentOnly>false</hideElementsInCurrentOnly>
<backgroundColor>-16777216</backgroundColor>
<lineWidth>1</lineWidth>
<points>
<point x="275" y="267"/>
<point x="336" y="267"/>
</points>
</Connector>
<Connector class="oracle.dbtools.crest.swingui.relational.TVFKRelation" oid="899E1897-C4CA-2812-DDF5-48BDBC344BAF" otype="FKIndexAssociation" vid_source="25FE8EF7-A7B9-FCE4-77F6-E3CD6CC0D048" vid_target="42106B20-07A7-C947-CBB2-65870F158D17">
<hideElementsInCurrentOnly>false</hideElementsInCurrentOnly>
<backgroundColor>-16777216</backgroundColor>
<lineWidth>1</lineWidth>
<points>
<point x="1214" y="575"/>
<point x="804" y="575"/>
</points>
</Connector>
<Connector class="oracle.dbtools.crest.swingui.relational.TVFKRelation" oid="8BFF5571-9838-5B02-EFA9-C7693278EFA3" otype="FKIndexAssociation" vid_source="F54DF8A0-C588-C67E-CACC-3007EEC85D74" vid_target="6D211C85-67CE-76A8-2975-85B696A1A1F3">
<hideElementsInCurrentOnly>false</hideElementsInCurrentOnly>
<backgroundColor>-16777216</backgroundColor>
<lineWidth>1</lineWidth>
<points>
<point x="817" y="705"/>
<point x="569" y="705"/>
</points>
</Connector>
<Connector class="oracle.dbtools.crest.swingui.relational.TVFKRelation" oid="9605062B-4766-55B9-FE25-CAAFC9673FFC" otype="FKIndexAssociation" vid_source="D5B83858-4E72-1824-5CFD-4303E36D53B3" vid_target="6D211C85-67CE-76A8-2975-85B696A1A1F3">
<hideElementsInCurrentOnly>false</hideElementsInCurrentOnly>
<backgroundColor>-16777216</backgroundColor>
<lineWidth>1</lineWidth>
<points>
<point x="559" y="475"/>
<point x="559" y="627"/>
</points>
</Connector>
<Connector class="oracle.dbtools.crest.swingui.relational.TVFKRelation" oid="9A4DAA9C-9A3C-6D0E-63BC-C2D6ACD75CEC" otype="FKIndexAssociation" vid_source="96F29BF7-2BDD-E276-1965-673DDDAB81E5" vid_target="1EC83655-76E4-5CB1-3BAB-D46A14BF9CFD">
<hideElementsInCurrentOnly>false</hideElementsInCurrentOnly>
<backgroundColor>-16777216</backgroundColor>
<lineWidth>1</lineWidth>
<points>
<point x="221" y="235"/>
<point x="416" y="134"/>
</points>
</Connector>
<Connector class="oracle.dbtools.crest.swingui.relational.TVFKRelation" oid="AD0E1A6A-1457-CB96-ECF4-BEB7C930519D" otype="FKIndexAssociation" vid_source="B6F079B0-2A35-8FFD-6BFE-9E202BBD929A" vid_target="5584B4F7-AE03-C105-53D5-EE00BDEAAC84">
<hideElementsInCurrentOnly>false</hideElementsInCurrentOnly>
<backgroundColor>-16777216</backgroundColor>
<lineWidth>1</lineWidth>
<points>
<point x="507" y="281"/>
<point x="1041" y="281"/>
</points>
</Connector>
<Connector class="oracle.dbtools.crest.swingui.relational.TVFKRelation" oid="AF4F819E-D61D-6B65-FA32-DB829E5F7BFA" otype="FKIndexAssociation" vid_source="54F45BE3-A66C-2FD4-BD13-DED2311D25F1" vid_target="96F29BF7-2BDD-E276-1965-673DDDAB81E5">
<hideElementsInCurrentOnly>false</hideElementsInCurrentOnly>
<backgroundColor>-16777216</backgroundColor>
<lineWidth>1</lineWidth>
<points>
<point x="197" y="438"/>
<point x="197" y="345"/>
</points>
</Connector>
<Connector class="oracle.dbtools.crest.swingui.relational.TVFKRelation" oid="B1481BF3-39A4-C3ED-9C72-420FA50F3BB9" otype="FKIndexAssociation" vid_source="B254738D-C52F-2CC9-692E-CD4612AAE1C1" vid_target="F8143218-46C5-2128-9DA5-AD29C70E7755">
<hideElementsInCurrentOnly>false</hideElementsInCurrentOnly>
<backgroundColor>-16777216</backgroundColor>
<lineWidth>1</lineWidth>
<points>
<point x="1329" y="166"/>
<point x="1404" y="166"/>
</points>
</Connector>
<Connector class="oracle.dbtools.crest.swingui.relational.TVFKRelation" oid="B61ADA08-14BA-BC9E-157C-74D64FBC45C2" otype="FKIndexAssociation" vid_source="D5B83858-4E72-1824-5CFD-4303E36D53B3" vid_target="42106B20-07A7-C947-CBB2-65870F158D17">
<hideElementsInCurrentOnly>false</hideElementsInCurrentOnly>
<backgroundColor>-16777216</backgroundColor>
<lineWidth>1</lineWidth>
<points>
<point x="662" y="475"/>
<point x="662" y="526"/>
</points>
</Connector>
<Connector class="oracle.dbtools.crest.swingui.relational.TVFKRelation" oid="BB2D11FC-6ED6-A8D4-B988-232794A7E7D2" otype="FKIndexAssociation" vid_source="B6F079B0-2A35-8FFD-6BFE-9E202BBD929A" vid_target="5584B4F7-AE03-C105-53D5-EE00BDEAAC84">
<hideElementsInCurrentOnly>false</hideElementsInCurrentOnly>
<backgroundColor>-16777216</backgroundColor>
<lineWidth>1</lineWidth>
<points>
<point x="507" y="251"/>
<point x="1041" y="251"/>
</points>
</Connector>
<Connector class="oracle.dbtools.crest.swingui.relational.TVFKRelation" oid="BBE18790-08F0-1C81-6BA8-177EA65EC857" otype="FKIndexAssociation" vid_source="B6F079B0-2A35-8FFD-6BFE-9E202BBD929A" vid_target="5584B4F7-AE03-C105-53D5-EE00BDEAAC84">
<hideElementsInCurrentOnly>false</hideElementsInCurrentOnly>
<backgroundColor>-16777216</backgroundColor>
<lineWidth>1</lineWidth>
<points>
<point x="507" y="266"/>
<point x="1041" y="266"/>
</points>
</Connector>
<Connector class="oracle.dbtools.crest.swingui.relational.TVFKRelation" oid="C134552C-2CAB-ADD2-50AA-813CA3DCD752" otype="FKIndexAssociation" vid_source="F54DF8A0-C588-C67E-CACC-3007EEC85D74" vid_target="6D211C85-67CE-76A8-2975-85B696A1A1F3">
<hideElementsInCurrentOnly>false</hideElementsInCurrentOnly>
<backgroundColor>-16777216</backgroundColor>
<lineWidth>1</lineWidth>
<points>
<point x="817" y="690"/>
<point x="569" y="690"/>
</points>
</Connector>
<Connector class="oracle.dbtools.crest.swingui.relational.TVFKRelation" oid="C6BBC0E8-3527-86DC-EEB7-6D1128904B69" otype="FKIndexAssociation" vid_source="B254738D-C52F-2CC9-692E-CD4612AAE1C1" vid_target="BB10092B-2C3D-EBA5-80CC-255A35AC8556">
<hideElementsInCurrentOnly>false</hideElementsInCurrentOnly>
<backgroundColor>-16777216</backgroundColor>
<lineWidth>1</lineWidth>
<points>
<point x="1159" y="152"/>
<point x="400" y="433"/>
</points>
</Connector>
<Connector class="oracle.dbtools.crest.swingui.relational.TVFKRelation" oid="CC569EBE-BADA-E8E1-C1A9-FD69DEEF7EE4" otype="FKIndexAssociation" vid_source="5584B4F7-AE03-C105-53D5-EE00BDEAAC84" vid_target="25FE8EF7-A7B9-FCE4-77F6-E3CD6CC0D048">
<hideElementsInCurrentOnly>false</hideElementsInCurrentOnly>
<backgroundColor>-16777216</backgroundColor>
<lineWidth>1</lineWidth>
<points>
<point x="1264" y="437"/>
<point x="1264" y="490"/>
</points>
</Connector>
<Connector class="oracle.dbtools.crest.swingui.relational.TVFKRelation" oid="D523489A-28FA-8B83-EEAD-BBB4491ED703" otype="FKIndexAssociation" vid_source="96F29BF7-2BDD-E276-1965-673DDDAB81E5" vid_target="1EC83655-76E4-5CB1-3BAB-D46A14BF9CFD">
<hideElementsInCurrentOnly>false</hideElementsInCurrentOnly>
<backgroundColor>-16777216</backgroundColor>
<lineWidth>1</lineWidth>
<points>
<point x="256" y="235"/>
<point x="370" y="128"/>
</points>
</Connector>
<Connector class="oracle.dbtools.crest.swingui.relational.TVFKRelation" oid="E560C553-7A02-05A1-A456-978DDF687B46" otype="FKIndexAssociation" vid_source="FA9DEA3A-95E1-1803-7013-E6C88BA3AAFC" vid_target="5584B4F7-AE03-C105-53D5-EE00BDEAAC84">
<hideElementsInCurrentOnly>false</hideElementsInCurrentOnly>
<backgroundColor>-16777216</backgroundColor>
<lineWidth>1</lineWidth>
<points>
<point x="969" y="142"/>
<point x="1066" y="232"/>
</points>
</Connector>
<Connector class="oracle.dbtools.crest.swingui.relational.TVFKRelation" oid="F3EF9971-6A96-DEFA-49A4-616F89078E1E" otype="FKIndexAssociation" vid_source="D5B83858-4E72-1824-5CFD-4303E36D53B3" vid_target="5584B4F7-AE03-C105-53D5-EE00BDEAAC84">
<hideElementsInCurrentOnly>false</hideElementsInCurrentOnly>
<backgroundColor>-16777216</backgroundColor>
<lineWidth>1</lineWidth>
<points>
<point x="690" y="401"/>
<point x="1041" y="401"/>
</points>
</Connector>
<Connector class="oracle.dbtools.crest.swingui.relational.TVFKRelation" oid="F90625A4-416D-DCA1-481F-1BDD3C20C306" otype="FKIndexAssociation" vid_source="FA9DEA3A-95E1-1803-7013-E6C88BA3AAFC" vid_target="BB10092B-2C3D-EBA5-80CC-255A35AC8556">
<hideElementsInCurrentOnly>false</hideElementsInCurrentOnly>
<backgroundColor>-16777216</backgroundColor>
<lineWidth>1</lineWidth>
<points>
<point x="824" y="139"/>
<point x="400" y="410"/>
</points>
</Connector>
</connectors>
<arcs>
<Arc class="oracle.dbtools.crest.swingui.relational.TVFKArc" oid="251EE2C4-BA8A-87C1-5922-98B353668609" otype="FKArc" vid="BDA4CE81-1712-22BB-C226-1AA2F6B52C94">
<hideElementsInCurrentOnly>false</hideElementsInCurrentOnly>
<bounds x="151" y="685" width="191" height="167"/>
</Arc>
</arcs>
</Diagram>