<?xml version = '1.0' encoding = 'UTF-8'?>
<relationalModel class="oracle.dbtools.crest.model.design.relational.RelationalDesign" name="Relational_1" id="8608A754-409F-34B5-E6BF-5F08A333707C" mainViewID="764D5512-7A12-3E2C-5602-243B50E474CB">
<createdBy>34693</createdBy>
<createdTime>2024-11-19 07:34:13 UTC</createdTime>
<ownerDesignName>ER_corregido</ownerDesignName>
<shouldBeOpen>false</shouldBeOpen>
<selectedRDBMSSite>32076570-2523-435C-2E92-BF29817DFF70</selectedRDBMSSite>
</relationalModel>