<?xml version = '1.0' encoding = 'UTF-8'?>
<Diagram class="oracle.dbtools.crest.swingui.relational.DPVRelational" name="Relational_1" id="764D5512-7A12-3E2C-5602-243B50E474CB">
<createdBy>34693</createdBy>
<modifiedBy>34693</modifiedBy>
<createdTime>2024-11-19 07:34:13 UTC</createdTime>
<autoRoute>false</autoRoute>
<boxInbox>true</boxInbox>
<showLegend>false</showLegend>
<showLabels>false</showLabels>
<showRelAttributes>false</showRelAttributes>
<gridEnabled>false</gridEnabled>
<showGrid>false</showGrid>
<diagramColor>-1</diagramColor>
<display>false</display>
<notation>1</notation>
<objectViews>
<OView class="oracle.dbtools.crest.swingui.relational.TVTable" oid="09E03E76-EF6B-44F9-1C7F-A63BE42432DB" otype="Table" vid="829D8AE1-ED3C-6227-C74B-83E807FCFD2D">
<hideElementsInCurrentOnly>false</hideElementsInCurrentOnly>
<bounds x="1190" y="830" width="245" height="131"/>
</OView>
<OView class="oracle.dbtools.crest.swingui.relational.TVTable" oid="1252C578-97CB-74D7-102D-F71BBEB215A1" otype="Table" vid="3FE4989D-36D3-49EB-2F4E-614613B4916E">
<hideElementsInCurrentOnly>false</hideElementsInCurrentOnly>
<bounds x="217" y="318" width="268" height="110"/>
</OView>
<OView class="oracle.dbtools.crest.swingui.relational.TVTable" oid="1A79844C-C599-2775-5C3E-2D82B5BD5286" otype="Table" vid="5057675E-EA49-9DE4-3EAB-162FA5C7306F">
<hideElementsInCurrentOnly>false</hideElementsInCurrentOnly>
<bounds x="1621" y="659" width="222" height="135"/>
</OView>
<OView class="oracle.dbtools.crest.swingui.relational.TVTable" oid="34E46C6A-DB31-0790-B575-B3A9AF966C0E" otype="Table" vid="EE330EC9-14BE-52C7-04B7-A0B73F1569E6">
<hideElementsInCurrentOnly>false</hideElementsInCurrentOnly>
<bounds x="680" y="260" width="305" height="190"/>
</OView>
<OView class="oracle.dbtools.crest.swingui.relational.TVTable" oid="3D99D2D1-CDF2-19EF-E2C2-21793C12D8D8" otype="Table" vid="BB6599F0-29B8-AC05-A76D-F40F8ECA0569">
<hideElementsInCurrentOnly>false</hideElementsInCurrentOnly>
<bounds x="800" y="499" width="245" height="290"/>
</OView>
<OView class="oracle.dbtools.crest.swingui.relational.TVTable" oid="41EC7584-6AE6-D8F7-593D-1BD314F77765" otype="Table" vid="F67A3F57-771F-FDFD-2C97-1BD99FAF8CA5">
<hideElementsInCurrentOnly>false</hideElementsInCurrentOnly>
<bounds x="34" y="26" width="277" height="154"/>
</OView>
<OView class="oracle.dbtools.crest.swingui.relational.TVTable" oid="47590D75-B486-47DD-0941-572F77980714" otype="Table" vid="E8CC6422-B5A4-F439-4C31-CE4FDED037C6">
<hideElementsInCurrentOnly>false</hideElementsInCurrentOnly>
<bounds x="844" y="865" width="255" height="120"/>
</OView>
<OView class="oracle.dbtools.crest.swingui.relational.TVTable" oid="49646A22-53C5-C47C-BEED-EBE222FA9D96" otype="Table" vid="DDC7808B-5CA1-422E-E43F-ECA69624D0FC">
<hideElementsInCurrentOnly>false</hideElementsInCurrentOnly>
<bounds x="522" y="602" width="243" height="121"/>
</OView>
<OView class="oracle.dbtools.crest.swingui.relational.TVTable" oid="4DCA5797-D874-9A4B-58F4-8216BB3EAEEE" otype="Table" vid="9904BB3A-B008-4BDE-52F6-9E6E221F8ABB">
<hideElementsInCurrentOnly>false</hideElementsInCurrentOnly>
<bounds x="21" y="453" width="323" height="207"/>
</OView>
<OView class="oracle.dbtools.crest.swingui.relational.TVTable" oid="5067960C-EDB7-104E-DDEB-58E9355FF1C1" otype="Table" vid="690C61BA-D988-0537-D7F2-1BC8F0F4F5D2">
<hideElementsInCurrentOnly>false</hideElementsInCurrentOnly>
<bounds x="1524" y="286" width="275" height="127"/>
</OView>
<OView class="oracle.dbtools.crest.swingui.relational.TVTable" oid="50D425D0-28EC-1B35-2268-B1F8FCBBE59D" otype="Table" vid="EF60D68B-4004-ED05-FFF1-8D1109B95C4A">
<hideElementsInCurrentOnly>false</hideElementsInCurrentOnly>
<bounds x="792" y="31" width="389" height="107"/>
</OView>
<OView class="oracle.dbtools.crest.swingui.relational.TVTable" oid="5AA54B11-F807-D0D4-E3D8-0AA64E00D7BF" otype="Table" vid="1AAF83C1-4134-BE65-8885-680647F8D563">
<hideElementsInCurrentOnly>false</hideElementsInCurrentOnly>
<bounds x="1079" y="235" width="374" height="214"/>
</OView>
<OView class="oracle.dbtools.crest.swingui.relational.TVTable" oid="9E220C7E-1718-0528-8D1E-FA970ED44705" otype="Table" vid="B44BFACE-38BC-2468-60F6-DC166D8057E3">
<hideElementsInCurrentOnly>false</hideElementsInCurrentOnly>
<bounds x="40" y="822" width="289" height="123"/>
</OView>
<OView class="oracle.dbtools.crest.swingui.relational.TVTable" oid="A3D7C7E5-4164-EA6E-5AF6-463FD71EB9CD" otype="Table" vid="5843E7BF-11A8-DFE6-B235-B1F16EDAC639">
<hideElementsInCurrentOnly>false</hideElementsInCurrentOnly>
<bounds x="446" y="815" width="266" height="163"/>
</OView>
<OView class="oracle.dbtools.crest.swingui.relational.TVTable" oid="D3DA5E91-A7F1-DB35-6C95-2E246FA676D6" otype="Table" vid="CB66EDDE-9925-E4C7-7A17-68F0907ECD72">
<hideElementsInCurrentOnly>false</hideElementsInCurrentOnly>
<bounds x="1141" y="548" width="364" height="123"/>
</OView>
</objectViews>
<connectors>
<Connector class="oracle.dbtools.crest.swingui.relational.TVFKRelation" oid="043594B1-1C14-8C5C-FD74-D34CA1DF7862" otype="FKIndexAssociation" vid_source="1AAF83C1-4134-BE65-8885-680647F8D563" vid_target="28508FB2-1A86-E001-3600-674AFD94CF64">
<hideElementsInCurrentOnly>false</hideElementsInCurrentOnly>
<backgroundColor>-16777216</backgroundColor>
<lineWidth>1</lineWidth>
</Connector>
<Connector class="oracle.dbtools.crest.swingui.relational.TVFKRelation" oid="0F62D828-ED55-E3A0-967A-61301A6AB4CB" otype="FKIndexAssociation" vid_source="B36F5EFF-0644-3BFF-0B88-655090B2DD46" vid_target="28508FB2-1A86-E001-3600-674AFD94CF64">
<hideElementsInCurrentOnly>false</hideElementsInCurrentOnly>
<backgroundColor>-16777216</backgroundColor>
<lineWidth>1</lineWidth>
</Connector>
<Connector class="oracle.dbtools.crest.swingui.relational.TVFKRelation" oid="18C549EF-B7CF-A8B8-A308-C31A1F865489" otype="FKIndexAssociation" vid_source="B44BFACE-38BC-2468-60F6-DC166D8057E3" vid_target="9904BB3A-B008-4BDE-52F6-9E6E221F8ABB">
<hideElementsInCurrentOnly>false</hideElementsInCurrentOnly>
<backgroundColor>-16777216</backgroundColor>
<lineWidth>1</lineWidth>
<points>
<point x="184" y="822"/>
<point x="184" y="660"/>
</points>
</Connector>
<Connector class="oracle.dbtools.crest.swingui.relational.TVFKRelation" oid="1CC87FB7-0256-BDA3-4B64-8AFAEAC15892" otype="FKIndexAssociation" vid_source="D5C7AD85-0465-B97C-84FA-A2F3F79D63EB" vid_target="690C61BA-D988-0537-D7F2-1BC8F0F4F5D2">
<hideElementsInCurrentOnly>false</hideElementsInCurrentOnly>
<backgroundColor>-16777216</backgroundColor>
<lineWidth>1</lineWidth>
</Connector>
<Connector class="oracle.dbtools.crest.swingui.relational.TVFKRelation" oid="23D08C19-B22C-0C5D-90D7-66C34B3D33C1" otype="FKIndexAssociation" vid_source="1AAF83C1-4134-BE65-8885-680647F8D563" vid_target="690C61BA-D988-0537-D7F2-1BC8F0F4F5D2">
<hideElementsInCurrentOnly>false</hideElementsInCurrentOnly>
<backgroundColor>-16777216</backgroundColor>
<lineWidth>1</lineWidth>
<points>
<point x="1453" y="364"/>
<point x="1524" y="364"/>
</points>
</Connector>
<Connector class="oracle.dbtools.crest.swingui.relational.TVFKRelation" oid="25C573B3-E042-B5BA-E628-9D614B9F80C4" otype="FKIndexAssociation" vid_source="D5C7AD85-0465-B97C-84FA-A2F3F79D63EB" vid_target="BD6DFA33-062D-9664-F413-188DFC9C32FD">
<hideElementsInCurrentOnly>false</hideElementsInCurrentOnly>
<backgroundColor>-16777216</backgroundColor>
<lineWidth>1</lineWidth>
</Connector>
<Connector class="oracle.dbtools.crest.swingui.relational.TVFKRelation" oid="2865903B-CC04-C961-C595-2B0F054B98BE" otype="FKIndexAssociation" vid_source="E8CC6422-B5A4-F439-4C31-CE4FDED037C6" vid_target="829D8AE1-ED3C-6227-C74B-83E807FCFD2D">
<hideElementsInCurrentOnly>false</hideElementsInCurrentOnly>
<backgroundColor>-16777216</backgroundColor>
<lineWidth>1</lineWidth>
<points>
<point x="1099" y="913"/>
<point x="1190" y="913"/>
</points>
</Connector>
<Connector class="oracle.dbtools.crest.swingui.relational.TVFKRelation" oid="28EE86AD-5D0E-A224-6455-7B6B176E31DF" otype="FKIndexAssociation" vid_source="B36F5EFF-0644-3BFF-0B88-655090B2DD46" vid_target="F67A3F57-771F-FDFD-2C97-1BD99FAF8CA5">
<hideElementsInCurrentOnly>false</hideElementsInCurrentOnly>
<backgroundColor>-16777216</backgroundColor>
<lineWidth>1</lineWidth>
</Connector>
<Connector class="oracle.dbtools.crest.swingui.relational.TVFKRelation" oid="2D986CAD-7B84-48DB-0D5A-FC7A8FD14EB3" otype="FKIndexAssociation" vid_source="DDC7808B-5CA1-422E-E43F-ECA69624D0FC" vid_target="5843E7BF-11A8-DFE6-B235-B1F16EDAC639">
<hideElementsInCurrentOnly>false</hideElementsInCurrentOnly>
<backgroundColor>-16777216</backgroundColor>
<lineWidth>1</lineWidth>
<points>
<point x="617" y="723"/>
<point x="617" y="815"/>
</points>
</Connector>
<Connector class="oracle.dbtools.crest.swingui.relational.TVFKRelation" oid="36901863-1DEB-EE21-80D1-6F453D6B0522" otype="FKIndexAssociation" vid_source="690C61BA-D988-0537-D7F2-1BC8F0F4F5D2" vid_target="1AAF83C1-4134-BE65-8885-680647F8D563">
<hideElementsInCurrentOnly>false</hideElementsInCurrentOnly>
<backgroundColor>-16777216</backgroundColor>
<lineWidth>1</lineWidth>
<points>
<point x="1524" y="349"/>
<point x="1453" y="349"/>
</points>
</Connector>
<Connector class="oracle.dbtools.crest.swingui.relational.TVFKRelation" oid="39048000-823F-4691-D8E0-56CE0CEC01E6" otype="FKIndexAssociation" vid_source="5843E7BF-11A8-DFE6-B235-B1F16EDAC639" vid_target="E8CC6422-B5A4-F439-4C31-CE4FDED037C6">
<hideElementsInCurrentOnly>false</hideElementsInCurrentOnly>
<backgroundColor>-16777216</backgroundColor>
<lineWidth>1</lineWidth>
<points>
<point x="712" y="921"/>
<point x="844" y="921"/>
</points>
</Connector>
<Connector class="oracle.dbtools.crest.swingui.relational.TVFKRelation" oid="5773A97A-2D14-601E-1304-92F8878FAF1A" otype="FKIndexAssociation" vid_source="5057675E-EA49-9DE4-3EAB-162FA5C7306F" vid_target="1AAF83C1-4134-BE65-8885-680647F8D563">
<hideElementsInCurrentOnly>false</hideElementsInCurrentOnly>
<backgroundColor>-16777216</backgroundColor>
<lineWidth>1</lineWidth>
<points>
<point x="1650" y="659"/>
<point x="1395" y="449"/>
</points>
</Connector>
<Connector class="oracle.dbtools.crest.swingui.relational.TVFKRelation" oid="60C21DB3-E9F2-E484-034B-375B8CCC47D4" otype="FKIndexAssociation" vid_source="EE330EC9-14BE-52C7-04B7-A0B73F1569E6" vid_target="3FE4989D-36D3-49EB-2F4E-614613B4916E">
<hideElementsInCurrentOnly>false</hideElementsInCurrentOnly>
<backgroundColor>-16777216</backgroundColor>
<lineWidth>1</lineWidth>
<points>
<point x="680" y="308"/>
<point x="485" y="318"/>
</points>
</Connector>
<Connector class="oracle.dbtools.crest.swingui.relational.TVFKRelation" oid="73C1F892-CE40-ED6E-66CE-1E8623EF782D" otype="FKIndexAssociation" vid_source="BB6599F0-29B8-AC05-A76D-F40F8ECA0569" vid_target="CB66EDDE-9925-E4C7-7A17-68F0907ECD72">
<hideElementsInCurrentOnly>false</hideElementsInCurrentOnly>
<backgroundColor>-16777216</backgroundColor>
<lineWidth>1</lineWidth>
<points>
<point x="1045" y="609"/>
<point x="1141" y="609"/>
</points>
</Connector>
<Connector class="oracle.dbtools.crest.swingui.relational.TVFKRelation" oid="7948CB71-F6F3-3235-E0B5-F10705F3D29C" otype="FKIndexAssociation" vid_source="DDC7808B-5CA1-422E-E43F-ECA69624D0FC" vid_target="5843E7BF-11A8-DFE6-B235-B1F16EDAC639">
<hideElementsInCurrentOnly>false</hideElementsInCurrentOnly>
<backgroundColor>-16777216</backgroundColor>
<lineWidth>1</lineWidth>
<points>
<point x="609" y="723"/>
<point x="608" y="815"/>
</points>
</Connector>
<Connector class="oracle.dbtools.crest.swingui.relational.TVFKRelation" oid="846AB050-813A-CE56-AC1F-9849439B3880" otype="FKIndexAssociation" vid_source="5843E7BF-11A8-DFE6-B235-B1F16EDAC639" vid_target="B44BFACE-38BC-2468-60F6-DC166D8057E3">
<hideElementsInCurrentOnly>false</hideElementsInCurrentOnly>
<backgroundColor>-16777216</backgroundColor>
<lineWidth>1</lineWidth>
<points>
<point x="446" y="883"/>
<point x="329" y="883"/>
</points>
</Connector>
<Connector class="oracle.dbtools.crest.swingui.relational.TVFKRelation" oid="8BF0255F-8323-EAF9-A720-B35E97528A83" otype="FKIndexAssociation" vid_source="1AAF83C1-4134-BE65-8885-680647F8D563" vid_target="CB66EDDE-9925-E4C7-7A17-68F0907ECD72">
<hideElementsInCurrentOnly>false</hideElementsInCurrentOnly>
<backgroundColor>-16777216</backgroundColor>
<lineWidth>1</lineWidth>
<points>
<point x="1297" y="449"/>
<point x="1297" y="548"/>
</points>
</Connector>
<Connector class="oracle.dbtools.crest.swingui.relational.TVFKRelation" oid="8E15D847-7B29-6AFC-8560-7A1C3BED34E0" otype="FKIndexAssociation" vid_source="BB6599F0-29B8-AC05-A76D-F40F8ECA0569" vid_target="5057675E-EA49-9DE4-3EAB-162FA5C7306F">
<hideElementsInCurrentOnly>false</hideElementsInCurrentOnly>
<backgroundColor>-16777216</backgroundColor>
<lineWidth>1</lineWidth>
<points>
<point x="1045" y="724"/>
<point x="1621" y="724"/>
</points>
</Connector>
<Connector class="oracle.dbtools.crest.swingui.relational.TVFKRelation" oid="95A950C2-A229-0311-60E7-38B90D50C71F" otype="FKIndexAssociation" vid_source="B44BFACE-38BC-2468-60F6-DC166D8057E3" vid_target="EE330EC9-14BE-52C7-04B7-A0B73F1569E6">
<hideElementsInCurrentOnly>false</hideElementsInCurrentOnly>
<backgroundColor>-16777216</backgroundColor>
<lineWidth>1</lineWidth>
<points>
<point x="259" y="822"/>
<point x="680" y="444"/>
</points>
</Connector>
<Connector class="oracle.dbtools.crest.swingui.relational.TVFKRelation" oid="9603A83F-4975-52D8-30F4-CD89D093A25F" otype="FKIndexAssociation" vid_source="1AAF83C1-4134-BE65-8885-680647F8D563" vid_target="EF60D68B-4004-ED05-FFF1-8D1109B95C4A">
<hideElementsInCurrentOnly>false</hideElementsInCurrentOnly>
<backgroundColor>-16777216</backgroundColor>
<lineWidth>1</lineWidth>
<points>
<point x="1115" y="235"/>
<point x="1115" y="138"/>
</points>
</Connector>
<Connector class="oracle.dbtools.crest.swingui.relational.TVFKRelation" oid="9A0ACEDD-0F98-8200-C616-80FA4BB91370" otype="FKIndexAssociation" vid_source="E8CC6422-B5A4-F439-4C31-CE4FDED037C6" vid_target="BB6599F0-29B8-AC05-A76D-F40F8ECA0569">
<hideElementsInCurrentOnly>false</hideElementsInCurrentOnly>
<backgroundColor>-16777216</backgroundColor>
<lineWidth>1</lineWidth>
<points>
<point x="944" y="865"/>
<point x="944" y="789"/>
</points>
</Connector>
<Connector class="oracle.dbtools.crest.swingui.relational.TVFKRelation" oid="9FE36C5F-1541-0FE5-3990-463390CA10A8" otype="FKIndexAssociation" vid_source="D5C7AD85-0465-B97C-84FA-A2F3F79D63EB" vid_target="690C61BA-D988-0537-D7F2-1BC8F0F4F5D2">
<hideElementsInCurrentOnly>false</hideElementsInCurrentOnly>
<backgroundColor>-16777216</backgroundColor>
<lineWidth>1</lineWidth>
</Connector>
<Connector class="oracle.dbtools.crest.swingui.relational.TVFKRelation" oid="AC4A188F-3093-2B1C-32BC-C6F3A1BE6390" otype="FKIndexAssociation" vid_source="9904BB3A-B008-4BDE-52F6-9E6E221F8ABB" vid_target="F67A3F57-771F-FDFD-2C97-1BD99FAF8CA5">
<hideElementsInCurrentOnly>false</hideElementsInCurrentOnly>
<backgroundColor>-16777216</backgroundColor>
<lineWidth>1</lineWidth>
<points>
<point x="172" y="453"/>
<point x="172" y="180"/>
</points>
</Connector>
<Connector class="oracle.dbtools.crest.swingui.relational.TVFKRelation" oid="BABD696B-FA8C-E346-B242-994ECFE51803" otype="FKIndexAssociation" vid_source="28508FB2-1A86-E001-3600-674AFD94CF64" vid_target="BD6DFA33-062D-9664-F413-188DFC9C32FD">
<hideElementsInCurrentOnly>false</hideElementsInCurrentOnly>
<backgroundColor>-16777216</backgroundColor>
<lineWidth>1</lineWidth>
</Connector>
<Connector class="oracle.dbtools.crest.swingui.relational.TVFKRelation" oid="C1579AB2-08F5-A49D-12F4-C44DE2E44C61" otype="FKIndexAssociation" vid_source="EE330EC9-14BE-52C7-04B7-A0B73F1569E6" vid_target="BB6599F0-29B8-AC05-A76D-F40F8ECA0569">
<hideElementsInCurrentOnly>false</hideElementsInCurrentOnly>
<backgroundColor>-16777216</backgroundColor>
<lineWidth>1</lineWidth>
<points>
<point x="892" y="450"/>
<point x="892" y="499"/>
</points>
</Connector>
<Connector class="oracle.dbtools.crest.swingui.relational.TVFKRelation" oid="C2408434-4F56-46CC-BC2C-48997C56040E" otype="FKIndexAssociation" vid_source="F67A3F57-771F-FDFD-2C97-1BD99FAF8CA5" vid_target="EF60D68B-4004-ED05-FFF1-8D1109B95C4A">
<hideElementsInCurrentOnly>false</hideElementsInCurrentOnly>
<backgroundColor>-16777216</backgroundColor>
<lineWidth>1</lineWidth>
<points>
<point x="311" y="84"/>
<point x="792" y="84"/>
</points>
</Connector>
<Connector class="oracle.dbtools.crest.swingui.relational.TVFKRelation" oid="C4A446A1-431E-DE5E-AB9E-FEA2C785ADE8" otype="FKIndexAssociation" vid_source="1AAF83C1-4134-BE65-8885-680647F8D563" vid_target="B36F5EFF-0644-3BFF-0B88-655090B2DD46">
<hideElementsInCurrentOnly>false</hideElementsInCurrentOnly>
<backgroundColor>-16777216</backgroundColor>
<lineWidth>1</lineWidth>
</Connector>
<Connector class="oracle.dbtools.crest.swingui.relational.TVFKRelation" oid="CA4DD3FB-701D-2E6E-EFED-88EA2D158968" otype="FKIndexAssociation" vid_source="B36F5EFF-0644-3BFF-0B88-655090B2DD46" vid_target="D5C7AD85-0465-B97C-84FA-A2F3F79D63EB">
<hideElementsInCurrentOnly>false</hideElementsInCurrentOnly>
<backgroundColor>-16777216</backgroundColor>
<lineWidth>1</lineWidth>
</Connector>
<Connector class="oracle.dbtools.crest.swingui.relational.TVFKRelation" oid="CF1A379C-1499-5C25-EB6C-80856C176B8E" otype="FKIndexAssociation" vid_source="DDC7808B-5CA1-422E-E43F-ECA69624D0FC" vid_target="EE330EC9-14BE-52C7-04B7-A0B73F1569E6">
<hideElementsInCurrentOnly>false</hideElementsInCurrentOnly>
<backgroundColor>-16777216</backgroundColor>
<lineWidth>1</lineWidth>
<points>
<point x="737" y="602"/>
<point x="737" y="450"/>
</points>
</Connector>
<Connector class="oracle.dbtools.crest.swingui.relational.TVFKRelation" oid="D09EB29E-9F98-AB08-1F26-8E7BA0148892" otype="FKIndexAssociation" vid_source="1AAF83C1-4134-BE65-8885-680647F8D563" vid_target="D5C7AD85-0465-B97C-84FA-A2F3F79D63EB">
<hideElementsInCurrentOnly>false</hideElementsInCurrentOnly>
<backgroundColor>-16777216</backgroundColor>
<lineWidth>1</lineWidth>
</Connector>
<Connector class="oracle.dbtools.crest.swingui.relational.TVFKRelation" oid="D1860F6B-379D-3676-DE1A-6AAA33A94BC1" otype="FKIndexAssociation" vid_source="F67A3F57-771F-FDFD-2C97-1BD99FAF8CA5" vid_target="3FE4989D-36D3-49EB-2F4E-614613B4916E">
<hideElementsInCurrentOnly>false</hideElementsInCurrentOnly>
<backgroundColor>-16777216</backgroundColor>
<lineWidth>1</lineWidth>
<points>
<point x="268" y="180"/>
<point x="268" y="318"/>
</points>
</Connector>
<Connector class="oracle.dbtools.crest.swingui.relational.TVFKRelation" oid="D332A880-3CAB-2521-471D-6DF31A27685B" otype="FKIndexAssociation" vid_source="5057675E-EA49-9DE4-3EAB-162FA5C7306F" vid_target="829D8AE1-ED3C-6227-C74B-83E807FCFD2D">
<hideElementsInCurrentOnly>false</hideElementsInCurrentOnly>
<backgroundColor>-16777216</backgroundColor>
<lineWidth>1</lineWidth>
<points>
<point x="1621" y="771"/>
<point x="1435" y="846"/>
</points>
</Connector>
<Connector class="oracle.dbtools.crest.swingui.relational.TVFKRelation" oid="D9F383CA-8A6D-9B1C-CA72-51F03CC165E0" otype="FKIndexAssociation" vid_source="F67A3F57-771F-FDFD-2C97-1BD99FAF8CA5" vid_target="BB6599F0-29B8-AC05-A76D-F40F8ECA0569">
<hideElementsInCurrentOnly>false</hideElementsInCurrentOnly>
<backgroundColor>-16777216</backgroundColor>
<lineWidth>1</lineWidth>
<points>
<point x="279" y="180"/>
<point x="800" y="555"/>
</points>
</Connector>
<Connector class="oracle.dbtools.crest.swingui.relational.TVFKRelation" oid="EA5DF84E-DA01-7932-0B0D-B690CD8A27D2" otype="FKIndexAssociation" vid_source="EE330EC9-14BE-52C7-04B7-A0B73F1569E6" vid_target="F67A3F57-771F-FDFD-2C97-1BD99FAF8CA5">
<hideElementsInCurrentOnly>false</hideElementsInCurrentOnly>
<backgroundColor>-16777216</backgroundColor>
<lineWidth>1</lineWidth>
<points>
<point x="680" y="296"/>
<point x="311" y="155"/>
</points>
</Connector>
<Connector class="oracle.dbtools.crest.swingui.relational.TVFKRelation" oid="EC2DEFD4-5EB4-0DC3-E415-A6E037F48A82" otype="FKIndexAssociation" vid_source="DDC7808B-5CA1-422E-E43F-ECA69624D0FC" vid_target="EE330EC9-14BE-52C7-04B7-A0B73F1569E6">
<hideElementsInCurrentOnly>false</hideElementsInCurrentOnly>
<backgroundColor>-16777216</backgroundColor>
<lineWidth>1</lineWidth>
<points>
<point x="722" y="602"/>
<point x="722" y="450"/>
</points>
</Connector>
<Connector class="oracle.dbtools.crest.swingui.relational.TVFKRelation" oid="FBD62095-AD76-6032-9FB9-0BF13C2D72DA" otype="FKIndexAssociation" vid_source="1AAF83C1-4134-BE65-8885-680647F8D563" vid_target="1AAF83C1-4134-BE65-8885-680647F8D563">
<hideElementsInCurrentOnly>false</hideElementsInCurrentOnly>
<backgroundColor>-16777216</backgroundColor>
<lineWidth>1</lineWidth>
<points>
<point x="1453" y="281"/>
<point x="1492" y="281"/>
<point x="1491" y="145"/>
<point x="1323" y="147"/>
<point x="1323" y="235"/>
</points>
</Connector>
<Connector class="oracle.dbtools.crest.swingui.relational.TVFKRelation" oid="FBF36FAD-A877-6A4D-3E0E-138D88B4AD83" otype="FKIndexAssociation" vid_source="E8CC6422-B5A4-F439-4C31-CE4FDED037C6" vid_target="9904BB3A-B008-4BDE-52F6-9E6E221F8ABB">
<hideElementsInCurrentOnly>false</hideElementsInCurrentOnly>
<backgroundColor>-16777216</backgroundColor>
<lineWidth>1</lineWidth>
<points>
<point x="844" y="865"/>
<point x="344" y="631"/>
</points>
</Connector>
</connectors>
</Diagram>
