<?xml version = '1.0' encoding = 'UTF-8'?>
<Diagram class="oracle.dbtools.crest.swingui.relational.DPVRelational" name="Relational_1" id="764D5512-7A12-3E2C-5602-243B50E474CB">
<createdBy>34693</createdBy>
<modifiedBy>34693</modifiedBy>
<createdTime>2024-11-19 07:34:13 UTC</createdTime>
<autoRoute>false</autoRoute>
<boxInbox>true</boxInbox>
<showLegend>false</showLegend>
<showLabels>false</showLabels>
<showRelAttributes>false</showRelAttributes>
<gridEnabled>false</gridEnabled>
<showGrid>false</showGrid>
<diagramColor>-1</diagramColor>
<display>false</display>
<notation>1</notation>
<objectViews>
<OView class="oracle.dbtools.crest.swingui.relational.TVTable" oid="09E03E76-EF6B-44F9-1C7F-A63BE42432DB" otype="Table" vid="829D8AE1-ED3C-6227-C74B-83E807FCFD2D">
<hideElementsInCurrentOnly>false</hideElementsInCurrentOnly>
<bounds x="1148" y="858" width="245" height="131"/>
</OView>
<OView class="oracle.dbtools.crest.swingui.relational.TVTable" oid="1252C578-97CB-74D7-102D-F71BBEB215A1" otype="Table" vid="3FE4989D-36D3-49EB-2F4E-614613B4916E">
<hideElementsInCurrentOnly>false</hideElementsInCurrentOnly>
<bounds x="273" y="271" width="268" height="110"/>
</OView>
<OView class="oracle.dbtools.crest.swingui.relational.TVTable" oid="1A79844C-C599-2775-5C3E-2D82B5BD5286" otype="Table" vid="5057675E-EA49-9DE4-3EAB-162FA5C7306F">
<hideElementsInCurrentOnly>false</hideElementsInCurrentOnly>
<bounds x="1774" y="699" width="222" height="135"/>
</OView>
<OView class="oracle.dbtools.crest.swingui.relational.TVTable" oid="34E46C6A-DB31-0790-B575-B3A9AF966C0E" otype="Table" vid="EE330EC9-14BE-52C7-04B7-A0B73F1569E6">
<hideElementsInCurrentOnly>false</hideElementsInCurrentOnly>
<bounds x="790" y="315" width="305" height="164"/>
</OView>
<OView class="oracle.dbtools.crest.swingui.relational.TVTable" oid="3D99D2D1-CDF2-19EF-E2C2-21793C12D8D8" otype="Table" vid="BB6599F0-29B8-AC05-A76D-F40F8ECA0569">
<hideElementsInCurrentOnly>false</hideElementsInCurrentOnly>
<bounds x="776" y="549" width="245" height="290"/>
</OView>
<OView class="oracle.dbtools.crest.swingui.relational.TVTable" oid="41EC7584-6AE6-D8F7-593D-1BD314F77765" otype="Table" vid="F67A3F57-771F-FDFD-2C97-1BD99FAF8CA5">
<hideElementsInCurrentOnly>false</hideElementsInCurrentOnly>
<bounds x="34" y="26" width="277" height="154"/>
</OView>
<OView class="oracle.dbtools.crest.swingui.relational.TVTable" oid="47590D75-B486-47DD-0941-572F77980714" otype="Table" vid="E8CC6422-B5A4-F439-4C31-CE4FDED037C6">
<hideElementsInCurrentOnly>false</hideElementsInCurrentOnly>
<bounds x="511" y="879" width="255" height="103"/>
</OView>
<OView class="oracle.dbtools.crest.swingui.relational.TVTable" oid="4DCA5797-D874-9A4B-58F4-8216BB3EAEEE" otype="Table" vid="9904BB3A-B008-4BDE-52F6-9E6E221F8ABB">
<hideElementsInCurrentOnly>false</hideElementsInCurrentOnly>
<bounds x="20" y="400" width="323" height="212"/>
</OView>
<OView class="oracle.dbtools.crest.swingui.relational.TVTable" oid="5067960C-EDB7-104E-DDEB-58E9355FF1C1" otype="Table" vid="690C61BA-D988-0537-D7F2-1BC8F0F4F5D2">
<hideElementsInCurrentOnly>false</hideElementsInCurrentOnly>
<bounds x="1909" y="503" width="275" height="110"/>
</OView>
<OView class="oracle.dbtools.crest.swingui.relational.TVTable" oid="50D425D0-28EC-1B35-2268-B1F8FCBBE59D" otype="Table" vid="EF60D68B-4004-ED05-FFF1-8D1109B95C4A">
<hideElementsInCurrentOnly>false</hideElementsInCurrentOnly>
<bounds x="692" y="163" width="389" height="107"/>
</OView>
<OView class="oracle.dbtools.crest.swingui.relational.TVTable" oid="5AA54B11-F807-D0D4-E3D8-0AA64E00D7BF" otype="Table" vid="1AAF83C1-4134-BE65-8885-680647F8D563">
<hideElementsInCurrentOnly>false</hideElementsInCurrentOnly>
<bounds x="1478" y="281" width="318" height="144"/>
</OView>
<OView class="oracle.dbtools.crest.swingui.relational.TVTable" oid="7650A3A5-487D-02B4-CB10-B767E1E7F5CA" otype="Table" vid="8C4A5011-E89F-91D4-1EC4-7947F108D4B1">
<hideElementsInCurrentOnly>false</hideElementsInCurrentOnly>
<bounds x="1507" y="34" width="252" height="111"/>
</OView>
<OView class="oracle.dbtools.crest.swingui.relational.TVTable" oid="9E220C7E-1718-0528-8D1E-FA970ED44705" otype="Table" vid="B44BFACE-38BC-2468-60F6-DC166D8057E3">
<hideElementsInCurrentOnly>false</hideElementsInCurrentOnly>
<bounds x="57" y="676" width="286" height="123"/>
</OView>
<OView class="oracle.dbtools.crest.swingui.relational.TVTable" oid="A3D7C7E5-4164-EA6E-5AF6-463FD71EB9CD" otype="Table" vid="5843E7BF-11A8-DFE6-B235-B1F16EDAC639">
<hideElementsInCurrentOnly>false</hideElementsInCurrentOnly>
<bounds x="80" y="788" width="266" height="181"/>
</OView>
<OView class="oracle.dbtools.crest.swingui.relational.TVTable" oid="A3E838E5-AA23-35B3-6C2A-8DC5475EA9C3" otype="Table" vid="48DB9F48-7D26-6D31-228D-1C4ED352E5DA">
<hideElementsInCurrentOnly>false</hideElementsInCurrentOnly>
<bounds x="1873" y="45" width="297" height="110"/>
</OView>
<OView class="oracle.dbtools.crest.swingui.relational.TVTable" oid="AC7CC0DA-29C8-8364-13C6-CD7BFFBBEC40" otype="Table" vid="8F79B13C-59E5-A8A7-E448-80329CA9B397">
<hideElementsInCurrentOnly>false</hideElementsInCurrentOnly>
<bounds x="998" y="51" width="271" height="85"/>
</OView>
<OView class="oracle.dbtools.crest.swingui.relational.TVTable" oid="D3DA5E91-A7F1-DB35-6C95-2E246FA676D6" otype="Table" vid="CB66EDDE-9925-E4C7-7A17-68F0907ECD72">
<hideElementsInCurrentOnly>false</hideElementsInCurrentOnly>
<bounds x="1347" y="512" width="364" height="123"/>
</OView>
<OView class="oracle.dbtools.crest.swingui.relational.TVTable" oid="F5045ADB-C9CA-2879-517D-1ECCD8079E65" otype="Table" vid="C8C0F68A-9F9A-B9EE-B562-77E77607016E">
<hideElementsInCurrentOnly>false</hideElementsInCurrentOnly>
<bounds x="1938" y="261" width="284" height="108"/>
</OView>
</objectViews>
<connectors>
<Connector class="oracle.dbtools.crest.swingui.relational.TVFKRelation" oid="043594B1-1C14-8C5C-FD74-D34CA1DF7862" otype="FKIndexAssociation" vid_source="1AAF83C1-4134-BE65-8885-680647F8D563" vid_target="8C4A5011-E89F-91D4-1EC4-7947F108D4B1">
<hideElementsInCurrentOnly>false</hideElementsInCurrentOnly>
<backgroundColor>-16777216</backgroundColor>
<lineWidth>1</lineWidth>
<points>
<point x="1618" y="281"/>
<point x="1618" y="145"/>
</points>
</Connector>
<Connector class="oracle.dbtools.crest.swingui.relational.TVFKRelation" oid="0F62D828-ED55-E3A0-967A-61301A6AB4CB" otype="FKIndexAssociation" vid_source="8F79B13C-59E5-A8A7-E448-80329CA9B397" vid_target="8C4A5011-E89F-91D4-1EC4-7947F108D4B1">
<hideElementsInCurrentOnly>false</hideElementsInCurrentOnly>
<backgroundColor>-16777216</backgroundColor>
<lineWidth>1</lineWidth>
<points>
<point x="1269" y="93"/>
<point x="1507" y="93"/>
</points>
</Connector>
<Connector class="oracle.dbtools.crest.swingui.relational.TVFKRelation" oid="18C549EF-B7CF-A8B8-A308-C31A1F865489" otype="FKIndexAssociation" vid_source="B44BFACE-38BC-2468-60F6-DC166D8057E3" vid_target="9904BB3A-B008-4BDE-52F6-9E6E221F8ABB">
<hideElementsInCurrentOnly>false</hideElementsInCurrentOnly>
<backgroundColor>-16777216</backgroundColor>
<lineWidth>1</lineWidth>
<points>
<point x="200" y="676"/>
<point x="200" y="612"/>
</points>
</Connector>
<Connector class="oracle.dbtools.crest.swingui.relational.TVFKRelation" oid="1CC87FB7-0256-BDA3-4B64-8AFAEAC15892" otype="FKIndexAssociation" vid_source="C8C0F68A-9F9A-B9EE-B562-77E77607016E" vid_target="690C61BA-D988-0537-D7F2-1BC8F0F4F5D2">
<hideElementsInCurrentOnly>false</hideElementsInCurrentOnly>
<backgroundColor>-16777216</backgroundColor>
<lineWidth>1</lineWidth>
<points>
<point x="2076" y="369"/>
<point x="2076" y="503"/>
</points>
</Connector>
<Connector class="oracle.dbtools.crest.swingui.relational.TVFKRelation" oid="1D6F4D7F-C489-45DE-5641-7896F3C8CF7A" otype="FKIndexAssociation" vid_source="5843E7BF-11A8-DFE6-B235-B1F16EDAC639" vid_target="E8CC6422-B5A4-F439-4C31-CE4FDED037C6">
<hideElementsInCurrentOnly>false</hideElementsInCurrentOnly>
<backgroundColor>-16777216</backgroundColor>
<lineWidth>1</lineWidth>
<points>
<point x="331" y="924"/>
<point x="511" y="924"/>
</points>
</Connector>
<Connector class="oracle.dbtools.crest.swingui.relational.TVFKRelation" oid="1D6F4D7F-C489-45DE-5641-7896F3C8CF7A" otype="FKIndexAssociation" vid_source="5843E7BF-11A8-DFE6-B235-B1F16EDAC639" vid_target="E8CC6422-B5A4-F439-4C31-CE4FDED037C6">
<hideElementsInCurrentOnly>false</hideElementsInCurrentOnly>
<backgroundColor>-16777216</backgroundColor>
<lineWidth>1</lineWidth>
<points>
<point x="331" y="909"/>
<point x="511" y="909"/>
</points>
</Connector>
<Connector class="oracle.dbtools.crest.swingui.relational.TVFKRelation" oid="25C573B3-E042-B5BA-E628-9D614B9F80C4" otype="FKIndexAssociation" vid_source="C8C0F68A-9F9A-B9EE-B562-77E77607016E" vid_target="48DB9F48-7D26-6D31-228D-1C4ED352E5DA">
<hideElementsInCurrentOnly>false</hideElementsInCurrentOnly>
<backgroundColor>-16777216</backgroundColor>
<lineWidth>1</lineWidth>
<points>
<point x="2054" y="261"/>
<point x="2054" y="155"/>
</points>
</Connector>
<Connector class="oracle.dbtools.crest.swingui.relational.TVFKRelation" oid="2865903B-CC04-C961-C595-2B0F054B98BE" otype="FKIndexAssociation" vid_source="E8CC6422-B5A4-F439-4C31-CE4FDED037C6" vid_target="829D8AE1-ED3C-6227-C74B-83E807FCFD2D">
<hideElementsInCurrentOnly>false</hideElementsInCurrentOnly>
<backgroundColor>-16777216</backgroundColor>
<lineWidth>1</lineWidth>
<points>
<point x="766" y="930"/>
<point x="1148" y="930"/>
</points>
</Connector>
<Connector class="oracle.dbtools.crest.swingui.relational.TVFKRelation" oid="28EE86AD-5D0E-A224-6455-7B6B176E31DF" otype="FKIndexAssociation" vid_source="8F79B13C-59E5-A8A7-E448-80329CA9B397" vid_target="F67A3F57-771F-FDFD-2C97-1BD99FAF8CA5">
<hideElementsInCurrentOnly>false</hideElementsInCurrentOnly>
<backgroundColor>-16777216</backgroundColor>
<lineWidth>1</lineWidth>
<points>
<point x="998" y="93"/>
<point x="311" y="93"/>
</points>
</Connector>
<Connector class="oracle.dbtools.crest.swingui.relational.TVFKRelation" oid="5773A97A-2D14-601E-1304-92F8878FAF1A" otype="FKIndexAssociation" vid_source="5057675E-EA49-9DE4-3EAB-162FA5C7306F" vid_target="1AAF83C1-4134-BE65-8885-680647F8D563">
<hideElementsInCurrentOnly>false</hideElementsInCurrentOnly>
<backgroundColor>-16777216</backgroundColor>
<lineWidth>1</lineWidth>
<points>
<point x="1785" y="699"/>
<point x="1785" y="425"/>
</points>
</Connector>
<Connector class="oracle.dbtools.crest.swingui.relational.TVFKRelation" oid="60C21DB3-E9F2-E484-034B-375B8CCC47D4" otype="FKIndexAssociation" vid_source="EE330EC9-14BE-52C7-04B7-A0B73F1569E6" vid_target="3FE4989D-36D3-49EB-2F4E-614613B4916E">
<hideElementsInCurrentOnly>false</hideElementsInCurrentOnly>
<backgroundColor>-16777216</backgroundColor>
<lineWidth>1</lineWidth>
<points>
<point x="790" y="363"/>
<point x="541" y="363"/>
</points>
</Connector>
<Connector class="oracle.dbtools.crest.swingui.relational.TVFKRelation" oid="73C1F892-CE40-ED6E-66CE-1E8623EF782D" otype="FKIndexAssociation" vid_source="BB6599F0-29B8-AC05-A76D-F40F8ECA0569" vid_target="CB66EDDE-9925-E4C7-7A17-68F0907ECD72">
<hideElementsInCurrentOnly>false</hideElementsInCurrentOnly>
<backgroundColor>-16777216</backgroundColor>
<lineWidth>1</lineWidth>
<points>
<point x="1021" y="592"/>
<point x="1347" y="592"/>
</points>
</Connector>
<Connector class="oracle.dbtools.crest.swingui.relational.TVFKRelation" oid="846AB050-813A-CE56-AC1F-9849439B3880" otype="FKIndexAssociation" vid_source="5843E7BF-11A8-DFE6-B235-B1F16EDAC639" vid_target="B44BFACE-38BC-2468-60F6-DC166D8057E3">
<hideElementsInCurrentOnly>false</hideElementsInCurrentOnly>
<backgroundColor>-16777216</backgroundColor>
<lineWidth>1</lineWidth>
<points>
<point x="201" y="878"/>
<point x="202" y="799"/>
</points>
</Connector>
<Connector class="oracle.dbtools.crest.swingui.relational.TVFKRelation" oid="8BF0255F-8323-EAF9-A720-B35E97528A83" otype="FKIndexAssociation" vid_source="1AAF83C1-4134-BE65-8885-680647F8D563" vid_target="CB66EDDE-9925-E4C7-7A17-68F0907ECD72">
<hideElementsInCurrentOnly>false</hideElementsInCurrentOnly>
<backgroundColor>-16777216</backgroundColor>
<lineWidth>1</lineWidth>
<points>
<point x="1594" y="425"/>
<point x="1594" y="512"/>
</points>
</Connector>
<Connector class="oracle.dbtools.crest.swingui.relational.TVFKRelation" oid="8E15D847-7B29-6AFC-8560-7A1C3BED34E0" otype="FKIndexAssociation" vid_source="BB6599F0-29B8-AC05-A76D-F40F8ECA0569" vid_target="5057675E-EA49-9DE4-3EAB-162FA5C7306F">
<hideElementsInCurrentOnly>false</hideElementsInCurrentOnly>
<backgroundColor>-16777216</backgroundColor>
<lineWidth>1</lineWidth>
<points>
<point x="1021" y="766"/>
<point x="1774" y="766"/>
</points>
</Connector>
<Connector class="oracle.dbtools.crest.swingui.relational.TVFKRelation" oid="95A950C2-A229-0311-60E7-38B90D50C71F" otype="FKIndexAssociation" vid_source="B44BFACE-38BC-2468-60F6-DC166D8057E3" vid_target="EE330EC9-14BE-52C7-04B7-A0B73F1569E6">
<hideElementsInCurrentOnly>false</hideElementsInCurrentOnly>
<backgroundColor>-16777216</backgroundColor>
<lineWidth>1</lineWidth>
<points>
<point x="334" y="676"/>
<point x="790" y="466"/>
</points>
</Connector>
<Connector class="oracle.dbtools.crest.swingui.relational.TVFKRelation" oid="9603A83F-4975-52D8-30F4-CD89D093A25F" otype="FKIndexAssociation" vid_source="1AAF83C1-4134-BE65-8885-680647F8D563" vid_target="EF60D68B-4004-ED05-FFF1-8D1109B95C4A">
<hideElementsInCurrentOnly>false</hideElementsInCurrentOnly>
<backgroundColor>-16777216</backgroundColor>
<lineWidth>1</lineWidth>
<points>
<point x="1478" y="324"/>
<point x="1081" y="251"/>
</points>
</Connector>
<Connector class="oracle.dbtools.crest.swingui.relational.TVFKRelation" oid="9A0ACEDD-0F98-8200-C616-80FA4BB91370" otype="FKIndexAssociation" vid_source="E8CC6422-B5A4-F439-4C31-CE4FDED037C6" vid_target="BB6599F0-29B8-AC05-A76D-F40F8ECA0569">
<hideElementsInCurrentOnly>false</hideElementsInCurrentOnly>
<backgroundColor>-16777216</backgroundColor>
<lineWidth>1</lineWidth>
<points>
<point x="695" y="879"/>
<point x="776" y="805"/>
</points>
</Connector>
<Connector class="oracle.dbtools.crest.swingui.relational.TVFKRelation" oid="9FE36C5F-1541-0FE5-3990-463390CA10A8" otype="FKIndexAssociation" vid_source="C8C0F68A-9F9A-B9EE-B562-77E77607016E" vid_target="690C61BA-D988-0537-D7F2-1BC8F0F4F5D2">
<hideElementsInCurrentOnly>false</hideElementsInCurrentOnly>
<backgroundColor>-16777216</backgroundColor>
<lineWidth>1</lineWidth>
<points>
<point x="2061" y="369"/>
<point x="2061" y="503"/>
</points>
</Connector>
<Connector class="oracle.dbtools.crest.swingui.relational.TVFKRelation" oid="AC4A188F-3093-2B1C-32BC-C6F3A1BE6390" otype="FKIndexAssociation" vid_source="9904BB3A-B008-4BDE-52F6-9E6E221F8ABB" vid_target="F67A3F57-771F-FDFD-2C97-1BD99FAF8CA5">
<hideElementsInCurrentOnly>false</hideElementsInCurrentOnly>
<backgroundColor>-16777216</backgroundColor>
<lineWidth>1</lineWidth>
<points>
<point x="172" y="400"/>
<point x="172" y="180"/>
</points>
</Connector>
<Connector class="oracle.dbtools.crest.swingui.relational.TVFKRelation" oid="BABD696B-FA8C-E346-B242-994ECFE51803" otype="FKIndexAssociation" vid_source="8C4A5011-E89F-91D4-1EC4-7947F108D4B1" vid_target="48DB9F48-7D26-6D31-228D-1C4ED352E5DA">
<hideElementsInCurrentOnly>false</hideElementsInCurrentOnly>
<backgroundColor>-16777216</backgroundColor>
<lineWidth>1</lineWidth>
<points>
<point x="1759" y="95"/>
<point x="1873" y="95"/>
</points>
</Connector>
<Connector class="oracle.dbtools.crest.swingui.relational.TVFKRelation" oid="C1579AB2-08F5-A49D-12F4-C44DE2E44C61" otype="FKIndexAssociation" vid_source="EE330EC9-14BE-52C7-04B7-A0B73F1569E6" vid_target="BB6599F0-29B8-AC05-A76D-F40F8ECA0569">
<hideElementsInCurrentOnly>false</hideElementsInCurrentOnly>
<backgroundColor>-16777216</backgroundColor>
<lineWidth>1</lineWidth>
<points>
<point x="905" y="479"/>
<point x="905" y="549"/>
</points>
</Connector>
<Connector class="oracle.dbtools.crest.swingui.relational.TVFKRelation" oid="C2408434-4F56-46CC-BC2C-48997C56040E" otype="FKIndexAssociation" vid_source="F67A3F57-771F-FDFD-2C97-1BD99FAF8CA5" vid_target="EF60D68B-4004-ED05-FFF1-8D1109B95C4A">
<hideElementsInCurrentOnly>false</hideElementsInCurrentOnly>
<backgroundColor>-16777216</backgroundColor>
<lineWidth>1</lineWidth>
<points>
<point x="311" y="171"/>
<point x="692" y="171"/>
</points>
</Connector>
<Connector class="oracle.dbtools.crest.swingui.relational.TVFKRelation" oid="C4A446A1-431E-DE5E-AB9E-FEA2C785ADE8" otype="FKIndexAssociation" vid_source="1AAF83C1-4134-BE65-8885-680647F8D563" vid_target="8F79B13C-59E5-A8A7-E448-80329CA9B397">
<hideElementsInCurrentOnly>false</hideElementsInCurrentOnly>
<backgroundColor>-16777216</backgroundColor>
<lineWidth>1</lineWidth>
<points>
<point x="1497" y="281"/>
<point x="1200" y="136"/>
</points>
</Connector>
<Connector class="oracle.dbtools.crest.swingui.relational.TVFKRelation" oid="CA4DD3FB-701D-2E6E-EFED-88EA2D158968" otype="FKIndexAssociation" vid_source="8F79B13C-59E5-A8A7-E448-80329CA9B397" vid_target="C8C0F68A-9F9A-B9EE-B562-77E77607016E">
<hideElementsInCurrentOnly>false</hideElementsInCurrentOnly>
<backgroundColor>-16777216</backgroundColor>
<lineWidth>1</lineWidth>
<points>
<point x="1269" y="125"/>
<point x="1938" y="281"/>
</points>
</Connector>
<Connector class="oracle.dbtools.crest.swingui.relational.TVFKRelation" oid="D09EB29E-9F98-AB08-1F26-8E7BA0148892" otype="FKIndexAssociation" vid_source="1AAF83C1-4134-BE65-8885-680647F8D563" vid_target="C8C0F68A-9F9A-B9EE-B562-77E77607016E">
<hideElementsInCurrentOnly>false</hideElementsInCurrentOnly>
<backgroundColor>-16777216</backgroundColor>
<lineWidth>1</lineWidth>
<points>
<point x="1796" y="325"/>
<point x="1938" y="325"/>
</points>
</Connector>
<Connector class="oracle.dbtools.crest.swingui.relational.TVFKRelation" oid="D1860F6B-379D-3676-DE1A-6AAA33A94BC1" otype="FKIndexAssociation" vid_source="F67A3F57-771F-FDFD-2C97-1BD99FAF8CA5" vid_target="3FE4989D-36D3-49EB-2F4E-614613B4916E">
<hideElementsInCurrentOnly>false</hideElementsInCurrentOnly>
<backgroundColor>-16777216</backgroundColor>
<lineWidth>1</lineWidth>
<points>
<point x="292" y="180"/>
<point x="292" y="271"/>
</points>
</Connector>
<Connector class="oracle.dbtools.crest.swingui.relational.TVFKRelation" oid="D332A880-3CAB-2521-471D-6DF31A27685B" otype="FKIndexAssociation" vid_source="5057675E-EA49-9DE4-3EAB-162FA5C7306F" vid_target="829D8AE1-ED3C-6227-C74B-83E807FCFD2D">
<hideElementsInCurrentOnly>false</hideElementsInCurrentOnly>
<backgroundColor>-16777216</backgroundColor>
<lineWidth>1</lineWidth>
<points>
<point x="1774" y="794"/>
<point x="1393" y="892"/>
</points>
</Connector>
<Connector class="oracle.dbtools.crest.swingui.relational.TVFKRelation" oid="D9F383CA-8A6D-9B1C-CA72-51F03CC165E0" otype="FKIndexAssociation" vid_source="F67A3F57-771F-FDFD-2C97-1BD99FAF8CA5" vid_target="BB6599F0-29B8-AC05-A76D-F40F8ECA0569">
<hideElementsInCurrentOnly>false</hideElementsInCurrentOnly>
<backgroundColor>-16777216</backgroundColor>
<lineWidth>1</lineWidth>
<points>
<point x="267" y="180"/>
<point x="776" y="594"/>
</points>
</Connector>
<Connector class="oracle.dbtools.crest.swingui.relational.TVFKRelation" oid="EA5DF84E-DA01-7932-0B0D-B690CD8A27D2" otype="FKIndexAssociation" vid_source="EE330EC9-14BE-52C7-04B7-A0B73F1569E6" vid_target="F67A3F57-771F-FDFD-2C97-1BD99FAF8CA5">
<hideElementsInCurrentOnly>false</hideElementsInCurrentOnly>
<backgroundColor>-16777216</backgroundColor>
<lineWidth>1</lineWidth>
<points>
<point x="790" y="338"/>
<point x="311" y="155"/>
</points>
</Connector>
<Connector class="oracle.dbtools.crest.swingui.relational.TVFKRelation" oid="F4A819BB-8809-9827-0F67-E89A17B5FDC4" otype="FKIndexAssociation" vid_source="5843E7BF-11A8-DFE6-B235-B1F16EDAC639" vid_target="B44BFACE-38BC-2468-60F6-DC166D8057E3">
<hideElementsInCurrentOnly>false</hideElementsInCurrentOnly>
<backgroundColor>-16777216</backgroundColor>
<lineWidth>1</lineWidth>
<points>
<point x="80" y="878"/>
<point x="331" y="613"/>
</points>
</Connector>
<Connector class="oracle.dbtools.crest.swingui.relational.TVFKRelation" oid="FBF36FAD-A877-6A4D-3E0E-138D88B4AD83" otype="FKIndexAssociation" vid_source="E8CC6422-B5A4-F439-4C31-CE4FDED037C6" vid_target="9904BB3A-B008-4BDE-52F6-9E6E221F8ABB">
<hideElementsInCurrentOnly>false</hideElementsInCurrentOnly>
<backgroundColor>-16777216</backgroundColor>
<lineWidth>1</lineWidth>
<points>
<point x="583" y="879"/>
<point x="295" y="612"/>
</points>
</Connector>
</connectors>
</Diagram>