<?xml version = '1.0' encoding = 'UTF-8'?>
<Diagram class="oracle.dbtools.crest.swingui.relational.DPVRelational" name="Relational_1" id="764D5512-7A12-3E2C-5602-243B50E474CB">
<createdBy>34693</createdBy>
<modifiedBy>34693</modifiedBy>
<createdTime>2024-11-19 07:34:13 UTC</createdTime>
<autoRoute>false</autoRoute>
<boxInbox>true</boxInbox>
<showLegend>false</showLegend>
<showLabels>false</showLabels>
<showRelAttributes>false</showRelAttributes>
<gridEnabled>false</gridEnabled>
<showGrid>false</showGrid>
<diagramColor>-1</diagramColor>
<display>false</display>
<notation>1</notation>
<objectViews>
<OView class="oracle.dbtools.crest.swingui.relational.TVTable" oid="09E03E76-EF6B-44F9-1C7F-A63BE42432DB" otype="Table" vid="829D8AE1-ED3C-6227-C74B-83E807FCFD2D">
<hideElementsInCurrentOnly>false</hideElementsInCurrentOnly>
<bounds x="1190" y="830" width="245" height="131"/>
</OView>
<OView class="oracle.dbtools.crest.swingui.relational.TVTable" oid="1252C578-97CB-74D7-102D-F71BBEB215A1" otype="Table" vid="3FE4989D-36D3-49EB-2F4E-614613B4916E">
<hideElementsInCurrentOnly>false</hideElementsInCurrentOnly>
<bounds x="217" y="318" width="268" height="110"/>
</OView>
<OView class="oracle.dbtools.crest.swingui.relational.TVTable" oid="1A79844C-C599-2775-5C3E-2D82B5BD5286" otype="Table" vid="5057675E-EA49-9DE4-3EAB-162FA5C7306F">
<hideElementsInCurrentOnly>false</hideElementsInCurrentOnly>
<bounds x="1621" y="659" width="222" height="135"/>
</OView>
<OView class="oracle.dbtools.crest.swingui.relational.TVTable" oid="34E46C6A-DB31-0790-B575-B3A9AF966C0E" otype="Table" vid="EE330EC9-14BE-52C7-04B7-A0B73F1569E6">
<hideElementsInCurrentOnly>false</hideElementsInCurrentOnly>
<bounds x="686" y="272" width="305" height="181"/>
</OView>
<OView class="oracle.dbtools.crest.swingui.relational.TVTable" oid="3D99D2D1-CDF2-19EF-E2C2-21793C12D8D8" otype="Table" vid="BB6599F0-29B8-AC05-A76D-F40F8ECA0569">
<hideElementsInCurrentOnly>false</hideElementsInCurrentOnly>
<bounds x="800" y="499" width="245" height="290"/>
</OView>
<OView class="oracle.dbtools.crest.swingui.relational.TVTable" oid="41EC7584-6AE6-D8F7-593D-1BD314F77765" otype="Table" vid="F67A3F57-771F-FDFD-2C97-1BD99FAF8CA5">
<hideElementsInCurrentOnly>false</hideElementsInCurrentOnly>
<bounds x="34" y="26" width="277" height="154"/>
</OView>
<OView class="oracle.dbtools.crest.swingui.relational.TVTable" oid="47590D75-B486-47DD-0941-572F77980714" otype="Table" vid="E8CC6422-B5A4-F439-4C31-CE4FDED037C6">
<hideElementsInCurrentOnly>false</hideElementsInCurrentOnly>
<bounds x="844" y="865" width="255" height="120"/>
</OView>
<OView class="oracle.dbtools.crest.swingui.relational.TVTable" oid="49646A22-53C5-C47C-BEED-EBE222FA9D96" otype="Table" vid="DDC7808B-5CA1-422E-E43F-ECA69624D0FC">
<hideElementsInCurrentOnly>false</hideElementsInCurrentOnly>
<bounds x="583" y="614" width="188" height="87"/>
</OView>
<OView class="oracle.dbtools.crest.swingui.relational.TVTable" oid="4DCA5797-D874-9A4B-58F4-8216BB3EAEEE" otype="Table" vid="9904BB3A-B008-4BDE-52F6-9E6E221F8ABB">
<hideElementsInCurrentOnly>false</hideElementsInCurrentOnly>
<bounds x="21" y="449" width="323" height="212"/>
</OView>
<OView class="oracle.dbtools.crest.swingui.relational.TVTable" oid="5067960C-EDB7-104E-DDEB-58E9355FF1C1" otype="Table" vid="690C61BA-D988-0537-D7F2-1BC8F0F4F5D2">
<hideElementsInCurrentOnly>false</hideElementsInCurrentOnly>
<bounds x="1573" y="445" width="275" height="110"/>
</OView>
<OView class="oracle.dbtools.crest.swingui.relational.TVTable" oid="50D425D0-28EC-1B35-2268-B1F8FCBBE59D" otype="Table" vid="EF60D68B-4004-ED05-FFF1-8D1109B95C4A">
<hideElementsInCurrentOnly>false</hideElementsInCurrentOnly>
<bounds x="574" y="131" width="389" height="107"/>
</OView>
<OView class="oracle.dbtools.crest.swingui.relational.TVTable" oid="5AA54B11-F807-D0D4-E3D8-0AA64E00D7BF" otype="Table" vid="1AAF83C1-4134-BE65-8885-680647F8D563">
<hideElementsInCurrentOnly>false</hideElementsInCurrentOnly>
<bounds x="1079" y="235" width="318" height="144"/>
</OView>
<OView class="oracle.dbtools.crest.swingui.relational.TVTable" oid="7650A3A5-487D-02B4-CB10-B767E1E7F5CA" otype="Table" vid="8C4A5011-E89F-91D4-1EC4-7947F108D4B1">
<hideElementsInCurrentOnly>false</hideElementsInCurrentOnly>
<bounds x="1197" y="14" width="252" height="111"/>
</OView>
<OView class="oracle.dbtools.crest.swingui.relational.TVTable" oid="9E220C7E-1718-0528-8D1E-FA970ED44705" otype="Table" vid="B44BFACE-38BC-2468-60F6-DC166D8057E3">
<hideElementsInCurrentOnly>false</hideElementsInCurrentOnly>
<bounds x="40" y="822" width="289" height="123"/>
</OView>
<OView class="oracle.dbtools.crest.swingui.relational.TVTable" oid="A3D7C7E5-4164-EA6E-5AF6-463FD71EB9CD" otype="Table" vid="5843E7BF-11A8-DFE6-B235-B1F16EDAC639">
<hideElementsInCurrentOnly>false</hideElementsInCurrentOnly>
<bounds x="446" y="815" width="266" height="163"/>
</OView>
<OView class="oracle.dbtools.crest.swingui.relational.TVTable" oid="A3E838E5-AA23-35B3-6C2A-8DC5475EA9C3" otype="Table" vid="48DB9F48-7D26-6D31-228D-1C4ED352E5DA">
<hideElementsInCurrentOnly>false</hideElementsInCurrentOnly>
<bounds x="1535" y="22" width="297" height="110"/>
</OView>
<OView class="oracle.dbtools.crest.swingui.relational.TVTable" oid="AC7CC0DA-29C8-8364-13C6-CD7BFFBBEC40" otype="Table" vid="8F79B13C-59E5-A8A7-E448-80329CA9B397">
<hideElementsInCurrentOnly>false</hideElementsInCurrentOnly>
<bounds x="795" y="19" width="271" height="85"/>
</OView>
<OView class="oracle.dbtools.crest.swingui.relational.TVTable" oid="D3DA5E91-A7F1-DB35-6C95-2E246FA676D6" otype="Table" vid="CB66EDDE-9925-E4C7-7A17-68F0907ECD72">
<hideElementsInCurrentOnly>false</hideElementsInCurrentOnly>
<bounds x="1141" y="548" width="364" height="123"/>
</OView>
<OView class="oracle.dbtools.crest.swingui.relational.TVTable" oid="F5045ADB-C9CA-2879-517D-1ECCD8079E65" otype="Table" vid="C8C0F68A-9F9A-B9EE-B562-77E77607016E">
<hideElementsInCurrentOnly>false</hideElementsInCurrentOnly>
<bounds x="1541" y="234" width="284" height="108"/>
</OView>
</objectViews>
<connectors>
<Connector class="oracle.dbtools.crest.swingui.relational.TVFKRelation" oid="043594B1-1C14-8C5C-FD74-D34CA1DF7862" otype="FKIndexAssociation" vid_source="1AAF83C1-4134-BE65-8885-680647F8D563" vid_target="8C4A5011-E89F-91D4-1EC4-7947F108D4B1">
<hideElementsInCurrentOnly>false</hideElementsInCurrentOnly>
<backgroundColor>-16777216</backgroundColor>
<lineWidth>1</lineWidth>
<points>
<point x="1297" y="235"/>
<point x="1297" y="125"/>
</points>
</Connector>
<Connector class="oracle.dbtools.crest.swingui.relational.TVFKRelation" oid="0F62D828-ED55-E3A0-967A-61301A6AB4CB" otype="FKIndexAssociation" vid_source="8F79B13C-59E5-A8A7-E448-80329CA9B397" vid_target="8C4A5011-E89F-91D4-1EC4-7947F108D4B1">
<hideElementsInCurrentOnly>false</hideElementsInCurrentOnly>
<backgroundColor>-16777216</backgroundColor>
<lineWidth>1</lineWidth>
<points>
<point x="1066" y="61"/>
<point x="1197" y="61"/>
</points>
</Connector>
<Connector class="oracle.dbtools.crest.swingui.relational.TVFKRelation" oid="18C549EF-B7CF-A8B8-A308-C31A1F865489" otype="FKIndexAssociation" vid_source="B44BFACE-38BC-2468-60F6-DC166D8057E3" vid_target="9904BB3A-B008-4BDE-52F6-9E6E221F8ABB">
<hideElementsInCurrentOnly>false</hideElementsInCurrentOnly>
<backgroundColor>-16777216</backgroundColor>
<lineWidth>1</lineWidth>
<points>
<point x="184" y="822"/>
<point x="184" y="661"/>
</points>
</Connector>
<Connector class="oracle.dbtools.crest.swingui.relational.TVFKRelation" oid="1CC87FB7-0256-BDA3-4B64-8AFAEAC15892" otype="FKIndexAssociation" vid_source="C8C0F68A-9F9A-B9EE-B562-77E77607016E" vid_target="690C61BA-D988-0537-D7F2-1BC8F0F4F5D2">
<hideElementsInCurrentOnly>false</hideElementsInCurrentOnly>
<backgroundColor>-16777216</backgroundColor>
<lineWidth>1</lineWidth>
<points>
<point x="1699" y="342"/>
<point x="1699" y="445"/>
</points>
</Connector>
<Connector class="oracle.dbtools.crest.swingui.relational.TVFKRelation" oid="25C573B3-E042-B5BA-E628-9D614B9F80C4" otype="FKIndexAssociation" vid_source="C8C0F68A-9F9A-B9EE-B562-77E77607016E" vid_target="48DB9F48-7D26-6D31-228D-1C4ED352E5DA">
<hideElementsInCurrentOnly>false</hideElementsInCurrentOnly>
<backgroundColor>-16777216</backgroundColor>
<lineWidth>1</lineWidth>
<points>
<point x="1683" y="234"/>
<point x="1683" y="132"/>
</points>
</Connector>
<Connector class="oracle.dbtools.crest.swingui.relational.TVFKRelation" oid="2865903B-CC04-C961-C595-2B0F054B98BE" otype="FKIndexAssociation" vid_source="E8CC6422-B5A4-F439-4C31-CE4FDED037C6" vid_target="829D8AE1-ED3C-6227-C74B-83E807FCFD2D">
<hideElementsInCurrentOnly>false</hideElementsInCurrentOnly>
<backgroundColor>-16777216</backgroundColor>
<lineWidth>1</lineWidth>
<points>
<point x="1099" y="913"/>
<point x="1190" y="913"/>
</points>
</Connector>
<Connector class="oracle.dbtools.crest.swingui.relational.TVFKRelation" oid="28EE86AD-5D0E-A224-6455-7B6B176E31DF" otype="FKIndexAssociation" vid_source="8F79B13C-59E5-A8A7-E448-80329CA9B397" vid_target="F67A3F57-771F-FDFD-2C97-1BD99FAF8CA5">
<hideElementsInCurrentOnly>false</hideElementsInCurrentOnly>
<backgroundColor>-16777216</backgroundColor>
<lineWidth>1</lineWidth>
<points>
<point x="795" y="65"/>
<point x="311" y="65"/>
</points>
</Connector>
<Connector class="oracle.dbtools.crest.swingui.relational.TVFKRelation" oid="2D986CAD-7B84-48DB-0D5A-FC7A8FD14EB3" otype="FKIndexAssociation" vid_source="DDC7808B-5CA1-422E-E43F-ECA69624D0FC" vid_target="5843E7BF-11A8-DFE6-B235-B1F16EDAC639">
<hideElementsInCurrentOnly>false</hideElementsInCurrentOnly>
<backgroundColor>-16777216</backgroundColor>
<lineWidth>1</lineWidth>
<points>
<point x="647" y="701"/>
<point x="647" y="815"/>
</points>
</Connector>
<Connector class="oracle.dbtools.crest.swingui.relational.TVFKRelation" oid="39048000-823F-4691-D8E0-56CE0CEC01E6" otype="FKIndexAssociation" vid_source="5843E7BF-11A8-DFE6-B235-B1F16EDAC639" vid_target="E8CC6422-B5A4-F439-4C31-CE4FDED037C6">
<hideElementsInCurrentOnly>false</hideElementsInCurrentOnly>
<backgroundColor>-16777216</backgroundColor>
<lineWidth>1</lineWidth>
<points>
<point x="712" y="921"/>
<point x="844" y="921"/>
</points>
</Connector>
<Connector class="oracle.dbtools.crest.swingui.relational.TVFKRelation" oid="5773A97A-2D14-601E-1304-92F8878FAF1A" otype="FKIndexAssociation" vid_source="5057675E-EA49-9DE4-3EAB-162FA5C7306F" vid_target="1AAF83C1-4134-BE65-8885-680647F8D563">
<hideElementsInCurrentOnly>false</hideElementsInCurrentOnly>
<backgroundColor>-16777216</backgroundColor>
<lineWidth>1</lineWidth>
<points>
<point x="1652" y="659"/>
<point x="1322" y="379"/>
</points>
</Connector>
<Connector class="oracle.dbtools.crest.swingui.relational.TVFKRelation" oid="60C21DB3-E9F2-E484-034B-375B8CCC47D4" otype="FKIndexAssociation" vid_source="EE330EC9-14BE-52C7-04B7-A0B73F1569E6" vid_target="3FE4989D-36D3-49EB-2F4E-614613B4916E">
<hideElementsInCurrentOnly>false</hideElementsInCurrentOnly>
<backgroundColor>-16777216</backgroundColor>
<lineWidth>1</lineWidth>
<points>
<point x="686" y="373"/>
<point x="485" y="373"/>
</points>
</Connector>
<Connector class="oracle.dbtools.crest.swingui.relational.TVFKRelation" oid="73C1F892-CE40-ED6E-66CE-1E8623EF782D" otype="FKIndexAssociation" vid_source="BB6599F0-29B8-AC05-A76D-F40F8ECA0569" vid_target="CB66EDDE-9925-E4C7-7A17-68F0907ECD72">
<hideElementsInCurrentOnly>false</hideElementsInCurrentOnly>
<backgroundColor>-16777216</backgroundColor>
<lineWidth>1</lineWidth>
<points>
<point x="1045" y="609"/>
<point x="1141" y="609"/>
</points>
</Connector>
<Connector class="oracle.dbtools.crest.swingui.relational.TVFKRelation" oid="846AB050-813A-CE56-AC1F-9849439B3880" otype="FKIndexAssociation" vid_source="5843E7BF-11A8-DFE6-B235-B1F16EDAC639" vid_target="B44BFACE-38BC-2468-60F6-DC166D8057E3">
<hideElementsInCurrentOnly>false</hideElementsInCurrentOnly>
<backgroundColor>-16777216</backgroundColor>
<lineWidth>1</lineWidth>
<points>
<point x="446" y="883"/>
<point x="329" y="883"/>
</points>
</Connector>
<Connector class="oracle.dbtools.crest.swingui.relational.TVFKRelation" oid="8BF0255F-8323-EAF9-A720-B35E97528A83" otype="FKIndexAssociation" vid_source="1AAF83C1-4134-BE65-8885-680647F8D563" vid_target="CB66EDDE-9925-E4C7-7A17-68F0907ECD72">
<hideElementsInCurrentOnly>false</hideElementsInCurrentOnly>
<backgroundColor>-16777216</backgroundColor>
<lineWidth>1</lineWidth>
<points>
<point x="1269" y="379"/>
<point x="1269" y="548"/>
</points>
</Connector>
<Connector class="oracle.dbtools.crest.swingui.relational.TVFKRelation" oid="8E15D847-7B29-6AFC-8560-7A1C3BED34E0" otype="FKIndexAssociation" vid_source="BB6599F0-29B8-AC05-A76D-F40F8ECA0569" vid_target="5057675E-EA49-9DE4-3EAB-162FA5C7306F">
<hideElementsInCurrentOnly>false</hideElementsInCurrentOnly>
<backgroundColor>-16777216</backgroundColor>
<lineWidth>1</lineWidth>
<points>
<point x="1045" y="724"/>
<point x="1621" y="724"/>
</points>
</Connector>
<Connector class="oracle.dbtools.crest.swingui.relational.TVFKRelation" oid="95A950C2-A229-0311-60E7-38B90D50C71F" otype="FKIndexAssociation" vid_source="B44BFACE-38BC-2468-60F6-DC166D8057E3" vid_target="EE330EC9-14BE-52C7-04B7-A0B73F1569E6">
<hideElementsInCurrentOnly>false</hideElementsInCurrentOnly>
<backgroundColor>-16777216</backgroundColor>
<lineWidth>1</lineWidth>
<points>
<point x="261" y="822"/>
<point x="739" y="453"/>
</points>
</Connector>
<Connector class="oracle.dbtools.crest.swingui.relational.TVFKRelation" oid="9603A83F-4975-52D8-30F4-CD89D093A25F" otype="FKIndexAssociation" vid_source="1AAF83C1-4134-BE65-8885-680647F8D563" vid_target="EF60D68B-4004-ED05-FFF1-8D1109B95C4A">
<hideElementsInCurrentOnly>false</hideElementsInCurrentOnly>
<backgroundColor>-16777216</backgroundColor>
<lineWidth>1</lineWidth>
<points>
<point x="1079" y="236"/>
<point x="963" y="236"/>
</points>
</Connector>
<Connector class="oracle.dbtools.crest.swingui.relational.TVFKRelation" oid="9A0ACEDD-0F98-8200-C616-80FA4BB91370" otype="FKIndexAssociation" vid_source="E8CC6422-B5A4-F439-4C31-CE4FDED037C6" vid_target="BB6599F0-29B8-AC05-A76D-F40F8ECA0569">
<hideElementsInCurrentOnly>false</hideElementsInCurrentOnly>
<backgroundColor>-16777216</backgroundColor>
<lineWidth>1</lineWidth>
<points>
<point x="944" y="865"/>
<point x="944" y="789"/>
</points>
</Connector>
<Connector class="oracle.dbtools.crest.swingui.relational.TVFKRelation" oid="9FE36C5F-1541-0FE5-3990-463390CA10A8" otype="FKIndexAssociation" vid_source="C8C0F68A-9F9A-B9EE-B562-77E77607016E" vid_target="690C61BA-D988-0537-D7F2-1BC8F0F4F5D2">
<hideElementsInCurrentOnly>false</hideElementsInCurrentOnly>
<backgroundColor>-16777216</backgroundColor>
<lineWidth>1</lineWidth>
<points>
<point x="1714" y="342"/>
<point x="1714" y="445"/>
</points>
</Connector>
<Connector class="oracle.dbtools.crest.swingui.relational.TVFKRelation" oid="AC4A188F-3093-2B1C-32BC-C6F3A1BE6390" otype="FKIndexAssociation" vid_source="9904BB3A-B008-4BDE-52F6-9E6E221F8ABB" vid_target="F67A3F57-771F-FDFD-2C97-1BD99FAF8CA5">
<hideElementsInCurrentOnly>false</hideElementsInCurrentOnly>
<backgroundColor>-16777216</backgroundColor>
<lineWidth>1</lineWidth>
<points>
<point x="172" y="449"/>
<point x="172" y="180"/>
</points>
</Connector>
<Connector class="oracle.dbtools.crest.swingui.relational.TVFKRelation" oid="BABD696B-FA8C-E346-B242-994ECFE51803" otype="FKIndexAssociation" vid_source="8C4A5011-E89F-91D4-1EC4-7947F108D4B1" vid_target="48DB9F48-7D26-6D31-228D-1C4ED352E5DA">
<hideElementsInCurrentOnly>false</hideElementsInCurrentOnly>
<backgroundColor>-16777216</backgroundColor>
<lineWidth>1</lineWidth>
<points>
<point x="1449" y="73"/>
<point x="1535" y="73"/>
</points>
</Connector>
<Connector class="oracle.dbtools.crest.swingui.relational.TVFKRelation" oid="C1579AB2-08F5-A49D-12F4-C44DE2E44C61" otype="FKIndexAssociation" vid_source="EE330EC9-14BE-52C7-04B7-A0B73F1569E6" vid_target="BB6599F0-29B8-AC05-A76D-F40F8ECA0569">
<hideElementsInCurrentOnly>false</hideElementsInCurrentOnly>
<backgroundColor>-16777216</backgroundColor>
<lineWidth>1</lineWidth>
<points>
<point x="895" y="453"/>
<point x="895" y="499"/>
</points>
</Connector>
<Connector class="oracle.dbtools.crest.swingui.relational.TVFKRelation" oid="C2408434-4F56-46CC-BC2C-48997C56040E" otype="FKIndexAssociation" vid_source="F67A3F57-771F-FDFD-2C97-1BD99FAF8CA5" vid_target="EF60D68B-4004-ED05-FFF1-8D1109B95C4A">
<hideElementsInCurrentOnly>false</hideElementsInCurrentOnly>
<backgroundColor>-16777216</backgroundColor>
<lineWidth>1</lineWidth>
<points>
<point x="311" y="140"/>
<point x="574" y="140"/>
</points>
</Connector>
<Connector class="oracle.dbtools.crest.swingui.relational.TVFKRelation" oid="C4A446A1-431E-DE5E-AB9E-FEA2C785ADE8" otype="FKIndexAssociation" vid_source="1AAF83C1-4134-BE65-8885-680647F8D563" vid_target="8F79B13C-59E5-A8A7-E448-80329CA9B397">
<hideElementsInCurrentOnly>false</hideElementsInCurrentOnly>
<backgroundColor>-16777216</backgroundColor>
<lineWidth>1</lineWidth>
<points>
<point x="1147" y="235"/>
<point x="983" y="104"/>
</points>
</Connector>
<Connector class="oracle.dbtools.crest.swingui.relational.TVFKRelation" oid="CA4DD3FB-701D-2E6E-EFED-88EA2D158968" otype="FKIndexAssociation" vid_source="8F79B13C-59E5-A8A7-E448-80329CA9B397" vid_target="C8C0F68A-9F9A-B9EE-B562-77E77607016E">
<hideElementsInCurrentOnly>false</hideElementsInCurrentOnly>
<backgroundColor>-16777216</backgroundColor>
<lineWidth>1</lineWidth>
<points>
<point x="1066" y="102"/>
<point x="1541" y="245"/>
</points>
</Connector>
<Connector class="oracle.dbtools.crest.swingui.relational.TVFKRelation" oid="D09EB29E-9F98-AB08-1F26-8E7BA0148892" otype="FKIndexAssociation" vid_source="1AAF83C1-4134-BE65-8885-680647F8D563" vid_target="C8C0F68A-9F9A-B9EE-B562-77E77607016E">
<hideElementsInCurrentOnly>false</hideElementsInCurrentOnly>
<backgroundColor>-16777216</backgroundColor>
<lineWidth>1</lineWidth>
<points>
<point x="1397" y="288"/>
<point x="1541" y="288"/>
</points>
</Connector>
<Connector class="oracle.dbtools.crest.swingui.relational.TVFKRelation" oid="D1860F6B-379D-3676-DE1A-6AAA33A94BC1" otype="FKIndexAssociation" vid_source="F67A3F57-771F-FDFD-2C97-1BD99FAF8CA5" vid_target="3FE4989D-36D3-49EB-2F4E-614613B4916E">
<hideElementsInCurrentOnly>false</hideElementsInCurrentOnly>
<backgroundColor>-16777216</backgroundColor>
<lineWidth>1</lineWidth>
<points>
<point x="264" y="180"/>
<point x="264" y="318"/>
</points>
</Connector>
<Connector class="oracle.dbtools.crest.swingui.relational.TVFKRelation" oid="D332A880-3CAB-2521-471D-6DF31A27685B" otype="FKIndexAssociation" vid_source="5057675E-EA49-9DE4-3EAB-162FA5C7306F" vid_target="829D8AE1-ED3C-6227-C74B-83E807FCFD2D">
<hideElementsInCurrentOnly>false</hideElementsInCurrentOnly>
<backgroundColor>-16777216</backgroundColor>
<lineWidth>1</lineWidth>
<points>
<point x="1621" y="771"/>
<point x="1435" y="846"/>
</points>
</Connector>
<Connector class="oracle.dbtools.crest.swingui.relational.TVFKRelation" oid="D9F383CA-8A6D-9B1C-CA72-51F03CC165E0" otype="FKIndexAssociation" vid_source="F67A3F57-771F-FDFD-2C97-1BD99FAF8CA5" vid_target="BB6599F0-29B8-AC05-A76D-F40F8ECA0569">
<hideElementsInCurrentOnly>false</hideElementsInCurrentOnly>
<backgroundColor>-16777216</backgroundColor>
<lineWidth>1</lineWidth>
<points>
<point x="279" y="180"/>
<point x="800" y="555"/>
</points>
</Connector>
<Connector class="oracle.dbtools.crest.swingui.relational.TVFKRelation" oid="EA5DF84E-DA01-7932-0B0D-B690CD8A27D2" otype="FKIndexAssociation" vid_source="EE330EC9-14BE-52C7-04B7-A0B73F1569E6" vid_target="F67A3F57-771F-FDFD-2C97-1BD99FAF8CA5">
<hideElementsInCurrentOnly>false</hideElementsInCurrentOnly>
<backgroundColor>-16777216</backgroundColor>
<lineWidth>1</lineWidth>
<points>
<point x="686" y="303"/>
<point x="311" y="156"/>
</points>
</Connector>
<Connector class="oracle.dbtools.crest.swingui.relational.TVFKRelation" oid="EC2DEFD4-5EB4-0DC3-E415-A6E037F48A82" otype="FKIndexAssociation" vid_source="DDC7808B-5CA1-422E-E43F-ECA69624D0FC" vid_target="EE330EC9-14BE-52C7-04B7-A0B73F1569E6">
<hideElementsInCurrentOnly>false</hideElementsInCurrentOnly>
<backgroundColor>-16777216</backgroundColor>
<lineWidth>1</lineWidth>
<points>
<point x="728" y="614"/>
<point x="728" y="453"/>
</points>
</Connector>
<Connector class="oracle.dbtools.crest.swingui.relational.TVFKRelation" oid="FBF36FAD-A877-6A4D-3E0E-138D88B4AD83" otype="FKIndexAssociation" vid_source="E8CC6422-B5A4-F439-4C31-CE4FDED037C6" vid_target="9904BB3A-B008-4BDE-52F6-9E6E221F8ABB">
<hideElementsInCurrentOnly>false</hideElementsInCurrentOnly>
<backgroundColor>-16777216</backgroundColor>
<lineWidth>1</lineWidth>
<points>
<point x="844" y="865"/>
<point x="344" y="630"/>
</points>
</Connector>
</connectors>
</Diagram>