<?xml version = '1.0' encoding = 'UTF-8'?>
<Relation class="oracle.dbtools.crest.model.design.logical.Relation" name="Usar" directorySegmentName="seg_0" id="3F5F6B6A-3C53-A560-7845-38525BCF8D4E">
<createdBy>zakil</createdBy>
<createdTime>2024-11-05 12:59:24 UTC</createdTime>
<ownerDesignName>ER_corregido</ownerDesignName>
<engineerTo>
<item key="A1D67CE5-04DA-F9CE-C69B-218FF8BADEEA" value="true"/>
</engineerTo>
<identifying>false</identifying>
<optionalSource>false</optionalSource>
<optionalTarget>false</optionalTarget>
<sourceCardinality>*</sourceCardinality>
<sourceEntity>D0AF64D0-30EF-5AD3-0CA2-F819EACF04BF</sourceEntity>
<targetCardinalityString>*</targetCardinalityString>
<targetEntity>A566765B-F689-D2AA-6359-1D6C2E6F7CA2</targetEntity>
<transferable>true</transferable>
<deleteRule>NO ACTION</deleteRule>
<attributes itemClass="oracle.dbtools.crest.model.design.logical.Attribute">
<attribute name="inicial" id="DAC8ACC7-05F2-E5DE-2497-A0AC904390D2">
<createdBy>zakil</createdBy>
<createdTime>2024-11-05 12:59:37 UTC</createdTime>
<ownerDesignName>ER_corregido</ownerDesignName>
<engineerTo>
<item key="A1D67CE5-04DA-F9CE-C69B-218FF8BADEEA" value="true"/>
</engineerTo>
<nullsAllowed>true</nullsAllowed>
<use>0</use>
<ownDataTypeParameters>,,</ownDataTypeParameters>
</attribute>
</attributes>
</Relation>