<?xml version = '1.0' encoding = 'UTF-8'?>
<Relation class="oracle.dbtools.crest.model.design.logical.Relation" name="Realiza" directorySegmentName="seg_0" id="4896A302-5A3B-8708-ED42-F1CBBB6BDFD5">
<createdBy>Iker Manzano</createdBy>
<createdTime>2024-10-21 09:15:40 UTC</createdTime>
<ownerDesignName>ER_corregido</ownerDesignName>
<engineerTo>
<item key="A1D67CE5-04DA-F9CE-C69B-218FF8BADEEA" value="true"/>
</engineerTo>
<sourcePk>F1761E54-F6E9-9412-D517-FC24900B5326</sourcePk>
<identifying>false</identifying>
<optionalSource>false</optionalSource>
<optionalTarget>true</optionalTarget>
<sourceCardinality>*</sourceCardinality>
<sourceEntity>43D652C4-EB1D-5B9B-7585-750465EB6812</sourceEntity>
<targetCardinalityString>*</targetCardinalityString>
<targetEntity>0555620A-B3D2-4634-1850-27AC15A510F3</targetEntity>
<transferable>true</transferable>
<deleteRule>NO ACTION</deleteRule>
<attributes itemClass="oracle.dbtools.crest.model.design.logical.Attribute">
<attribute name="horas_estimadas" id="3D213A02-8D98-085B-4EDB-24A01B355E12">
<createdBy>zakil</createdBy>
<createdTime>2024-11-05 13:00:18 UTC</createdTime>
<ownerDesignName>ER_corregido</ownerDesignName>
<engineerTo>
<item key="A1D67CE5-04DA-F9CE-C69B-218FF8BADEEA" value="true"/>
</engineerTo>
<nullsAllowed>true</nullsAllowed>
<useDomainConstraints>false</useDomainConstraints>
<use>1</use>
<logicalDatatype>LOGDT011</logicalDatatype>
<ownDataTypeParameters>,,</ownDataTypeParameters>
</attribute>
<attribute name="horas_reales" id="E3D7B304-87D3-C044-B2E3-8D39A0C4C09F">
<createdBy>zakil</createdBy>
<createdTime>2024-11-05 13:00:32 UTC</createdTime>
<ownerDesignName>ER_corregido</ownerDesignName>
<engineerTo>
<item key="A1D67CE5-04DA-F9CE-C69B-218FF8BADEEA" value="true"/>
</engineerTo>
<nullsAllowed>true</nullsAllowed>
<useDomainConstraints>false</useDomainConstraints>
<use>1</use>
<logicalDatatype>LOGDT011</logicalDatatype>
<ownDataTypeParameters>,,</ownDataTypeParameters>
</attribute>
</attributes>
</Relation>