<?xml version = '1.0' encoding = 'UTF-8'?>
<Relation class="oracle.dbtools.crest.model.design.logical.Relation" name="Responsable dev1" directorySegmentName="seg_0" id="835CDE9F-9EC1-6D49-23A1-740FCCC6977A">
<createdBy>Iker Manzano</createdBy>
<createdTime>2024-10-21 09:06:51 UTC</createdTime>
<ownerDesignName>ER_corregido</ownerDesignName>
<engineerTo>
<item key="A1D67CE5-04DA-F9CE-C69B-218FF8BADEEA" value="true"/>
</engineerTo>
<sourcePk>F1761E54-F6E9-9412-D517-FC24900B5326</sourcePk>
<identifying>false</identifying>
<optionalSource>false</optionalSource>
<optionalTarget>true</optionalTarget>
<sourceCardinality>1</sourceCardinality>
<sourceEntity>43D652C4-EB1D-5B9B-7585-750465EB6812</sourceEntity>
<targetCardinalityString>*</targetCardinalityString>
<targetEntity>FD55EBA4-4334-E7A3-11E3-5FB21DDFD3A2</targetEntity>
<transferable>true</transferable>
<deleteRule>NO ACTION</deleteRule>
</Relation>