<?xml version = '1.0' encoding = 'UTF-8'?>
<Relation class="oracle.dbtools.crest.model.design.logical.Relation" name="Usar " directorySegmentName="seg_0" id="9646A9C1-6AC4-17A7-CA29-1388CF25F6CF">
<createdBy>zakil</createdBy>
<createdTime>2024-11-05 12:51:33 UTC</createdTime>
<ownerDesignName>ER_corregido</ownerDesignName>
<engineerTo>
<item key="A1D67CE5-04DA-F9CE-C69B-218FF8BADEEA" value="true"/>
</engineerTo>
<identifying>false</identifying>
<optionalSource>true</optionalSource>
<optionalTarget>true</optionalTarget>
<sourceCardinality>*</sourceCardinality>
<sourceEntity>4062BD35-F18F-811F-650F-834FCB477DBC</sourceEntity>
<targetCardinalityString>*</targetCardinalityString>
<targetEntity>7224B835-A0D2-0D44-300A-29ABC19DAC2B</targetEntity>
<transferable>true</transferable>
<deleteRule>NO ACTION</deleteRule>
</Relation>