<?xml version = '1.0' encoding = 'UTF-8'?>
<FKIndexAssociation class="oracle.dbtools.crest.model.design.relational.FKIndexAssociation" directorySegmentName="seg_0" id="0F62D828-ED55-E3A0-967A-61301A6AB4CB" containerWithKeyObject="7650A3A5-487D-02B4-CB10-B767E1E7F5CA" localFKIndex="CF076533-50E5-CF52-0586-2242EB60FD03" name="Dato_Documento_FK">
<createdBy>34693</createdBy>
<createdTime>2024-11-19 07:34:43 UTC</createdTime>
<generatorID>F3EFF0D7-F68D-12CB-6BCF-D5BCE2161033</generatorID>
<ownerDesignName>ER_corregido</ownerDesignName>
<referredTableLongName>Documento</referredTableLongName>
<deleteRule>NO ACTION</deleteRule>
<referredTableID>AC7CC0DA-29C8-8364-13C6-CD7BFFBBEC40</referredTableID>
<keyObject>AF8FD599-63A4-C7AA-2F6C-675D8254C949</keyObject>
<referredKeyID>AF8FD599-63A4-C7AA-2F6C-675D8254C949</referredKeyID>
<mandatory>true</mandatory>
<refColNames>id_elementoSW</refColNames>
<transferable>true</transferable>
<rely>false</rely>
<columnDependencyConstraintGenerateInDDL>true</columnDependencyConstraintGenerateInDDL>
</FKIndexAssociation>