<?xml version = '1.0' encoding = 'UTF-8'?>
<FKIndexAssociation class="oracle.dbtools.crest.model.design.relational.FKIndexAssociation" directorySegmentName="seg_0" id="18C549EF-B7CF-A8B8-A308-C31A1F865489" containerWithKeyObject="4DCA5797-D874-9A4B-58F4-8216BB3EAEEE" localFKIndex="D6DCFC82-A030-FD92-66BB-D408E6EFF7DC" name="Proyecto_Empresa_cliente_FK">
<createdBy>34693</createdBy>
<createdTime>2024-11-19 07:34:43 UTC</createdTime>
<generatorID>33999466-7F83-6FBC-BED1-17BFE76C8969</generatorID>
<ownerDesignName>ER_corregido</ownerDesignName>
<referredTableLongName>Empresa_cliente</referredTableLongName>
<deleteRule>NO ACTION</deleteRule>
<referredTableID>9E220C7E-1718-0528-8D1E-FA970ED44705</referredTableID>
<keyObject>D208EE73-BE45-53F5-CB90-BD4A4A004004</keyObject>
<referredKeyID>D208EE73-BE45-53F5-CB90-BD4A4A004004</referredKeyID>
<mandatory>true</mandatory>
<refColNames>id_empresa</refColNames>
<transferable>true</transferable>
<rely>false</rely>
<columnDependencyConstraintGenerateInDDL>true</columnDependencyConstraintGenerateInDDL>
</FKIndexAssociation>