<?xml version = '1.0' encoding = 'UTF-8'?>
<FKIndexAssociation class="oracle.dbtools.crest.model.design.relational.FKIndexAssociation" directorySegmentName="seg_0" id="1CC87FB7-0256-BDA3-4B64-8AFAEAC15892" containerWithKeyObject="5067960C-EDB7-104E-DDEB-58E9355FF1C1" localFKIndex="9552D9C2-E52A-B752-AAC7-1780C9DAC530" name="Llama_a_Programa_FKv1">
<createdBy>34693</createdBy>
<createdTime>2024-11-19 07:34:43 UTC</createdTime>
<generatorID>B74D5EDD-D0EF-7A62-542F-1D4DC1ECE20D</generatorID>
<ownerDesignName>ER_corregido</ownerDesignName>
<referredTableLongName>Programa</referredTableLongName>
<deleteRule>NO ACTION</deleteRule>
<referredTableID>F5045ADB-C9CA-2879-517D-1ECCD8079E65</referredTableID>
<keyObject>21120D13-4C7D-E394-0B54-D56AD8232043</keyObject>
<referredKeyID>21120D13-4C7D-E394-0B54-D56AD8232043</referredKeyID>
<mandatory>true</mandatory>
<refColNames>id_elementoSW</refColNames>
<transferable>true</transferable>
<rely>false</rely>
<columnDependencyConstraintGenerateInDDL>true</columnDependencyConstraintGenerateInDDL>
</FKIndexAssociation>