<?xml version = '1.0' encoding = 'UTF-8'?>
<FKIndexAssociation class="oracle.dbtools.crest.model.design.relational.FKIndexAssociation" directorySegmentName="seg_0" id="23D08C19-B22C-0C5D-90D7-66C34B3D33C1" containerWithKeyObject="5067960C-EDB7-104E-DDEB-58E9355FF1C1" localFKIndex="64D5629E-55EF-689C-A170-0297EE8E9C38" name="Llama_a_Elemento_Software_FK">
<createdBy>34693</createdBy>
<createdTime>2024-12-23 21:58:46 UTC</createdTime>
<generatorID>0C74823F-775C-ECA6-28C1-63472114B102</generatorID>
<ownerDesignName>ER_corregido</ownerDesignName>
<referredTableLongName>Elemento_Software</referredTableLongName>
<deleteRule>NO ACTION</deleteRule>
<referredTableID>5AA54B11-F807-D0D4-E3D8-0AA64E00D7BF</referredTableID>
<keyObject>E2FF924F-503A-0B9F-3544-29D77BCFC103</keyObject>
<referredKeyID>E2FF924F-503A-0B9F-3544-29D77BCFC103</referredKeyID>
<mandatory>true</mandatory>
<refColNames>id_elementoSW</refColNames>
<transferable>true</transferable>
<rely>false</rely>
<columnDependencyConstraintGenerateInDDL>true</columnDependencyConstraintGenerateInDDL>
</FKIndexAssociation>