<?xml version = '1.0' encoding = 'UTF-8'?>
<FKIndexAssociation class="oracle.dbtools.crest.model.design.relational.FKIndexAssociation" directorySegmentName="seg_0" id="25C573B3-E042-B5BA-E628-9D614B9F80C4" containerWithKeyObject="A3E838E5-AA23-35B3-6C2A-8DC5475EA9C3" localFKIndex="6C50B678-A657-6E69-5CFD-EC2E2C8EE798" name="Usarv1_Programa_FK">
<createdBy>34693</createdBy>
<createdTime>2024-11-19 07:34:43 UTC</createdTime>
<generatorID>9646A9C1-6AC4-17A7-CA29-1388CF25F6CF</generatorID>
<ownerDesignName>ER_corregido</ownerDesignName>
<referredTableLongName>Programa</referredTableLongName>
<deleteRule>NO ACTION</deleteRule>
<referredTableID>F5045ADB-C9CA-2879-517D-1ECCD8079E65</referredTableID>
<keyObject>21120D13-4C7D-E394-0B54-D56AD8232043</keyObject>
<referredKeyID>21120D13-4C7D-E394-0B54-D56AD8232043</referredKeyID>
<mandatory>true</mandatory>
<refColNames>id_elementoSW</refColNames>
<transferable>true</transferable>
<rely>false</rely>
<columnDependencyConstraintGenerateInDDL>true</columnDependencyConstraintGenerateInDDL>
</FKIndexAssociation>