<?xml version = '1.0' encoding = 'UTF-8'?>
<FKIndexAssociation class="oracle.dbtools.crest.model.design.relational.FKIndexAssociation" directorySegmentName="seg_0" id="2865903B-CC04-C961-C595-2B0F054B98BE" containerWithKeyObject="09E03E76-EF6B-44F9-1C7F-A63BE42432DB" localFKIndex="66354E0B-767C-36C2-E99A-2D666EA99802" name="Realiza_Técnico_FK">
<createdBy>34693</createdBy>
<createdTime>2024-11-19 07:34:43 UTC</createdTime>
<generatorID>4896A302-5A3B-8708-ED42-F1CBBB6BDFD5</generatorID>
<ownerDesignName>ER_corregido</ownerDesignName>
<referredTableLongName>Técnico</referredTableLongName>
<deleteRule>NO ACTION</deleteRule>
<referredTableID>47590D75-B486-47DD-0941-572F77980714</referredTableID>
<keyObject>6E8D2E92-4F37-F8FB-9DA9-6EECF40E7524</keyObject>
<referredKeyID>6E8D2E92-4F37-F8FB-9DA9-6EECF40E7524</referredKeyID>
<mandatory>true</mandatory>
<refColNames>id_personal</refColNames>
<transferable>true</transferable>
<rely>false</rely>
<columnDependencyConstraintGenerateInDDL>true</columnDependencyConstraintGenerateInDDL>
</FKIndexAssociation>