<?xml version = '1.0' encoding = 'UTF-8'?>
<FKIndexAssociation class="oracle.dbtools.crest.model.design.relational.FKIndexAssociation" directorySegmentName="seg_0" id="28EE86AD-5D0E-A224-6455-7B6B176E31DF" containerWithKeyObject="41EC7584-6AE6-D8F7-593D-1BD314F77765" localFKIndex="F4B880FC-28A3-4240-4353-F66AE059F817" name="Aplicación_Documento_FK">
<createdBy>34693</createdBy>
<createdTime>2024-11-19 07:34:43 UTC</createdTime>
<generatorID>6D0456B9-95E4-7698-65C4-3428BCF02EF0</generatorID>
<ownerDesignName>ER_corregido</ownerDesignName>
<referredTableLongName>Documento</referredTableLongName>
<deleteRule>NO ACTION</deleteRule>
<referredTableID>AC7CC0DA-29C8-8364-13C6-CD7BFFBBEC40</referredTableID>
<keyObject>AF8FD599-63A4-C7AA-2F6C-675D8254C949</keyObject>
<referredKeyID>AF8FD599-63A4-C7AA-2F6C-675D8254C949</referredKeyID>
<mandatory>true</mandatory>
<refColNames>id_elementoSW</refColNames>
<transferable>true</transferable>
<rely>false</rely>
<columnDependencyConstraintGenerateInDDL>true</columnDependencyConstraintGenerateInDDL>
</FKIndexAssociation>