<?xml version = '1.0' encoding = 'UTF-8'?>
<FKIndexAssociation class="oracle.dbtools.crest.model.design.relational.FKIndexAssociation" directorySegmentName="seg_0" id="2D986CAD-7B84-48DB-0D5A-FC7A8FD14EB3" containerWithKeyObject="A3D7C7E5-4164-EA6E-5AF6-463FD71EB9CD" localFKIndex="77729EBB-69EA-B19D-03EA-0C53E43B0909" name="Personal_Usuario_FK">
<createdBy>34693</createdBy>
<createdTime>2024-11-19 12:00:41 UTC</createdTime>
<ownerDesignName>ER_corregido</ownerDesignName>
<referredTableLongName>Usuario</referredTableLongName>
<deleteRule>NO ACTION</deleteRule>
<referredTableID>49646A22-53C5-C47C-BEED-EBE222FA9D96</referredTableID>
<keyObject>B2B50BC1-F160-F080-2B2D-00A6C92DEADF</keyObject>
<referredKeyID>B2B50BC1-F160-F080-2B2D-00A6C92DEADF</referredKeyID>
<mandatory>true</mandatory>
<refColNames>Nombre</refColNames>
<transferable>true</transferable>
<rely>false</rely>
<columnDependencyConstraintGenerateInDDL>true</columnDependencyConstraintGenerateInDDL>
</FKIndexAssociation>