<?xml version = '1.0' encoding = 'UTF-8'?>
<FKIndexAssociation class="oracle.dbtools.crest.model.design.relational.FKIndexAssociation" directorySegmentName="seg_0" id="36901863-1DEB-EE21-80D1-6F453D6B0522" containerWithKeyObject="5AA54B11-F807-D0D4-E3D8-0AA64E00D7BF" localFKIndex="F53E4EF2-D82A-F35C-C223-266B22CBF559" name="Elemento_Software_Llama_a_FK">
<createdBy>34693</createdBy>
<createdTime>2024-12-23 21:58:56 UTC</createdTime>
<ownerDesignName>ER_corregido</ownerDesignName>
<referredTableLongName>Llama_a</referredTableLongName>
<deleteRule>NO ACTION</deleteRule>
<referredTableID>5067960C-EDB7-104E-DDEB-58E9355FF1C1</referredTableID>
<keyObject>D62BC33D-0E79-F28F-C9F9-6A3DFA141A7F</keyObject>
<referredKeyID>D62BC33D-0E79-F28F-C9F9-6A3DFA141A7F</referredKeyID>
<mandatory>false</mandatory>
<refColNames>Programa_id_elementoSW,Programa_Llamado_id_elementoSW</refColNames>
<transferable>true</transferable>
<rely>false</rely>
<columnDependencyConstraintGenerateInDDL>true</columnDependencyConstraintGenerateInDDL>
</FKIndexAssociation>