<?xml version = '1.0' encoding = 'UTF-8'?>
<FKIndexAssociation class="oracle.dbtools.crest.model.design.relational.FKIndexAssociation" directorySegmentName="seg_0" id="39048000-823F-4691-D8E0-56CE0CEC01E6" containerWithKeyObject="47590D75-B486-47DD-0941-572F77980714" localFKIndex="B13F887C-5393-F902-01DD-3C5B0B13DB4D" name="Técnico_Personal_FK">
<createdBy>34693</createdBy>
<createdTime>2024-11-19 11:21:06 UTC</createdTime>
<generatorID>AC057FA5-F88A-2347-5D66-E00CAD295714</generatorID>
<ownerDesignName>ER_corregido</ownerDesignName>
<referredTableLongName>Personal</referredTableLongName>
<deleteRule>NO ACTION</deleteRule>
<referredTableID>A3D7C7E5-4164-EA6E-5AF6-463FD71EB9CD</referredTableID>
<keyObject>85B6986E-2E7E-EC20-0C7F-3612C64A2604</keyObject>
<referredKeyID>85B6986E-2E7E-EC20-0C7F-3612C64A2604</referredKeyID>
<mandatory>true</mandatory>
<refColNames>id_personal</refColNames>
<transferable>true</transferable>
<rely>false</rely>
<columnDependencyConstraintGenerateInDDL>true</columnDependencyConstraintGenerateInDDL>
</FKIndexAssociation>