<?xml version = '1.0' encoding = 'UTF-8'?>
<FKIndexAssociation class="oracle.dbtools.crest.model.design.relational.FKIndexAssociation" directorySegmentName="seg_0" id="5773A97A-2D14-601E-1304-92F8878FAF1A" containerWithKeyObject="5AA54B11-F807-D0D4-E3D8-0AA64E00D7BF" localFKIndex="57969C68-AE0A-B1EE-A4AC-CFC3D7BBBAE6" name="Elemento_Software_Tarea_FK">
<createdBy>34693</createdBy>
<createdTime>2024-11-19 07:34:43 UTC</createdTime>
<generatorID>B412DBA8-7FD5-A3D1-7DEC-305CD3EE724F</generatorID>
<ownerDesignName>ER_corregido</ownerDesignName>
<referredTableLongName>Tarea</referredTableLongName>
<deleteRule>NO ACTION</deleteRule>
<referredTableID>1A79844C-C599-2775-5C3E-2D82B5BD5286</referredTableID>
<keyObject>42DFE724-4A99-CBE5-43A5-27A8746B54C1</keyObject>
<referredKeyID>42DFE724-4A99-CBE5-43A5-27A8746B54C1</referredKeyID>
<mandatory>true</mandatory>
<refColNames>id_tarea</refColNames>
<transferable>true</transferable>
<rely>false</rely>
<columnDependencyConstraintGenerateInDDL>true</columnDependencyConstraintGenerateInDDL>
</FKIndexAssociation>