<?xml version = '1.0' encoding = 'UTF-8'?>
<FKIndexAssociation class="oracle.dbtools.crest.model.design.relational.FKIndexAssociation" directorySegmentName="seg_0" id="60C21DB3-E9F2-E484-034B-375B8CCC47D4" containerWithKeyObject="1252C578-97CB-74D7-102D-F71BBEB215A1" localFKIndex="F89F8760-7187-6D20-6814-B422D4197DF9" name="Utiliza_Usuario_FK">
<createdBy>34693</createdBy>
<createdTime>2024-11-19 07:34:43 UTC</createdTime>
<generatorID>06FE5C14-B3FF-BDF4-6BDB-35314124C468</generatorID>
<ownerDesignName>ER_corregido</ownerDesignName>
<referredTableLongName>Usuario</referredTableLongName>
<deleteRule>NO ACTION</deleteRule>
<referredTableID>34E46C6A-DB31-0790-B575-B3A9AF966C0E</referredTableID>
<keyObject>D4E680E7-0F7D-4F30-B7CF-93534D115CD6</keyObject>
<referredKeyID>D4E680E7-0F7D-4F30-B7CF-93534D115CD6</referredKeyID>
<mandatory>true</mandatory>
<refColNames>id_usuario</refColNames>
<transferable>true</transferable>
<rely>false</rely>
<columnDependencyConstraintGenerateInDDL>true</columnDependencyConstraintGenerateInDDL>
</FKIndexAssociation>