<?xml version = '1.0' encoding = 'UTF-8'?>
<FKIndexAssociation class="oracle.dbtools.crest.model.design.relational.FKIndexAssociation" directorySegmentName="seg_0" id="73C1F892-CE40-ED6E-66CE-1E8623EF782D" containerWithKeyObject="D3DA5E91-A7F1-DB35-6C95-2E246FA676D6" localFKIndex="5A36295C-1913-9658-F0DB-A464BEA75E70" name="Usar_Petición_FK">
<createdBy>34693</createdBy>
<createdTime>2024-11-19 07:34:43 UTC</createdTime>
<generatorID>3F5F6B6A-3C53-A560-7845-38525BCF8D4E</generatorID>
<ownerDesignName>ER_corregido</ownerDesignName>
<referredTableLongName>Petición</referredTableLongName>
<deleteRule>NO ACTION</deleteRule>
<referredTableID>3D99D2D1-CDF2-19EF-E2C2-21793C12D8D8</referredTableID>
<keyObject>3B2728A4-C81F-B0A9-39BE-86F5E855FB74</keyObject>
<referredKeyID>3B2728A4-C81F-B0A9-39BE-86F5E855FB74</referredKeyID>
<mandatory>true</mandatory>
<refColNames>id_peticion</refColNames>
<transferable>true</transferable>
<rely>false</rely>
<columnDependencyConstraintGenerateInDDL>true</columnDependencyConstraintGenerateInDDL>
</FKIndexAssociation>