<?xml version = '1.0' encoding = 'UTF-8'?>
<FKIndexAssociation class="oracle.dbtools.crest.model.design.relational.FKIndexAssociation" directorySegmentName="seg_0" id="7948CB71-F6F3-3235-E0B5-F10705F3D29C" containerWithKeyObject="A3D7C7E5-4164-EA6E-5AF6-463FD71EB9CD" localFKIndex="24BE4D3E-B90C-C0AD-0BC3-FF7E7E71D432" name="Personal_Usuario_FK">
<createdBy>34693</createdBy>
<createdTime>2024-12-23 21:54:06 UTC</createdTime>
<ownerDesignName>ER_corregido</ownerDesignName>
<referredTableLongName>Usuario</referredTableLongName>
<deleteRule>NO ACTION</deleteRule>
<referredTableID>49646A22-53C5-C47C-BEED-EBE222FA9D96</referredTableID>
<keyObject>B2B50BC1-F160-F080-2B2D-00A6C92DEADF</keyObject>
<referredKeyID>B2B50BC1-F160-F080-2B2D-00A6C92DEADF</referredKeyID>
<mandatory>true</mandatory>
<refColNames>id_usuario</refColNames>
<transferable>true</transferable>
<rely>false</rely>
<columnDependencyConstraintGenerateInDDL>true</columnDependencyConstraintGenerateInDDL>
</FKIndexAssociation>