<?xml version = '1.0' encoding = 'UTF-8'?>
<FKIndexAssociation class="oracle.dbtools.crest.model.design.relational.FKIndexAssociation" directorySegmentName="seg_0" id="846AB050-813A-CE56-AC1F-9849439B3880" containerWithKeyObject="9E220C7E-1718-0528-8D1E-FA970ED44705" localFKIndex="FF939EAD-5B72-1F42-2E35-7FB77F20CDB5" name="Empresa_cliente_Personal_FK">
<createdBy>34693</createdBy>
<createdTime>2024-11-19 08:44:02 UTC</createdTime>
<generatorID>AC057FA5-F88A-2347-5D66-E00CAD295714</generatorID>
<ownerDesignName>ER_corregido</ownerDesignName>
<referredTableLongName>Personal</referredTableLongName>
<deleteRule>NO ACTION</deleteRule>
<referredTableID>A3D7C7E5-4164-EA6E-5AF6-463FD71EB9CD</referredTableID>
<keyObject>85B6986E-2E7E-EC20-0C7F-3612C64A2604</keyObject>
<referredKeyID>85B6986E-2E7E-EC20-0C7F-3612C64A2604</referredKeyID>
<mandatory>true</mandatory>
<refColNames>id_personal</refColNames>
<transferable>true</transferable>
<rely>false</rely>
<columnDependencyConstraintGenerateInDDL>true</columnDependencyConstraintGenerateInDDL>
</FKIndexAssociation>