<?xml version = '1.0' encoding = 'UTF-8'?>
<FKIndexAssociation class="oracle.dbtools.crest.model.design.relational.FKIndexAssociation" directorySegmentName="seg_0" id="8E15D847-7B29-6AFC-8560-7A1C3BED34E0" containerWithKeyObject="1A79844C-C599-2775-5C3E-2D82B5BD5286" localFKIndex="06DC53B4-99E2-0B36-EB35-9D7FADA4F34B" name="Tarea_Petición_FK">
<createdBy>34693</createdBy>
<createdTime>2024-11-19 07:34:43 UTC</createdTime>
<generatorID>C71697F3-7164-5A20-402F-1FAF18AA0594</generatorID>
<ownerDesignName>ER_corregido</ownerDesignName>
<referredTableLongName>Petición</referredTableLongName>
<deleteRule>NO ACTION</deleteRule>
<referredTableID>3D99D2D1-CDF2-19EF-E2C2-21793C12D8D8</referredTableID>
<keyObject>3B2728A4-C81F-B0A9-39BE-86F5E855FB74</keyObject>
<referredKeyID>3B2728A4-C81F-B0A9-39BE-86F5E855FB74</referredKeyID>
<mandatory>true</mandatory>
<refColNames>id_peticion</refColNames>
<transferable>true</transferable>
<rely>false</rely>
<columnDependencyConstraintGenerateInDDL>true</columnDependencyConstraintGenerateInDDL>
</FKIndexAssociation>