<?xml version = '1.0' encoding = 'UTF-8'?>
<FKIndexAssociation class="oracle.dbtools.crest.model.design.relational.FKIndexAssociation" directorySegmentName="seg_0" id="95A950C2-A229-0311-60E7-38B90D50C71F" containerWithKeyObject="34E46C6A-DB31-0790-B575-B3A9AF966C0E" localFKIndex="3C4220C6-193A-E89A-AD2F-2B85EA3328CE" name="Usuario_Empresa_cliente_FK">
<createdBy>34693</createdBy>
<createdTime>2024-11-19 07:34:43 UTC</createdTime>
<generatorID>3D97763F-5808-2FCD-67BF-576DE0EE34DC</generatorID>
<ownerDesignName>ER_corregido</ownerDesignName>
<referredTableLongName>Empresa_cliente</referredTableLongName>
<deleteRule>NO ACTION</deleteRule>
<referredTableID>9E220C7E-1718-0528-8D1E-FA970ED44705</referredTableID>
<keyObject>D208EE73-BE45-53F5-CB90-BD4A4A004004</keyObject>
<referredKeyID>D208EE73-BE45-53F5-CB90-BD4A4A004004</referredKeyID>
<mandatory>true</mandatory>
<refColNames>id_empresa</refColNames>
<transferable>true</transferable>
<rely>false</rely>
<columnDependencyConstraintGenerateInDDL>true</columnDependencyConstraintGenerateInDDL>
</FKIndexAssociation>