<?xml version = '1.0' encoding = 'UTF-8'?>
<FKIndexAssociation class="oracle.dbtools.crest.model.design.relational.FKIndexAssociation" directorySegmentName="seg_0" id="9603A83F-4975-52D8-30F4-CD89D093A25F" containerWithKeyObject="50D425D0-28EC-1B35-2268-B1F8FCBBE59D" localFKIndex="9B9ACF13-1CF3-C150-51F0-9FA630869B47" name="Formada_Por_Elemento_SW_FK">
<createdBy>34693</createdBy>
<createdTime>2024-11-19 07:34:43 UTC</createdTime>
<generatorID>9006DFCE-455A-13CF-3BC0-AB1314D172B1</generatorID>
<ownerDesignName>ER_corregido</ownerDesignName>
<referredTableLongName>Elemento_Software</referredTableLongName>
<deleteRule>NO ACTION</deleteRule>
<referredTableID>5AA54B11-F807-D0D4-E3D8-0AA64E00D7BF</referredTableID>
<keyObject>E2FF924F-503A-0B9F-3544-29D77BCFC103</keyObject>
<referredKeyID>E2FF924F-503A-0B9F-3544-29D77BCFC103</referredKeyID>
<mandatory>true</mandatory>
<refColNames>id_elementoSW</refColNames>
<transferable>true</transferable>
<rely>false</rely>
<columnDependencyConstraintGenerateInDDL>true</columnDependencyConstraintGenerateInDDL>
</FKIndexAssociation>