<?xml version = '1.0' encoding = 'UTF-8'?>
<FKIndexAssociation class="oracle.dbtools.crest.model.design.relational.FKIndexAssociation" directorySegmentName="seg_0" id="9A0ACEDD-0F98-8200-C616-80FA4BB91370" containerWithKeyObject="3D99D2D1-CDF2-19EF-E2C2-21793C12D8D8" localFKIndex="02BE67CA-90FE-86B2-9ECC-CC2E8DEAB8A4" name="Petición_Técnico_FK">
<createdBy>34693</createdBy>
<createdTime>2024-11-19 07:34:43 UTC</createdTime>
<generatorID>489A9D05-4143-2953-4F90-F5C7C2B40817</generatorID>
<ownerDesignName>ER_corregido</ownerDesignName>
<referredTableLongName>Técnico</referredTableLongName>
<deleteRule>NO ACTION</deleteRule>
<referredTableID>47590D75-B486-47DD-0941-572F77980714</referredTableID>
<keyObject>55B70179-346C-A9E2-8720-E131225ED5AE</keyObject>
<referredKeyID>55B70179-346C-A9E2-8720-E131225ED5AE</referredKeyID>
<mandatory>false</mandatory>
<refColNames>id_personal</refColNames>
<transferable>true</transferable>
<rely>false</rely>
<columnDependencyConstraintGenerateInDDL>true</columnDependencyConstraintGenerateInDDL>
</FKIndexAssociation>