<?xml version = '1.0' encoding = 'UTF-8'?>
<FKIndexAssociation class="oracle.dbtools.crest.model.design.relational.FKIndexAssociation" directorySegmentName="seg_0" id="9FE36C5F-1541-0FE5-3990-463390CA10A8" containerWithKeyObject="5067960C-EDB7-104E-DDEB-58E9355FF1C1" localFKIndex="193D5C26-83FF-D2ED-243F-55E0DDD65322" name="Llama_a_Programa_FK">
<createdBy>34693</createdBy>
<createdTime>2024-11-19 07:34:43 UTC</createdTime>
<generatorID>B74D5EDD-D0EF-7A62-542F-1D4DC1ECE20D</generatorID>
<ownerDesignName>ER_corregido</ownerDesignName>
<referredTableLongName>Programa</referredTableLongName>
<deleteRule>NO ACTION</deleteRule>
<referredTableID>F5045ADB-C9CA-2879-517D-1ECCD8079E65</referredTableID>
<keyObject>21120D13-4C7D-E394-0B54-D56AD8232043</keyObject>
<referredKeyID>21120D13-4C7D-E394-0B54-D56AD8232043</referredKeyID>
<mandatory>true</mandatory>
<refColNames>id_elementoSW</refColNames>
<transferable>true</transferable>
<rely>false</rely>
<columnDependencyConstraintGenerateInDDL>true</columnDependencyConstraintGenerateInDDL>
</FKIndexAssociation>