<?xml version = '1.0' encoding = 'UTF-8'?>
<FKIndexAssociation class="oracle.dbtools.crest.model.design.relational.FKIndexAssociation" directorySegmentName="seg_0" id="AC4A188F-3093-2B1C-32BC-C6F3A1BE6390" containerWithKeyObject="41EC7584-6AE6-D8F7-593D-1BD314F77765" localFKIndex="75563176-76AC-9CEA-643E-D14EEB2B3BF4" name="Aplicación_Proyecto_FK">
<createdBy>34693</createdBy>
<createdTime>2024-11-19 07:34:43 UTC</createdTime>
<generatorID>F129D8E8-351D-B039-830F-47AC519DC453</generatorID>
<ownerDesignName>ER_corregido</ownerDesignName>
<referredTableLongName>Proyecto</referredTableLongName>
<deleteRule>NO ACTION</deleteRule>
<referredTableID>4DCA5797-D874-9A4B-58F4-8216BB3EAEEE</referredTableID>
<keyObject>F2BB1306-7FD5-27CC-ED33-3D3184C50244</keyObject>
<referredKeyID>F2BB1306-7FD5-27CC-ED33-3D3184C50244</referredKeyID>
<mandatory>true</mandatory>
<refColNames>id_proyecto</refColNames>
<transferable>true</transferable>
<rely>false</rely>
<columnDependencyConstraintGenerateInDDL>true</columnDependencyConstraintGenerateInDDL>
</FKIndexAssociation>