<?xml version = '1.0' encoding = 'UTF-8'?>
<FKIndexAssociation class="oracle.dbtools.crest.model.design.relational.FKIndexAssociation" directorySegmentName="seg_0" id="BABD696B-FA8C-E346-B242-994ECFE51803" containerWithKeyObject="A3E838E5-AA23-35B3-6C2A-8DC5475EA9C3" localFKIndex="191F7EA3-A321-8A49-9F56-1FF3D292E99C" name="Usarv1_Dato_FK">
<createdBy>34693</createdBy>
<createdTime>2024-11-19 07:34:43 UTC</createdTime>
<generatorID>9646A9C1-6AC4-17A7-CA29-1388CF25F6CF</generatorID>
<ownerDesignName>ER_corregido</ownerDesignName>
<referredTableLongName>Dato</referredTableLongName>
<deleteRule>NO ACTION</deleteRule>
<referredTableID>7650A3A5-487D-02B4-CB10-B767E1E7F5CA</referredTableID>
<keyObject>24D17538-DC52-2A36-AE7B-549FCDE6FB26</keyObject>
<referredKeyID>24D17538-DC52-2A36-AE7B-549FCDE6FB26</referredKeyID>
<mandatory>true</mandatory>
<refColNames>id_elementoSW</refColNames>
<transferable>true</transferable>
<rely>false</rely>
<columnDependencyConstraintGenerateInDDL>true</columnDependencyConstraintGenerateInDDL>
</FKIndexAssociation>