<?xml version = '1.0' encoding = 'UTF-8'?>
<FKIndexAssociation class="oracle.dbtools.crest.model.design.relational.FKIndexAssociation" directorySegmentName="seg_0" id="C1579AB2-08F5-A49D-12F4-C44DE2E44C61" containerWithKeyObject="3D99D2D1-CDF2-19EF-E2C2-21793C12D8D8" localFKIndex="69EA4BF1-A9FE-BD32-7E04-8F1444634DAE" name="Petición_Usuario_FK">
<createdBy>34693</createdBy>
<createdTime>2024-11-19 07:34:43 UTC</createdTime>
<generatorID>42D8613D-A898-C018-E0A1-30FD3089B88E</generatorID>
<ownerDesignName>ER_corregido</ownerDesignName>
<referredTableLongName>Usuario</referredTableLongName>
<deleteRule>NO ACTION</deleteRule>
<referredTableID>34E46C6A-DB31-0790-B575-B3A9AF966C0E</referredTableID>
<keyObject>D4E680E7-0F7D-4F30-B7CF-93534D115CD6</keyObject>
<referredKeyID>D4E680E7-0F7D-4F30-B7CF-93534D115CD6</referredKeyID>
<mandatory>false</mandatory>
<refColNames>id_usuario</refColNames>
<transferable>true</transferable>
<rely>false</rely>
<columnDependencyConstraintGenerateInDDL>true</columnDependencyConstraintGenerateInDDL>
</FKIndexAssociation>