<?xml version = '1.0' encoding = 'UTF-8'?>
<FKIndexAssociation class="oracle.dbtools.crest.model.design.relational.FKIndexAssociation" directorySegmentName="seg_0" id="C2408434-4F56-46CC-BC2C-48997C56040E" containerWithKeyObject="50D425D0-28EC-1B35-2268-B1F8FCBBE59D" localFKIndex="91222E86-6DD8-5A62-7EDF-808FAF0191DD" name="Formada_Por_Aplicación_FK">
<createdBy>34693</createdBy>
<createdTime>2024-11-19 07:34:43 UTC</createdTime>
<generatorID>9006DFCE-455A-13CF-3BC0-AB1314D172B1</generatorID>
<ownerDesignName>ER_corregido</ownerDesignName>
<referredTableLongName>Aplicación</referredTableLongName>
<deleteRule>NO ACTION</deleteRule>
<referredTableID>41EC7584-6AE6-D8F7-593D-1BD314F77765</referredTableID>
<keyObject>B9800854-ECD5-B409-D255-94B97348268A</keyObject>
<referredKeyID>B9800854-ECD5-B409-D255-94B97348268A</referredKeyID>
<mandatory>true</mandatory>
<refColNames>id_aplicacion</refColNames>
<transferable>true</transferable>
<rely>false</rely>
<columnDependencyConstraintGenerateInDDL>true</columnDependencyConstraintGenerateInDDL>
</FKIndexAssociation>