<?xml version = '1.0' encoding = 'UTF-8'?>
<FKIndexAssociation class="oracle.dbtools.crest.model.design.relational.FKIndexAssociation" directorySegmentName="seg_0" id="C4A446A1-431E-DE5E-AB9E-FEA2C785ADE8" containerWithKeyObject="AC7CC0DA-29C8-8364-13C6-CD7BFFBBEC40" localFKIndex="33444227-3010-A448-94BD-6072B3EBFDDD" name="Documento_Elemento_Software_FK">
<createdBy>34693</createdBy>
<createdTime>2024-11-19 08:20:50 UTC</createdTime>
<generatorID>0C74823F-775C-ECA6-28C1-63472114B102</generatorID>
<ownerDesignName>ER_corregido</ownerDesignName>
<referredTableLongName>Elemento_Software</referredTableLongName>
<deleteRule>NO ACTION</deleteRule>
<referredTableID>5AA54B11-F807-D0D4-E3D8-0AA64E00D7BF</referredTableID>
<keyObject>E2FF924F-503A-0B9F-3544-29D77BCFC103</keyObject>
<referredKeyID>E2FF924F-503A-0B9F-3544-29D77BCFC103</referredKeyID>
<mandatory>true</mandatory>
<refColNames>id_elementoSW</refColNames>
<transferable>true</transferable>
<rely>false</rely>
<columnDependencyConstraintGenerateInDDL>true</columnDependencyConstraintGenerateInDDL>
</FKIndexAssociation>