<?xml version = '1.0' encoding = 'UTF-8'?>
<FKIndexAssociation class="oracle.dbtools.crest.model.design.relational.FKIndexAssociation" directorySegmentName="seg_0" id="CA4DD3FB-701D-2E6E-EFED-88EA2D158968" containerWithKeyObject="F5045ADB-C9CA-2879-517D-1ECCD8079E65" localFKIndex="5363E7C4-BCA1-9AE0-8F43-33475B5216AE" name="Programa_Documento_FK">
<createdBy>34693</createdBy>
<createdTime>2024-11-19 07:34:43 UTC</createdTime>
<generatorID>9CF8D4AC-C7A4-3709-2761-A16792F3A20A</generatorID>
<ownerDesignName>ER_corregido</ownerDesignName>
<referredTableLongName>Documento</referredTableLongName>
<deleteRule>NO ACTION</deleteRule>
<referredTableID>AC7CC0DA-29C8-8364-13C6-CD7BFFBBEC40</referredTableID>
<keyObject>AF8FD599-63A4-C7AA-2F6C-675D8254C949</keyObject>
<referredKeyID>AF8FD599-63A4-C7AA-2F6C-675D8254C949</referredKeyID>
<mandatory>true</mandatory>
<refColNames>id_elementoSW</refColNames>
<transferable>true</transferable>
<rely>false</rely>
<columnDependencyConstraintGenerateInDDL>true</columnDependencyConstraintGenerateInDDL>
</FKIndexAssociation>