<?xml version = '1.0' encoding = 'UTF-8'?>
<FKIndexAssociation class="oracle.dbtools.crest.model.design.relational.FKIndexAssociation" directorySegmentName="seg_0" id="CF1A379C-1499-5C25-EB6C-80856C176B8E" containerWithKeyObject="34E46C6A-DB31-0790-B575-B3A9AF966C0E" localFKIndex="96ADCC77-0CA2-41DC-97E3-9F8A9AB8541C" name="Usuario_Cliente_Usuario_FK">
<createdBy>34693</createdBy>
<createdTime>2024-12-23 21:54:18 UTC</createdTime>
<ownerDesignName>ER_corregido</ownerDesignName>
<referredTableLongName>Usuario</referredTableLongName>
<deleteRule>NO ACTION</deleteRule>
<referredTableID>49646A22-53C5-C47C-BEED-EBE222FA9D96</referredTableID>
<keyObject>B2B50BC1-F160-F080-2B2D-00A6C92DEADF</keyObject>
<referredKeyID>B2B50BC1-F160-F080-2B2D-00A6C92DEADF</referredKeyID>
<mandatory>true</mandatory>
<refColNames>id_usuario</refColNames>
<transferable>true</transferable>
<rely>false</rely>
<columnDependencyConstraintGenerateInDDL>true</columnDependencyConstraintGenerateInDDL>
</FKIndexAssociation>