<?xml version = '1.0' encoding = 'UTF-8'?>
<FKIndexAssociation class="oracle.dbtools.crest.model.design.relational.FKIndexAssociation" directorySegmentName="seg_0" id="D09EB29E-9F98-AB08-1F26-8E7BA0148892" containerWithKeyObject="F5045ADB-C9CA-2879-517D-1ECCD8079E65" localFKIndex="CEA18D71-B676-EEB9-8EA0-64A13EAB2FBD" name="Programa_Elemento_Software_FK">
<createdBy>34693</createdBy>
<createdTime>2024-11-19 08:21:46 UTC</createdTime>
<generatorID>0C74823F-775C-ECA6-28C1-63472114B102</generatorID>
<ownerDesignName>ER_corregido</ownerDesignName>
<referredTableLongName>Elemento_Software</referredTableLongName>
<deleteRule>NO ACTION</deleteRule>
<referredTableID>5AA54B11-F807-D0D4-E3D8-0AA64E00D7BF</referredTableID>
<keyObject>E2FF924F-503A-0B9F-3544-29D77BCFC103</keyObject>
<referredKeyID>E2FF924F-503A-0B9F-3544-29D77BCFC103</referredKeyID>
<mandatory>true</mandatory>
<refColNames>id_elementoSW</refColNames>
<transferable>true</transferable>
<rely>false</rely>
<columnDependencyConstraintGenerateInDDL>true</columnDependencyConstraintGenerateInDDL>
</FKIndexAssociation>