<?xml version = '1.0' encoding = 'UTF-8'?>
<FKIndexAssociation class="oracle.dbtools.crest.model.design.relational.FKIndexAssociation" directorySegmentName="seg_0" id="D1860F6B-379D-3676-DE1A-6AAA33A94BC1" containerWithKeyObject="1252C578-97CB-74D7-102D-F71BBEB215A1" localFKIndex="D712ECAE-5CBF-6090-286F-FA0F790DF507" name="Utiliza_Aplicación_FK">
<createdBy>34693</createdBy>
<createdTime>2024-11-19 07:34:43 UTC</createdTime>
<generatorID>06FE5C14-B3FF-BDF4-6BDB-35314124C468</generatorID>
<ownerDesignName>ER_corregido</ownerDesignName>
<referredTableLongName>Aplicación</referredTableLongName>
<deleteRule>NO ACTION</deleteRule>
<referredTableID>41EC7584-6AE6-D8F7-593D-1BD314F77765</referredTableID>
<keyObject>B9800854-ECD5-B409-D255-94B97348268A</keyObject>
<referredKeyID>B9800854-ECD5-B409-D255-94B97348268A</referredKeyID>
<mandatory>true</mandatory>
<refColNames>id_aplicacion</refColNames>
<transferable>true</transferable>
<rely>false</rely>
<columnDependencyConstraintGenerateInDDL>true</columnDependencyConstraintGenerateInDDL>
</FKIndexAssociation>