<?xml version = '1.0' encoding = 'UTF-8'?>
<FKIndexAssociation class="oracle.dbtools.crest.model.design.relational.FKIndexAssociation" directorySegmentName="seg_0" id="D332A880-3CAB-2521-471D-6DF31A27685B" containerWithKeyObject="09E03E76-EF6B-44F9-1C7F-A63BE42432DB" localFKIndex="58A35416-7218-CB6B-3480-E7FCD70FCD09" name="Realiza_Tarea_FK">
<createdBy>34693</createdBy>
<createdTime>2024-11-19 07:34:43 UTC</createdTime>
<generatorID>4896A302-5A3B-8708-ED42-F1CBBB6BDFD5</generatorID>
<ownerDesignName>ER_corregido</ownerDesignName>
<referredTableLongName>Tarea</referredTableLongName>
<deleteRule>NO ACTION</deleteRule>
<referredTableID>1A79844C-C599-2775-5C3E-2D82B5BD5286</referredTableID>
<keyObject>42DFE724-4A99-CBE5-43A5-27A8746B54C1</keyObject>
<referredKeyID>42DFE724-4A99-CBE5-43A5-27A8746B54C1</referredKeyID>
<mandatory>true</mandatory>
<refColNames>id_tarea</refColNames>
<transferable>true</transferable>
<rely>false</rely>
<columnDependencyConstraintGenerateInDDL>true</columnDependencyConstraintGenerateInDDL>
</FKIndexAssociation>