<?xml version = '1.0' encoding = 'UTF-8'?>
<FKIndexAssociation class="oracle.dbtools.crest.model.design.relational.FKIndexAssociation" directorySegmentName="seg_0" id="D9F383CA-8A6D-9B1C-CA72-51F03CC165E0" containerWithKeyObject="3D99D2D1-CDF2-19EF-E2C2-21793C12D8D8" localFKIndex="F3FBD7E2-C55B-44FE-DE1D-FE27D37CEAA9" name="Petición_Aplicación_FK">
<createdBy>34693</createdBy>
<createdTime>2024-11-19 07:34:43 UTC</createdTime>
<generatorID>1A591AD2-416A-A9BB-4A2D-1B7C557A8515</generatorID>
<ownerDesignName>ER_corregido</ownerDesignName>
<referredTableLongName>Aplicación</referredTableLongName>
<deleteRule>NO ACTION</deleteRule>
<referredTableID>41EC7584-6AE6-D8F7-593D-1BD314F77765</referredTableID>
<keyObject>B9800854-ECD5-B409-D255-94B97348268A</keyObject>
<referredKeyID>B9800854-ECD5-B409-D255-94B97348268A</referredKeyID>
<mandatory>true</mandatory>
<refColNames>id_aplicacion</refColNames>
<transferable>true</transferable>
<rely>false</rely>
<columnDependencyConstraintGenerateInDDL>true</columnDependencyConstraintGenerateInDDL>
</FKIndexAssociation>