<?xml version = '1.0' encoding = 'UTF-8'?>
<FKIndexAssociation class="oracle.dbtools.crest.model.design.relational.FKIndexAssociation" directorySegmentName="seg_0" id="EA5DF84E-DA01-7932-0B0D-B690CD8A27D2" containerWithKeyObject="41EC7584-6AE6-D8F7-593D-1BD314F77765" localFKIndex="E0C7DDD8-FEA9-8D31-EC8A-716C2B5B5BE2" name="Aplicación_Usuario_FK">
<createdBy>34693</createdBy>
<createdTime>2024-11-19 07:34:43 UTC</createdTime>
<generatorID>2D33707B-461C-4BE2-456C-CCB62A44B6BA</generatorID>
<ownerDesignName>ER_corregido</ownerDesignName>
<referredTableLongName>Usuario</referredTableLongName>
<deleteRule>NO ACTION</deleteRule>
<referredTableID>34E46C6A-DB31-0790-B575-B3A9AF966C0E</referredTableID>
<keyObject>D4E680E7-0F7D-4F30-B7CF-93534D115CD6</keyObject>
<referredKeyID>D4E680E7-0F7D-4F30-B7CF-93534D115CD6</referredKeyID>
<mandatory>true</mandatory>
<refColNames>id_usuario</refColNames>
<transferable>true</transferable>
<rely>false</rely>
<columnDependencyConstraintGenerateInDDL>true</columnDependencyConstraintGenerateInDDL>
</FKIndexAssociation>