<?xml version = '1.0' encoding = 'UTF-8'?>
<FKIndexAssociation class="oracle.dbtools.crest.model.design.relational.FKIndexAssociation" directorySegmentName="seg_0" id="EC2DEFD4-5EB4-0DC3-E415-A6E037F48A82" containerWithKeyObject="34E46C6A-DB31-0790-B575-B3A9AF966C0E" localFKIndex="BF1C588E-7AA2-55E0-C716-11D27EC926FD" name="Usuario_Cliente_Usuario_FK">
<createdBy>34693</createdBy>
<createdTime>2024-11-19 12:00:19 UTC</createdTime>
<ownerDesignName>ER_corregido</ownerDesignName>
<referredTableLongName>Usuario</referredTableLongName>
<deleteRule>NO ACTION</deleteRule>
<referredTableID>49646A22-53C5-C47C-BEED-EBE222FA9D96</referredTableID>
<keyObject>B2B50BC1-F160-F080-2B2D-00A6C92DEADF</keyObject>
<referredKeyID>B2B50BC1-F160-F080-2B2D-00A6C92DEADF</referredKeyID>
<mandatory>true</mandatory>
<refColNames>Nombre</refColNames>
<transferable>true</transferable>
<rely>false</rely>
<columnDependencyConstraintGenerateInDDL>true</columnDependencyConstraintGenerateInDDL>
</FKIndexAssociation>