<?xml version = '1.0' encoding = 'UTF-8'?>
<FKIndexAssociation class="oracle.dbtools.crest.model.design.relational.FKIndexAssociation" directorySegmentName="seg_0" id="FBD62095-AD76-6032-9FB9-0BF13C2D72DA" containerWithKeyObject="5AA54B11-F807-D0D4-E3D8-0AA64E00D7BF" localFKIndex="D544B165-B2D1-0013-7ED1-AA8ED5518025" name="Elemento_SW_Elemento_SW_FK">
<createdBy>34693</createdBy>
<createdTime>2024-12-23 21:57:58 UTC</createdTime>
<generatorID>0C74823F-775C-ECA6-28C1-63472114B102</generatorID>
<ownerDesignName>ER_corregido</ownerDesignName>
<referredTableLongName>Elemento_Software</referredTableLongName>
<deleteRule>NO ACTION</deleteRule>
<referredTableID>5AA54B11-F807-D0D4-E3D8-0AA64E00D7BF</referredTableID>
<keyObject>E2FF924F-503A-0B9F-3544-29D77BCFC103</keyObject>
<referredKeyID>E2FF924F-503A-0B9F-3544-29D77BCFC103</referredKeyID>
<mandatory>false</mandatory>
<refColNames>id_elementoSW</refColNames>
<transferable>true</transferable>
<rely>false</rely>
<columnDependencyConstraintGenerateInDDL>true</columnDependencyConstraintGenerateInDDL>
</FKIndexAssociation>