<?xml version = '1.0' encoding = 'UTF-8'?>
<FKIndexAssociation class="oracle.dbtools.crest.model.design.relational.FKIndexAssociation" directorySegmentName="seg_0" id="FBF36FAD-A877-6A4D-3E0E-138D88B4AD83" containerWithKeyObject="4DCA5797-D874-9A4B-58F4-8216BB3EAEEE" localFKIndex="D7395CC2-731E-E9F7-F8BE-07AEFE4E823F" name="Proyecto_Técnico_FK">
<createdBy>34693</createdBy>
<createdTime>2024-11-19 07:34:43 UTC</createdTime>
<generatorID>835CDE9F-9EC1-6D49-23A1-740FCCC6977A</generatorID>
<ownerDesignName>ER_corregido</ownerDesignName>
<referredTableLongName>Técnico</referredTableLongName>
<deleteRule>NO ACTION</deleteRule>
<referredTableID>47590D75-B486-47DD-0941-572F77980714</referredTableID>
<keyObject>55B70179-346C-A9E2-8720-E131225ED5AE</keyObject>
<referredKeyID>55B70179-346C-A9E2-8720-E131225ED5AE</referredKeyID>
<mandatory>false</mandatory>
<refColNames>id_personal</refColNames>
<transferable>true</transferable>
<rely>false</rely>
<columnDependencyConstraintGenerateInDDL>true</columnDependencyConstraintGenerateInDDL>
</FKIndexAssociation>