<?xml version = '1.0' encoding = 'UTF-8'?>
<Diagram class="oracle.dbtools.crest.swingui.logical.DPVLogical" name="Logical" id="F47FFB93-6E5E-5C25-A3D5-3B6569BE5F82">
<createdBy>Iker Manzano</createdBy>
<modifiedBy>Iker Manzano</modifiedBy>
<createdTime>2024-10-21 08:32:38 UTC</createdTime>
<autoRoute>false</autoRoute>
<boxInbox>false</boxInbox>
<showLegend>false</showLegend>
<showLabels>false</showLabels>
<showRelAttributes>true</showRelAttributes>
<gridEnabled>false</gridEnabled>
<showGrid>true</showGrid>
<diagramColor>-1</diagramColor>
<display>false</display>
<notation>1</notation>
<showAllDetails>false</showAllDetails>
<showElements>true</showElements>
<objectViews>
<OView class="oracle.dbtools.crest.swingui.logical.TVEntity" oid="01B98D93-31E2-0325-8158-E8D90CDBA87E" otype="Entity" vid="A387A288-AB77-63D9-1525-C6F5E359B754">
<hideElementsInCurrentOnly>false</hideElementsInCurrentOnly>
<bounds x="231" y="694" width="151" height="127"/>
</OView>
<OView class="oracle.dbtools.crest.swingui.logical.TVEntity" oid="0555620A-B3D2-4634-1850-27AC15A510F3" otype="Entity" vid="C6F2B812-676F-880C-D980-147EC35B5156">
<hideElementsInCurrentOnly>false</hideElementsInCurrentOnly>
<bounds x="1083" y="440" width="199" height="135"/>
</OView>
<OView class="oracle.dbtools.crest.swingui.logical.TVEntity" oid="0E0A3873-136A-298E-4900-D69CFC480F07" otype="Entity" vid="E12D38E7-07E8-35BE-9528-C4892F606B9B">
<hideElementsInCurrentOnly>false</hideElementsInCurrentOnly>
<bounds x="46" y="232" width="170" height="110"/>
</OView>
<OView class="oracle.dbtools.crest.swingui.logical.TVEntity" oid="114E2181-39D8-2A98-60F8-9364F241353E" otype="Entity" vid="DD4366FB-2CB9-803A-03F6-AA504B0BDDF6">
<hideElementsInCurrentOnly>false</hideElementsInCurrentOnly>
<bounds x="1110" y="232" width="103" height="64"/>
</OView>
<OView class="oracle.dbtools.crest.swingui.logical.TVEntity" oid="192F002C-E63B-5386-F8DC-A27DC101FE57" otype="Entity" vid="CF2DD752-1478-21FE-D908-EF4833C6F9EA">
<hideElementsInCurrentOnly>false</hideElementsInCurrentOnly>
<bounds x="384" y="250" width="171" height="110"/>
</OView>
<OView class="oracle.dbtools.crest.swingui.logical.TVEntity" oid="2D994F20-2C3D-9549-4C66-9F660870C3C2" otype="Entity" vid="D7883D9D-AFF7-F124-C0B1-9B88B5909E8B">
<hideElementsInCurrentOnly>false</hideElementsInCurrentOnly>
<bounds x="384" y="31" width="170" height="113"/>
</OView>
<OView class="oracle.dbtools.crest.swingui.logical.TVEntity" oid="4062BD35-F18F-811F-650F-834FCB477DBC" otype="Entity" vid="994B1CAB-007C-7900-A2D2-4CA1BBC2484D">
<hideElementsInCurrentOnly>false</hideElementsInCurrentOnly>
<bounds x="1252" y="70" width="107" height="60"/>
</OView>
<OView class="oracle.dbtools.crest.swingui.logical.TVEntity" oid="43D652C4-EB1D-5B9B-7585-750465EB6812" otype="Entity" vid="98D5B4EA-0F64-37AE-0521-E01BFFAEF95A">
<hideElementsInCurrentOnly>false</hideElementsInCurrentOnly>
<bounds x="444" y="542" width="170" height="110"/>
</OView>
<OView class="oracle.dbtools.crest.swingui.logical.TVEntity" oid="7224B835-A0D2-0D44-300A-29ABC19DAC2B" otype="Entity" vid="5E21B1C2-FC46-6D16-7558-DF1435AA3940">
<hideElementsInCurrentOnly>false</hideElementsInCurrentOnly>
<bounds x="1077" y="13" width="103" height="45"/>
</OView>
<OView class="oracle.dbtools.crest.swingui.logical.TVEntity" oid="A566765B-F689-D2AA-6359-1D6C2E6F7CA2" otype="Entity" vid="161A6F41-80CC-92EC-E89A-30C24070478C">
<hideElementsInCurrentOnly>false</hideElementsInCurrentOnly>
<bounds x="816" y="38" width="170" height="113"/>
</OView>
<OView class="oracle.dbtools.crest.swingui.logical.TVEntity" oid="D0AF64D0-30EF-5AD3-0CA2-F819EACF04BF" otype="Entity" vid="111E22D7-7791-F031-2E48-752792304ECF">
<hideElementsInCurrentOnly>false</hideElementsInCurrentOnly>
<bounds x="668" y="285" width="273" height="205"/>
</OView>
<OView class="oracle.dbtools.crest.swingui.logical.TVEntity" oid="DF85F139-7B83-EA60-66D8-BF3D3A9538DF" otype="Entity" vid="8A72E1BA-92D1-763A-F71D-1268B4D25786">
<hideElementsInCurrentOnly>false</hideElementsInCurrentOnly>
<bounds x="781" y="652" width="170" height="110"/>
</OView>
<OView class="oracle.dbtools.crest.swingui.logical.TVEntity" oid="EF8BCFB9-13BE-BE1B-5E18-09DBD4D78C3C" otype="Entity" vid="9842AD3E-B91A-503C-360B-33ADBA6F2B36">
<hideElementsInCurrentOnly>false</hideElementsInCurrentOnly>
<bounds x="39" y="446" width="159" height="109"/>
</OView>
<OView class="oracle.dbtools.crest.swingui.logical.TVEntity" oid="FD55EBA4-4334-E7A3-11E3-5FB21DDFD3A2" otype="Entity" vid="4EDA66F0-3585-67D6-5C0E-E243A338806A">
<hideElementsInCurrentOnly>false</hideElementsInCurrentOnly>
<bounds x="17" y="10" width="170" height="126"/>
</OView>
</objectViews>
<connectors>
<Connector class="oracle.dbtools.crest.swingui.logical.TVRelation" oid="06FE5C14-B3FF-BDF4-6BDB-35314124C468" otype="Relation" vid_source="CF2DD752-1478-21FE-D908-EF4833C6F9EA" vid_target="D7883D9D-AFF7-F124-C0B1-9B88B5909E8B">
<hideElementsInCurrentOnly>false</hideElementsInCurrentOnly>
<backgroundColor>-16777216</backgroundColor>
<lineWidth>1</lineWidth>
<points>
<point x="469" y="250"/>
<point x="469" y="144"/>
</points>
</Connector>
<Connector class="oracle.dbtools.crest.swingui.logical.TVRelation" oid="1A591AD2-416A-A9BB-4A2D-1B7C557A8515" otype="Relation" vid_source="D7883D9D-AFF7-F124-C0B1-9B88B5909E8B" vid_target="111E22D7-7791-F031-2E48-752792304ECF">
<hideElementsInCurrentOnly>false</hideElementsInCurrentOnly>
<backgroundColor>-16777216</backgroundColor>
<lineWidth>1</lineWidth>
<points>
<point x="532" y="144"/>
<point x="689" y="285"/>
</points>
</Connector>
<Connector class="oracle.dbtools.crest.swingui.logical.TVInheritanceRelation" oid="1F253391-1A78-FC6C-6E2F-18D9007E0C68" otype="Hierarchy relation" vid_source="A387A288-AB77-63D9-1525-C6F5E359B754" vid_target="9842AD3E-B91A-503C-360B-33ADBA6F2B36">
<hideElementsInCurrentOnly>false</hideElementsInCurrentOnly>
<backgroundColor>-65536</backgroundColor>
<lineWidth>1</lineWidth>
<points>
<point x="260" y="694"/>
<point x="158" y="555"/>
</points>
</Connector>
<Connector class="oracle.dbtools.crest.swingui.logical.TVRelation" oid="2D33707B-461C-4BE2-456C-CCB62A44B6BA" otype="Relation" vid_source="CF2DD752-1478-21FE-D908-EF4833C6F9EA" vid_target="D7883D9D-AFF7-F124-C0B1-9B88B5909E8B">
<hideElementsInCurrentOnly>false</hideElementsInCurrentOnly>
<backgroundColor>-16777216</backgroundColor>
<lineWidth>1</lineWidth>
<points>
<point x="484" y="250"/>
<point x="484" y="144"/>
</points>
</Connector>
<Connector class="oracle.dbtools.crest.swingui.logical.TVInheritanceRelation" oid="2FF35470-BDEB-E71A-B778-25C20F76371A" otype="Hierarchy relation" vid_source="A387A288-AB77-63D9-1525-C6F5E359B754" vid_target="98D5B4EA-0F64-37AE-0521-E01BFFAEF95A">
<hideElementsInCurrentOnly>false</hideElementsInCurrentOnly>
<backgroundColor>-65536</backgroundColor>
<lineWidth>1</lineWidth>
<points>
<point x="382" y="703"/>
<point x="452" y="652"/>
</points>
</Connector>
<Connector class="oracle.dbtools.crest.swingui.logical.TVRelation" oid="33999466-7F83-6FBC-BED1-17BFE76C8969" otype="Relation" vid_source="E12D38E7-07E8-35BE-9528-C4892F606B9B" vid_target="4EDA66F0-3585-67D6-5C0E-E243A338806A">
<hideElementsInCurrentOnly>false</hideElementsInCurrentOnly>
<backgroundColor>-16777216</backgroundColor>
<lineWidth>1</lineWidth>
<points>
<point x="116" y="232"/>
<point x="116" y="136"/>
</points>
</Connector>
<Connector class="oracle.dbtools.crest.swingui.logical.TVRelation" oid="3BBBA60B-59CE-92E3-A91A-2BAC575F51C1" otype="Relation" vid_source="98D5B4EA-0F64-37AE-0521-E01BFFAEF95A" vid_target="8A72E1BA-92D1-763A-F71D-1268B4D25786">
<hideElementsInCurrentOnly>false</hideElementsInCurrentOnly>
<backgroundColor>-16777216</backgroundColor>
<lineWidth>1</lineWidth>
<points>
<point x="614" y="652"/>
<point x="781" y="652"/>
</points>
</Connector>
<Connector class="oracle.dbtools.crest.swingui.logical.TVRelation" oid="3D97763F-5808-2FCD-67BF-576DE0EE34DC" otype="Relation" vid_source="E12D38E7-07E8-35BE-9528-C4892F606B9B" vid_target="CF2DD752-1478-21FE-D908-EF4833C6F9EA">
<hideElementsInCurrentOnly>false</hideElementsInCurrentOnly>
<backgroundColor>-16777216</backgroundColor>
<lineWidth>1</lineWidth>
<points>
<point x="216" y="296"/>
<point x="384" y="296"/>
</points>
</Connector>
<Connector class="oracle.dbtools.crest.swingui.logical.TVRelation" oid="3F5F6B6A-3C53-A560-7845-38525BCF8D4E" otype="Relation" vid_source="111E22D7-7791-F031-2E48-752792304ECF" vid_target="161A6F41-80CC-92EC-E89A-30C24070478C">
<hideElementsInCurrentOnly>false</hideElementsInCurrentOnly>
<backgroundColor>-16777216</backgroundColor>
<lineWidth>1</lineWidth>
<centerLabel class="oracle.dbtools.crest.model.design.Label">
<site>1</site>
<labelBounds x="-49" y="-31" width="49" height="30"/>
<noBackgroundColor>true</noBackgroundColor>
<noForegroundColor>true</noForegroundColor>
</centerLabel>
<points>
<point x="878" y="285"/>
<point x="878" y="151"/>
</points>
</Connector>
<Connector class="oracle.dbtools.crest.swingui.logical.TVRelation" oid="42D8613D-A898-C018-E0A1-30FD3089B88E" otype="Relation" vid_source="CF2DD752-1478-21FE-D908-EF4833C6F9EA" vid_target="111E22D7-7791-F031-2E48-752792304ECF">
<hideElementsInCurrentOnly>false</hideElementsInCurrentOnly>
<backgroundColor>-16777216</backgroundColor>
<lineWidth>1</lineWidth>
<points>
<point x="555" y="322"/>
<point x="668" y="322"/>
</points>
</Connector>
<Connector class="oracle.dbtools.crest.swingui.logical.TVRelation" oid="4896A302-5A3B-8708-ED42-F1CBBB6BDFD5" otype="Relation" vid_source="98D5B4EA-0F64-37AE-0521-E01BFFAEF95A" vid_target="C6F2B812-676F-880C-D980-147EC35B5156">
<hideElementsInCurrentOnly>false</hideElementsInCurrentOnly>
<backgroundColor>-16777216</backgroundColor>
<lineWidth>1</lineWidth>
<centerLabel class="oracle.dbtools.crest.model.design.Label">
<site>1</site>
<labelBounds x="-97" y="-51" width="97" height="50"/>
<noBackgroundColor>true</noBackgroundColor>
<noForegroundColor>true</noForegroundColor>
</centerLabel>
<points>
<point x="614" y="558"/>
<point x="1083" y="558"/>
</points>
</Connector>
<Connector class="oracle.dbtools.crest.swingui.logical.TVRelation" oid="489A9D05-4143-2953-4F90-F5C7C2B40817" otype="Relation" vid_source="98D5B4EA-0F64-37AE-0521-E01BFFAEF95A" vid_target="111E22D7-7791-F031-2E48-752792304ECF">
<hideElementsInCurrentOnly>false</hideElementsInCurrentOnly>
<backgroundColor>-16777216</backgroundColor>
<lineWidth>1</lineWidth>
<points>
<point x="601" y="542"/>
<point x="669" y="490"/>
</points>
</Connector>
<Connector class="oracle.dbtools.crest.swingui.logical.TVRelation" oid="513BA975-646A-3B52-D266-40172E26234B" otype="Relation" vid_source="9842AD3E-B91A-503C-360B-33ADBA6F2B36" vid_target="E12D38E7-07E8-35BE-9528-C4892F606B9B">
<hideElementsInCurrentOnly>false</hideElementsInCurrentOnly>
<backgroundColor>-16777216</backgroundColor>
<lineWidth>1</lineWidth>
<points>
<point x="122" y="446"/>
<point x="122" y="342"/>
</points>
</Connector>
<Connector class="oracle.dbtools.crest.swingui.logical.TVRelation" oid="6D0456B9-95E4-7698-65C4-3428BCF02EF0" otype="Relation" vid_source="DD4366FB-2CB9-803A-03F6-AA504B0BDDF6" vid_target="D7883D9D-AFF7-F124-C0B1-9B88B5909E8B">
<hideElementsInCurrentOnly>false</hideElementsInCurrentOnly>
<backgroundColor>-16777216</backgroundColor>
<lineWidth>1</lineWidth>
<points>
<point x="1110" y="250"/>
<point x="554" y="109"/>
</points>
</Connector>
<Connector class="oracle.dbtools.crest.swingui.logical.TVRelation" oid="835CDE9F-9EC1-6D49-23A1-740FCCC6977A" otype="Relation" vid_source="98D5B4EA-0F64-37AE-0521-E01BFFAEF95A" vid_target="4EDA66F0-3585-67D6-5C0E-E243A338806A">
<hideElementsInCurrentOnly>false</hideElementsInCurrentOnly>
<backgroundColor>-16777216</backgroundColor>
<lineWidth>1</lineWidth>
<points>
<point x="484" y="542"/>
<point x="153" y="136"/>
</points>
</Connector>
<Connector class="oracle.dbtools.crest.swingui.logical.TVRelation" oid="9006DFCE-455A-13CF-3BC0-AB1314D172B1" otype="Relation" vid_source="D7883D9D-AFF7-F124-C0B1-9B88B5909E8B" vid_target="161A6F41-80CC-92EC-E89A-30C24070478C">
<hideElementsInCurrentOnly>false</hideElementsInCurrentOnly>
<backgroundColor>-16777216</backgroundColor>
<lineWidth>1</lineWidth>
<points>
<point x="554" y="91"/>
<point x="816" y="91"/>
</points>
</Connector>
<Connector class="oracle.dbtools.crest.swingui.logical.TVRelation" oid="9646A9C1-6AC4-17A7-CA29-1388CF25F6CF" otype="Relation" vid_source="994B1CAB-007C-7900-A2D2-4CA1BBC2484D" vid_target="5E21B1C2-FC46-6D16-7558-DF1435AA3940">
<hideElementsInCurrentOnly>false</hideElementsInCurrentOnly>
<backgroundColor>-16777216</backgroundColor>
<lineWidth>1</lineWidth>
<points>
<point x="1252" y="80"/>
<point x="1180" y="54"/>
</points>
</Connector>
<Connector class="oracle.dbtools.crest.swingui.logical.TVRelation" oid="9CF8D4AC-C7A4-3709-2761-A16792F3A20A" otype="Relation" vid_source="DD4366FB-2CB9-803A-03F6-AA504B0BDDF6" vid_target="994B1CAB-007C-7900-A2D2-4CA1BBC2484D">
<hideElementsInCurrentOnly>false</hideElementsInCurrentOnly>
<backgroundColor>-16777216</backgroundColor>
<lineWidth>1</lineWidth>
<points>
<point x="1189" y="232"/>
<point x="1279" y="130"/>
</points>
</Connector>
<Connector class="oracle.dbtools.crest.swingui.logical.TVInheritanceRelation" oid="A23D4D2C-ACDD-0A5A-2B9E-371DBE5BBF31" otype="Hierarchy relation" vid_source="161A6F41-80CC-92EC-E89A-30C24070478C" vid_target="994B1CAB-007C-7900-A2D2-4CA1BBC2484D">
<hideElementsInCurrentOnly>false</hideElementsInCurrentOnly>
<backgroundColor>-65536</backgroundColor>
<lineWidth>1</lineWidth>
<points>
<point x="986" y="115"/>
<point x="1252" y="115"/>
</points>
</Connector>
<Connector class="oracle.dbtools.crest.swingui.logical.TVInheritanceRelation" oid="B0B6BE9B-9437-01CD-3094-9284AC2037FA" otype="Hierarchy relation" vid_source="161A6F41-80CC-92EC-E89A-30C24070478C" vid_target="5E21B1C2-FC46-6D16-7558-DF1435AA3940">
<hideElementsInCurrentOnly>false</hideElementsInCurrentOnly>
<backgroundColor>-65536</backgroundColor>
<lineWidth>1</lineWidth>
<points>
<point x="986" y="48"/>
<point x="1077" y="48"/>
</points>
</Connector>
<Connector class="oracle.dbtools.crest.swingui.logical.TVRelation" oid="B412DBA8-7FD5-A3D1-7DEC-305CD3EE724F" otype="Relation" vid_source="C6F2B812-676F-880C-D980-147EC35B5156" vid_target="161A6F41-80CC-92EC-E89A-30C24070478C">
<hideElementsInCurrentOnly>false</hideElementsInCurrentOnly>
<backgroundColor>-16777216</backgroundColor>
<lineWidth>1</lineWidth>
<points>
<point x="1136" y="440"/>
<point x="939" y="151"/>
</points>
</Connector>
<Connector class="oracle.dbtools.crest.swingui.logical.TVRelation" oid="B74D5EDD-D0EF-7A62-542F-1D4DC1ECE20D" otype="Relation" vid_source="994B1CAB-007C-7900-A2D2-4CA1BBC2484D" vid_target="994B1CAB-007C-7900-A2D2-4CA1BBC2484D">
<hideElementsInCurrentOnly>false</hideElementsInCurrentOnly>
<backgroundColor>-16777216</backgroundColor>
<lineWidth>1</lineWidth>
<points>
<point x="1359" y="101"/>
<point x="1409" y="101"/>
<point x="1410" y="156"/>
<point x="1337" y="158"/>
<point x="1337" y="130"/>
</points>
</Connector>
<Connector class="oracle.dbtools.crest.swingui.logical.TVRelation" oid="C71697F3-7164-5A20-402F-1FAF18AA0594" otype="Relation" vid_source="111E22D7-7791-F031-2E48-752792304ECF" vid_target="C6F2B812-676F-880C-D980-147EC35B5156">
<hideElementsInCurrentOnly>false</hideElementsInCurrentOnly>
<backgroundColor>-16777216</backgroundColor>
<lineWidth>1</lineWidth>
<points>
<point x="941" y="465"/>
<point x="1083" y="465"/>
</points>
</Connector>
<Connector class="oracle.dbtools.crest.swingui.logical.TVInheritanceRelation" oid="CDFAD975-28DD-B20B-88EA-1D1F1AD67A66" otype="Hierarchy relation" vid_source="161A6F41-80CC-92EC-E89A-30C24070478C" vid_target="DD4366FB-2CB9-803A-03F6-AA504B0BDDF6">
<hideElementsInCurrentOnly>false</hideElementsInCurrentOnly>
<backgroundColor>-65536</backgroundColor>
<lineWidth>1</lineWidth>
<points>
<point x="986" y="129"/>
<point x="1164" y="232"/>
</points>
</Connector>
<Connector class="oracle.dbtools.crest.swingui.logical.TVRelation" oid="F129D8E8-351D-B039-830F-47AC519DC453" otype="Relation" vid_source="4EDA66F0-3585-67D6-5C0E-E243A338806A" vid_target="D7883D9D-AFF7-F124-C0B1-9B88B5909E8B">
<hideElementsInCurrentOnly>false</hideElementsInCurrentOnly>
<backgroundColor>-16777216</backgroundColor>
<lineWidth>1</lineWidth>
<points>
<point x="187" y="83"/>
<point x="384" y="83"/>
</points>
</Connector>
<Connector class="oracle.dbtools.crest.swingui.logical.TVRelation" oid="F3EFF0D7-F68D-12CB-6BCF-D5BCE2161033" otype="Relation" vid_source="DD4366FB-2CB9-803A-03F6-AA504B0BDDF6" vid_target="5E21B1C2-FC46-6D16-7558-DF1435AA3940">
<hideElementsInCurrentOnly>false</hideElementsInCurrentOnly>
<backgroundColor>-16777216</backgroundColor>
<lineWidth>1</lineWidth>
<points>
<point x="1145" y="232"/>
<point x="1145" y="58"/>
</points>
</Connector>
</connectors>
</Diagram>