<?xml version = '1.0' encoding = 'UTF-8'?>
<Diagram class="oracle.dbtools.crest.swingui.logical.DPVLogical" name="Logical" id="F47FFB93-6E5E-5C25-A3D5-3B6569BE5F82">
<createdBy>Iker Manzano</createdBy>
<modifiedBy>Iker Manzano</modifiedBy>
<createdTime>2024-10-21 08:32:38 UTC</createdTime>
<autoRoute>false</autoRoute>
<boxInbox>false</boxInbox>
<showLegend>false</showLegend>
<showLabels>false</showLabels>
<showRelAttributes>true</showRelAttributes>
<gridEnabled>false</gridEnabled>
<showGrid>true</showGrid>
<diagramColor>-1</diagramColor>
<display>false</display>
<notation>1</notation>
<showAllDetails>false</showAllDetails>
<showElements>true</showElements>
<objectViews>
<OView class="oracle.dbtools.crest.swingui.logical.TVEntity" oid="01B98D93-31E2-0325-8158-E8D90CDBA87E" otype="Entity" vid="A387A288-AB77-63D9-1525-C6F5E359B754">
<hideElementsInCurrentOnly>false</hideElementsInCurrentOnly>
<bounds x="250" y="645" width="170" height="111"/>
</OView>
<OView class="oracle.dbtools.crest.swingui.logical.TVEntity" oid="0555620A-B3D2-4634-1850-27AC15A510F3" otype="Entity" vid="C6F2B812-676F-880C-D980-147EC35B5156">
<hideElementsInCurrentOnly>false</hideElementsInCurrentOnly>
<bounds x="1152" y="356" width="199" height="135"/>
</OView>
<OView class="oracle.dbtools.crest.swingui.logical.TVEntity" oid="0E0A3873-136A-298E-4900-D69CFC480F07" otype="Entity" vid="E12D38E7-07E8-35BE-9528-C4892F606B9B">
<hideElementsInCurrentOnly>false</hideElementsInCurrentOnly>
<bounds x="105" y="235" width="170" height="110"/>
</OView>
<OView class="oracle.dbtools.crest.swingui.logical.TVEntity" oid="192F002C-E63B-5386-F8DC-A27DC101FE57" otype="Entity" vid="CF2DD752-1478-21FE-D908-EF4833C6F9EA">
<hideElementsInCurrentOnly>false</hideElementsInCurrentOnly>
<bounds x="503" y="246" width="171" height="110"/>
</OView>
<OView class="oracle.dbtools.crest.swingui.logical.TVEntity" oid="2D994F20-2C3D-9549-4C66-9F660870C3C2" otype="Entity" vid="D7883D9D-AFF7-F124-C0B1-9B88B5909E8B">
<hideElementsInCurrentOnly>false</hideElementsInCurrentOnly>
<bounds x="820" y="59" width="170" height="113"/>
</OView>
<OView class="oracle.dbtools.crest.swingui.logical.TVEntity" oid="43D652C4-EB1D-5B9B-7585-750465EB6812" otype="Entity" vid="98D5B4EA-0F64-37AE-0521-E01BFFAEF95A">
<hideElementsInCurrentOnly>false</hideElementsInCurrentOnly>
<bounds x="358" y="424" width="170" height="110"/>
</OView>
<OView class="oracle.dbtools.crest.swingui.logical.TVEntity" oid="A566765B-F689-D2AA-6359-1D6C2E6F7CA2" otype="Entity" vid="161A6F41-80CC-92EC-E89A-30C24070478C">
<hideElementsInCurrentOnly>false</hideElementsInCurrentOnly>
<bounds x="1159" y="64" width="170" height="113"/>
</OView>
<OView class="oracle.dbtools.crest.swingui.logical.TVEntity" oid="D0AF64D0-30EF-5AD3-0CA2-F819EACF04BF" otype="Entity" vid="111E22D7-7791-F031-2E48-752792304ECF">
<hideElementsInCurrentOnly>false</hideElementsInCurrentOnly>
<bounds x="833" y="226" width="273" height="205"/>
</OView>
<OView class="oracle.dbtools.crest.swingui.logical.TVEntity" oid="EF8BCFB9-13BE-BE1B-5E18-09DBD4D78C3C" otype="Entity" vid="9842AD3E-B91A-503C-360B-33ADBA6F2B36">
<hideElementsInCurrentOnly>false</hideElementsInCurrentOnly>
<bounds x="109" y="437" width="159" height="109"/>
</OView>
<OView class="oracle.dbtools.crest.swingui.logical.TVEntity" oid="FD55EBA4-4334-E7A3-11E3-5FB21DDFD3A2" otype="Entity" vid="4EDA66F0-3585-67D6-5C0E-E243A338806A">
<hideElementsInCurrentOnly>false</hideElementsInCurrentOnly>
<bounds x="370" y="2" width="170" height="159"/>
</OView>
<OView class="oracle.dbtools.crest.swingui.logical.TVEntity" oid="FE7892B8-E1D0-16F5-975C-DF26846C0F7D" otype="Entity" vid="19507F66-4A93-B7BF-BED6-DE679F5F4C6F">
<hideElementsInCurrentOnly>false</hideElementsInCurrentOnly>
<bounds x="775" y="640" width="170" height="110"/>
</OView>
</objectViews>
<connectors>
<Connector class="oracle.dbtools.crest.swingui.logical.TVRelation" oid="06FE5C14-B3FF-BDF4-6BDB-35314124C468" otype="Relation" vid_source="CF2DD752-1478-21FE-D908-EF4833C6F9EA" vid_target="D7883D9D-AFF7-F124-C0B1-9B88B5909E8B">
<hideElementsInCurrentOnly>false</hideElementsInCurrentOnly>
<backgroundColor>-16777216</backgroundColor>
<lineWidth>1</lineWidth>
<points>
<point x="674" y="250"/>
<point x="820" y="165"/>
</points>
</Connector>
<Connector class="oracle.dbtools.crest.swingui.logical.TVRelation" oid="0FA16B23-989D-C52C-9ACF-386F9831E6E7" otype="Relation" vid_source="A387A288-AB77-63D9-1525-C6F5E359B754" vid_target="19507F66-4A93-B7BF-BED6-DE679F5F4C6F">
<hideElementsInCurrentOnly>false</hideElementsInCurrentOnly>
<backgroundColor>-16777216</backgroundColor>
<lineWidth>1</lineWidth>
<points>
<point x="420" y="697"/>
<point x="775" y="697"/>
</points>
</Connector>
<Connector class="oracle.dbtools.crest.swingui.logical.TVRelation" oid="1A591AD2-416A-A9BB-4A2D-1B7C557A8515" otype="Relation" vid_source="D7883D9D-AFF7-F124-C0B1-9B88B5909E8B" vid_target="111E22D7-7791-F031-2E48-752792304ECF">
<hideElementsInCurrentOnly>false</hideElementsInCurrentOnly>
<backgroundColor>-16777216</backgroundColor>
<lineWidth>1</lineWidth>
<points>
<point x="911" y="172"/>
<point x="911" y="226"/>
</points>
</Connector>
<Connector class="oracle.dbtools.crest.swingui.logical.TVInheritanceRelation" oid="1F253391-1A78-FC6C-6E2F-18D9007E0C68" otype="Hierarchy relation" vid_source="A387A288-AB77-63D9-1525-C6F5E359B754" vid_target="9842AD3E-B91A-503C-360B-33ADBA6F2B36">
<hideElementsInCurrentOnly>false</hideElementsInCurrentOnly>
<backgroundColor>-65536</backgroundColor>
<lineWidth>1</lineWidth>
<points>
<point x="259" y="645"/>
<point x="259" y="546"/>
</points>
</Connector>
<Connector class="oracle.dbtools.crest.swingui.logical.TVInheritanceRelation" oid="2FF35470-BDEB-E71A-B778-25C20F76371A" otype="Hierarchy relation" vid_source="A387A288-AB77-63D9-1525-C6F5E359B754" vid_target="98D5B4EA-0F64-37AE-0521-E01BFFAEF95A">
<hideElementsInCurrentOnly>false</hideElementsInCurrentOnly>
<backgroundColor>-65536</backgroundColor>
<lineWidth>1</lineWidth>
<points>
<point x="389" y="645"/>
<point x="389" y="534"/>
</points>
</Connector>
<Connector class="oracle.dbtools.crest.swingui.logical.TVRelation" oid="3D97763F-5808-2FCD-67BF-576DE0EE34DC" otype="Relation" vid_source="E12D38E7-07E8-35BE-9528-C4892F606B9B" vid_target="CF2DD752-1478-21FE-D908-EF4833C6F9EA">
<hideElementsInCurrentOnly>false</hideElementsInCurrentOnly>
<backgroundColor>-16777216</backgroundColor>
<lineWidth>1</lineWidth>
<points>
<point x="275" y="295"/>
<point x="503" y="295"/>
</points>
</Connector>
<Connector class="oracle.dbtools.crest.swingui.logical.TVRelation" oid="4896A302-5A3B-8708-ED42-F1CBBB6BDFD5" otype="Relation" vid_source="98D5B4EA-0F64-37AE-0521-E01BFFAEF95A" vid_target="C6F2B812-676F-880C-D980-147EC35B5156">
<hideElementsInCurrentOnly>false</hideElementsInCurrentOnly>
<backgroundColor>-16777216</backgroundColor>
<lineWidth>1</lineWidth>
<points>
<point x="528" y="457"/>
<point x="1152" y="457"/>
</points>
</Connector>
<Connector class="oracle.dbtools.crest.swingui.logical.TVRelation" oid="489A9D05-4143-2953-4F90-F5C7C2B40817" otype="Relation" vid_source="98D5B4EA-0F64-37AE-0521-E01BFFAEF95A" vid_target="111E22D7-7791-F031-2E48-752792304ECF">
<hideElementsInCurrentOnly>false</hideElementsInCurrentOnly>
<backgroundColor>-16777216</backgroundColor>
<lineWidth>1</lineWidth>
<points>
<point x="528" y="427"/>
<point x="833" y="427"/>
</points>
</Connector>
<Connector class="oracle.dbtools.crest.swingui.logical.TVRelation" oid="513BA975-646A-3B52-D266-40172E26234B" otype="Relation" vid_source="9842AD3E-B91A-503C-360B-33ADBA6F2B36" vid_target="E12D38E7-07E8-35BE-9528-C4892F606B9B">
<hideElementsInCurrentOnly>false</hideElementsInCurrentOnly>
<backgroundColor>-16777216</backgroundColor>
<lineWidth>1</lineWidth>
<points>
<point x="188" y="437"/>
<point x="188" y="345"/>
</points>
</Connector>
<Connector class="oracle.dbtools.crest.swingui.logical.TVRelation" oid="59E24CB6-2825-815D-FC99-C7CBAD1999FC" otype="Relation" vid_source="CF2DD752-1478-21FE-D908-EF4833C6F9EA" vid_target="111E22D7-7791-F031-2E48-752792304ECF">
<hideElementsInCurrentOnly>false</hideElementsInCurrentOnly>
<backgroundColor>-16777216</backgroundColor>
<lineWidth>1</lineWidth>
<points>
<point x="674" y="301"/>
<point x="833" y="301"/>
</points>
</Connector>
<Connector class="oracle.dbtools.crest.swingui.logical.TVRelation" oid="6D05A7C2-8D78-2FE9-AAFC-B7586684EEDC" otype="Relation" vid_source="19507F66-4A93-B7BF-BED6-DE679F5F4C6F" vid_target="A387A288-AB77-63D9-1525-C6F5E359B754">
<hideElementsInCurrentOnly>false</hideElementsInCurrentOnly>
<backgroundColor>-16777216</backgroundColor>
<lineWidth>1</lineWidth>
<points>
<point x="775" y="712"/>
<point x="420" y="712"/>
</points>
</Connector>
<Connector class="oracle.dbtools.crest.swingui.logical.TVRelation" oid="835CDE9F-9EC1-6D49-23A1-740FCCC6977A" otype="Relation" vid_source="98D5B4EA-0F64-37AE-0521-E01BFFAEF95A" vid_target="4EDA66F0-3585-67D6-5C0E-E243A338806A">
<hideElementsInCurrentOnly>false</hideElementsInCurrentOnly>
<backgroundColor>-16777216</backgroundColor>
<lineWidth>1</lineWidth>
<points>
<point x="449" y="424"/>
<point x="449" y="161"/>
</points>
</Connector>
<Connector class="oracle.dbtools.crest.swingui.logical.TVRelation" oid="9006DFCE-455A-13CF-3BC0-AB1314D172B1" otype="Relation" vid_source="D7883D9D-AFF7-F124-C0B1-9B88B5909E8B" vid_target="161A6F41-80CC-92EC-E89A-30C24070478C">
<hideElementsInCurrentOnly>false</hideElementsInCurrentOnly>
<backgroundColor>-16777216</backgroundColor>
<lineWidth>1</lineWidth>
<points>
<point x="990" y="118"/>
<point x="1159" y="118"/>
</points>
</Connector>
<Connector class="oracle.dbtools.crest.swingui.logical.TVRelation" oid="C71697F3-7164-5A20-402F-1FAF18AA0594" otype="Relation" vid_source="111E22D7-7791-F031-2E48-752792304ECF" vid_target="C6F2B812-676F-880C-D980-147EC35B5156">
<hideElementsInCurrentOnly>false</hideElementsInCurrentOnly>
<backgroundColor>-16777216</backgroundColor>
<lineWidth>1</lineWidth>
<points>
<point x="1106" y="393"/>
<point x="1152" y="393"/>
</points>
</Connector>
<Connector class="oracle.dbtools.crest.swingui.logical.TVRelation" oid="D5AA5519-2D01-7113-1104-6CE5744DB304" otype="Relation" vid_source="E12D38E7-07E8-35BE-9528-C4892F606B9B" vid_target="4EDA66F0-3585-67D6-5C0E-E243A338806A">
<hideElementsInCurrentOnly>false</hideElementsInCurrentOnly>
<backgroundColor>-16777216</backgroundColor>
<lineWidth>1</lineWidth>
<points>
<point x="259" y="235"/>
<point x="370" y="148"/>
</points>
</Connector>
<Connector class="oracle.dbtools.crest.swingui.logical.TVRelation" oid="DFD1118F-0271-AACE-AF00-5A3ABDCB1993" otype="Relation" vid_source="CF2DD752-1478-21FE-D908-EF4833C6F9EA" vid_target="111E22D7-7791-F031-2E48-752792304ECF">
<hideElementsInCurrentOnly>false</hideElementsInCurrentOnly>
<backgroundColor>-16777216</backgroundColor>
<lineWidth>1</lineWidth>
<points>
<point x="674" y="316"/>
<point x="833" y="316"/>
</points>
</Connector>
<Connector class="oracle.dbtools.crest.swingui.logical.TVRelation" oid="F129D8E8-351D-B039-830F-47AC519DC453" otype="Relation" vid_source="4EDA66F0-3585-67D6-5C0E-E243A338806A" vid_target="D7883D9D-AFF7-F124-C0B1-9B88B5909E8B">
<hideElementsInCurrentOnly>false</hideElementsInCurrentOnly>
<backgroundColor>-16777216</backgroundColor>
<lineWidth>1</lineWidth>
<points>
<point x="540" y="110"/>
<point x="820" y="110"/>
</points>
</Connector>
<Connector class="oracle.dbtools.crest.swingui.logical.TVRelation" oid="F203840F-47E4-CE30-55A5-3D364FD27653" otype="Relation" vid_source="161A6F41-80CC-92EC-E89A-30C24070478C" vid_target="161A6F41-80CC-92EC-E89A-30C24070478C">
<hideElementsInCurrentOnly>false</hideElementsInCurrentOnly>
<backgroundColor>-16777216</backgroundColor>
<lineWidth>1</lineWidth>
<points>
<point x="1329" y="130"/>
<point x="1354" y="130"/>
<point x="1354" y="201"/>
<point x="1259" y="201"/>
<point x="1259" y="177"/>
</points>
</Connector>
</connectors>
</Diagram>