<?xml version = '1.0' encoding = 'UTF-8'?>
<Entity class="oracle.dbtools.crest.model.design.logical.Entity" directorySegmentName="seg_0" id="01B98D93-31E2-0325-8158-E8D90CDBA87E" name="Personal">
<createdBy>Iker Manzano</createdBy>
<createdTime>2024-10-21 09:27:51 UTC</createdTime>
<ownerDesignName>DiagramaER</ownerDesignName>
<engineerTo>
<item key="A1D67CE5-04DA-F9CE-C69B-218FF8BADEEA" value="true"/>
</engineerTo>
<adequatelyNormalized>NO</adequatelyNormalized>
<expectedVolumes>0</expectedVolumes>
<fwdEngineeringStrategyName>Single Table</fwdEngineeringStrategyName>
<growthPercent>0</growthPercent>
<growthType>Year</growthType>
<maxVolumes>9999999</maxVolumes>
<minVolumes>0</minVolumes>
<normalForm>Third</normalForm>
<subtypesRefType>Arc implementation</subtypesRefType>
<attributeInherType>All atributes</attributeInherType>
<attributes itemClass="oracle.dbtools.crest.model.design.logical.Attribute">
<Attribute name="id_personal" id="934A6097-56FB-816E-2501-83F82EB8A7A4">
<createdBy>zakil</createdBy>
<createdTime>2024-10-21 17:19:45 UTC</createdTime>
<commentInRDBMS><![CDATA[identificador del personal. ]]></commentInRDBMS>
<ownerDesignName>DiagramaER</ownerDesignName>
<engineerTo>
<item key="A1D67CE5-04DA-F9CE-C69B-218FF8BADEEA" value="true"/>
</engineerTo>
<useDomainConstraints>false</useDomainConstraints>
<use>1</use>
<logicalDatatype>LOGDT011</logicalDatatype>
<ownDataTypeParameters>,,</ownDataTypeParameters>
</Attribute>
<Attribute name="nombre " id="0A4AEF1E-9803-CCEC-D092-E90BF6BDB64C">
<createdBy>zakil</createdBy>
<createdTime>2024-10-21 17:20:20 UTC</createdTime>
<ownerDesignName>DiagramaER</ownerDesignName>
<engineerTo>
<item key="A1D67CE5-04DA-F9CE-C69B-218FF8BADEEA" value="true"/>
</engineerTo>
<nullsAllowed>true</nullsAllowed>
<useDomainConstraints>false</useDomainConstraints>
<use>1</use>
<logicalDatatype>A3A3C77D-0366-9768-FF89-1C25E56881C8</logicalDatatype>
<ownDataTypeParameters>,,</ownDataTypeParameters>
</Attribute>
<Attribute name="email" id="94E102CF-AF70-2D0D-E3FA-DB1337D3A76A">
<createdBy>zakil</createdBy>
<createdTime>2024-10-21 17:20:34 UTC</createdTime>
<ownerDesignName>DiagramaER</ownerDesignName>
<engineerTo>
<item key="A1D67CE5-04DA-F9CE-C69B-218FF8BADEEA" value="true"/>
</engineerTo>
<nullsAllowed>true</nullsAllowed>
<useDomainConstraints>false</useDomainConstraints>
<use>1</use>
<logicalDatatype>A3A3C77D-0366-9768-FF89-1C25E56881C8</logicalDatatype>
<dataTypeSize>256 CHAR</dataTypeSize>
<ownDataTypeParameters>256 CHAR,,</ownDataTypeParameters>
</Attribute>
<Attribute name="telefono" id="7AB27140-50DA-0532-F229-CFF83FF55438">
<createdBy>zakil</createdBy>
<createdTime>2024-10-21 17:20:57 UTC</createdTime>
<ownerDesignName>DiagramaER</ownerDesignName>
<engineerTo>
<item key="A1D67CE5-04DA-F9CE-C69B-218FF8BADEEA" value="true"/>
</engineerTo>
<nullsAllowed>true</nullsAllowed>
<useDomainConstraints>false</useDomainConstraints>
<use>1</use>
<logicalDatatype>LOGDT037</logicalDatatype>
<dataTypeSize>9 CHAR</dataTypeSize>
<ownDataTypeParameters>9 CHAR,,</ownDataTypeParameters>
</Attribute>
<Attribute name="fecha_contratacion" id="34287431-A8DE-B0A5-E253-E1E20808B563">
<createdBy>zakil</createdBy>
<createdTime>2024-10-21 17:21:25 UTC</createdTime>
<commentInRDBMS><![CDATA[Fecha en que el empleado fue contratado. ]]></commentInRDBMS>
<ownerDesignName>DiagramaER</ownerDesignName>
<engineerTo>
<item key="A1D67CE5-04DA-F9CE-C69B-218FF8BADEEA" value="true"/>
</engineerTo>
<nullsAllowed>true</nullsAllowed>
<useDomainConstraints>false</useDomainConstraints>
<use>1</use>
<logicalDatatype>LOGDT007</logicalDatatype>
<ownDataTypeParameters>,,</ownDataTypeParameters>
</Attribute>
<Attribute name="id_departamento" id="BD524BCB-5751-7527-FF63-137C1A609DD0">
<createdBy>zakil</createdBy>
<createdTime>2024-10-21 17:22:01 UTC</createdTime>
<commentInRDBMS><![CDATA[Identificador del departamento del que forma parte. ]]></commentInRDBMS>
<ownerDesignName>DiagramaER</ownerDesignName>
<engineerTo>
<item key="A1D67CE5-04DA-F9CE-C69B-218FF8BADEEA" value="true"/>
</engineerTo>
<nullsAllowed>true</nullsAllowed>
<useDomainConstraints>false</useDomainConstraints>
<use>1</use>
<logicalDatatype>LOGDT011</logicalDatatype>
<ownDataTypeParameters>,,</ownDataTypeParameters>
</Attribute>
<Attribute name="id_departamento2" id="4612D974-0F65-9462-B30F-FAB6860B144B">
<createdBy>zakil</createdBy>
<createdTime>2024-10-21 17:46:00 UTC</createdTime>
<generatorID>0FA16B23-989D-C52C-9ACF-386F9831E6E7</generatorID>
<ownerDesignName>DiagramaER</ownerDesignName>
<engineerTo>
<item key="A1D67CE5-04DA-F9CE-C69B-218FF8BADEEA" value="true"/>
</engineerTo>
<referedAttribute>DD307720-4717-34CC-B0E2-C758B63EDF36</referedAttribute>
<useDomainConstraints>false</useDomainConstraints>
<use>1</use>
<logicalDatatype>LOGDT011</logicalDatatype>
<ownDataTypeParameters>,,</ownDataTypeParameters>
</Attribute>
<Attribute name="id_departamento1" id="57376DED-73C1-91ED-2FF1-B42BFB44FE5F">
<createdBy>zakil</createdBy>
<createdTime>2024-10-21 17:49:26 UTC</createdTime>
<generatorID>6D05A7C2-8D78-2FE9-AAFC-B7586684EEDC</generatorID>
<ownerDesignName>DiagramaER</ownerDesignName>
<engineerTo>
<item key="A1D67CE5-04DA-F9CE-C69B-218FF8BADEEA" value="true"/>
</engineerTo>
<referedAttribute>BAA506AA-A085-3233-ADC7-2F5E747C2450</referedAttribute>
<use>1</use>
<logicalDatatype>LOGDT011</logicalDatatype>
<ownDataTypeParameters>,,</ownDataTypeParameters>
</Attribute>
</attributes>
<identifiers itemClass="oracle.dbtools.crest.model.design.logical.CandidateKey">
<identifier id="AC057FA5-F88A-2347-5D66-E00CAD295714" name="Personal PK">
<createdBy>zakil</createdBy>
<createdTime>2024-10-21 17:19:52 UTC</createdTime>
<ownerDesignName>DiagramaER</ownerDesignName>
<engineerTo>
<item key="A1D67CE5-04DA-F9CE-C69B-218FF8BADEEA" value="true"/>
</engineerTo>
<pk>true</pk>
<newElementsIDs>934A6097-56FB-816E-2501-83F82EB8A7A4</newElementsIDs>
<usedAttributes>
<attributeRef>934A6097-56FB-816E-2501-83F82EB8A7A4</attributeRef>
</usedAttributes>
</identifier>
</identifiers>
</Entity>