<?xml version = '1.0' encoding = 'UTF-8'?>
<Entity class="oracle.dbtools.crest.model.design.logical.Entity" directorySegmentName="seg_0" id="0555620A-B3D2-4634-1850-27AC15A510F3" name="Tarea">
<createdBy>Iker Manzano</createdBy>
<createdTime>2024-10-21 08:42:59 UTC</createdTime>
<ownerDesignName>DiagramaER</ownerDesignName>
<engineerTo>
<item key="A1D67CE5-04DA-F9CE-C69B-218FF8BADEEA" value="true"/>
</engineerTo>
<adequatelyNormalized>NO</adequatelyNormalized>
<expectedVolumes>0</expectedVolumes>
<fwdEngineeringStrategyName>Single Table</fwdEngineeringStrategyName>
<growthPercent>0</growthPercent>
<growthType>Year</growthType>
<maxVolumes>9999999</maxVolumes>
<minVolumes>0</minVolumes>
<normalForm>Third</normalForm>
<attributes itemClass="oracle.dbtools.crest.model.design.logical.Attribute">
<Attribute name="id" id="98EA5532-7F01-9369-F854-216F792BD86C">
<createdBy>zakil</createdBy>
<createdTime>2024-10-21 16:52:11 UTC</createdTime>
<ownerDesignName>DiagramaER</ownerDesignName>
<engineerTo>
<item key="A1D67CE5-04DA-F9CE-C69B-218FF8BADEEA" value="true"/>
</engineerTo>
<useDomainConstraints>false</useDomainConstraints>
<use>1</use>
<logicalDatatype>LOGDT011</logicalDatatype>
<ownDataTypeParameters>,,</ownDataTypeParameters>
</Attribute>
<Attribute name="id_peticion" id="E4C8DB8F-1E7E-B1A1-CE68-5D98A1E8E5E2">
<createdBy>zakil</createdBy>
<createdTime>2024-10-21 16:52:55 UTC</createdTime>
<commentInRDBMS><![CDATA[Identificador de la petición a la que está asociada la tarea. ]]></commentInRDBMS>
<ownerDesignName>DiagramaER</ownerDesignName>
<engineerTo>
<item key="A1D67CE5-04DA-F9CE-C69B-218FF8BADEEA" value="true"/>
</engineerTo>
<nullsAllowed>true</nullsAllowed>
<useDomainConstraints>false</useDomainConstraints>
<use>1</use>
<logicalDatatype>LOGDT011</logicalDatatype>
<ownDataTypeParameters>,,</ownDataTypeParameters>
</Attribute>
<Attribute name="fecha_ini" id="BCD1FCB2-FD79-5462-9D53-76AF1D9559EC">
<createdBy>zakil</createdBy>
<createdTime>2024-10-21 16:53:45 UTC</createdTime>
<commentInRDBMS><![CDATA[Fecha de inicio de la tarea]]></commentInRDBMS>
<ownerDesignName>DiagramaER</ownerDesignName>
<engineerTo>
<item key="A1D67CE5-04DA-F9CE-C69B-218FF8BADEEA" value="true"/>
</engineerTo>
<nullsAllowed>true</nullsAllowed>
<useDomainConstraints>false</useDomainConstraints>
<use>1</use>
<logicalDatatype>LOGDT007</logicalDatatype>
<ownDataTypeParameters>,,</ownDataTypeParameters>
</Attribute>
<Attribute name="fecha_fin" id="231CDDEB-9B72-F963-1171-EC59596035FB">
<createdBy>zakil</createdBy>
<createdTime>2024-10-21 16:54:41 UTC</createdTime>
<commentInRDBMS><![CDATA[Fecha fin de la tarea. ]]></commentInRDBMS>
<ownerDesignName>DiagramaER</ownerDesignName>
<engineerTo>
<item key="A1D67CE5-04DA-F9CE-C69B-218FF8BADEEA" value="true"/>
</engineerTo>
<nullsAllowed>true</nullsAllowed>
<useDomainConstraints>false</useDomainConstraints>
<use>1</use>
<logicalDatatype>LOGDT007</logicalDatatype>
<ownDataTypeParameters>,,</ownDataTypeParameters>
</Attribute>
<Attribute name="tipo" id="C28A9FF4-4D94-5260-E42C-4A03610FF8EF">
<createdBy>zakil</createdBy>
<createdTime>2024-10-21 16:54:58 UTC</createdTime>
<commentInRDBMS><![CDATA[Tipo predefinido de la tarea.]]></commentInRDBMS>
<ownerDesignName>DiagramaER</ownerDesignName>
<engineerTo>
<item key="A1D67CE5-04DA-F9CE-C69B-218FF8BADEEA" value="true"/>
</engineerTo>
<nullsAllowed>true</nullsAllowed>
<useDomainConstraints>false</useDomainConstraints>
<use>1</use>
<logicalDatatype>A3A3C77D-0366-9768-FF89-1C25E56881C8</logicalDatatype>
<ownDataTypeParameters>,,</ownDataTypeParameters>
</Attribute>
<Attribute name="id_elementoSW" id="2FF9153F-164D-54F1-75DB-5A0BD79D231B">
<createdBy>zakil</createdBy>
<createdTime>2024-10-21 16:55:46 UTC</createdTime>
<commentInRDBMS><![CDATA[Identificador del elemento SW asociado a la tarea. ]]></commentInRDBMS>
<ownerDesignName>DiagramaER</ownerDesignName>
<engineerTo>
<item key="A1D67CE5-04DA-F9CE-C69B-218FF8BADEEA" value="true"/>
</engineerTo>
<nullsAllowed>true</nullsAllowed>
<useDomainConstraints>false</useDomainConstraints>
<use>1</use>
<logicalDatatype>LOGDT011</logicalDatatype>
<ownDataTypeParameters>,,</ownDataTypeParameters>
</Attribute>
<Attribute name="id_encargado" id="628AADD2-8F1C-B87C-6617-E77BD74618B0">
<createdBy>zakil</createdBy>
<createdTime>2024-10-21 16:57:21 UTC</createdTime>
<commentInRDBMS><![CDATA[List<Integer> : lista de los identificadores de las personas encargadas de llevar a cabo la tarea. ]]></commentInRDBMS>
<ownerDesignName>DiagramaER</ownerDesignName>
<engineerTo>
<item key="A1D67CE5-04DA-F9CE-C69B-218FF8BADEEA" value="true"/>
</engineerTo>
<nullsAllowed>true</nullsAllowed>
<useDomainConstraints>false</useDomainConstraints>
<use>1</use>
<logicalDatatype>LOGDT011</logicalDatatype>
<ownDataTypeParameters>,,</ownDataTypeParameters>
</Attribute>
<Attribute name="id1" id="7555F3D1-C133-8F72-638E-1A433CB14967">
<createdBy>zakil</createdBy>
<createdTime>2024-10-21 16:59:10 UTC</createdTime>
<generatorID>C71697F3-7164-5A20-402F-1FAF18AA0594</generatorID>
<ownerDesignName>DiagramaER</ownerDesignName>
<engineerTo>
<item key="A1D67CE5-04DA-F9CE-C69B-218FF8BADEEA" value="true"/>
</engineerTo>
<referedAttribute>F2D652B2-6721-BB92-B638-450E366387F4</referedAttribute>
<useDomainConstraints>false</useDomainConstraints>
<use>1</use>
<logicalDatatype>LOGDT011</logicalDatatype>
<ownDataTypeParameters>,,</ownDataTypeParameters>
</Attribute>
</attributes>
<identifiers itemClass="oracle.dbtools.crest.model.design.logical.CandidateKey">
<identifier id="F28BD2D1-944B-5D67-5554-C0BD06E7C331" name="Tarea PK">
<createdBy>zakil</createdBy>
<createdTime>2024-10-21 16:52:53 UTC</createdTime>
<ownerDesignName>DiagramaER</ownerDesignName>
<engineerTo>
<item key="A1D67CE5-04DA-F9CE-C69B-218FF8BADEEA" value="true"/>
</engineerTo>
<pk>true</pk>
<usedAttributes>
<attributeRef>98EA5532-7F01-9369-F854-216F792BD86C</attributeRef>
</usedAttributes>
</identifier>
</identifiers>
</Entity>