<?xml version = '1.0' encoding = 'UTF-8'?>
<Entity class="oracle.dbtools.crest.model.design.logical.Entity" directorySegmentName="seg_0" id="2D994F20-2C3D-9549-4C66-9F660870C3C2" name="Aplicación">
<createdBy>Iker Manzano</createdBy>
<createdTime>2024-10-21 08:36:19 UTC</createdTime>
<ownerDesignName>DiagramaER</ownerDesignName>
<engineerTo>
<item key="A1D67CE5-04DA-F9CE-C69B-218FF8BADEEA" value="true"/>
</engineerTo>
<adequatelyNormalized>NO</adequatelyNormalized>
<expectedVolumes>0</expectedVolumes>
<fwdEngineeringStrategyName>Single Table</fwdEngineeringStrategyName>
<growthPercent>0</growthPercent>
<growthType>Year</growthType>
<maxVolumes>9999999</maxVolumes>
<minVolumes>0</minVolumes>
<normalForm>Third</normalForm>
<attributes itemClass="oracle.dbtools.crest.model.design.logical.Attribute">
<Attribute name="id1" id="2731A5C7-1826-2BD5-43B0-F8270CEED153">
<createdBy>zakil</createdBy>
<createdTime>2024-10-21 15:59:41 UTC</createdTime>
<commentInRDBMS><![CDATA[Identificador de la aplicación. ]]></commentInRDBMS>
<ownerDesignName>DiagramaER</ownerDesignName>
<engineerTo>
<item key="A1D67CE5-04DA-F9CE-C69B-218FF8BADEEA" value="true"/>
</engineerTo>
<useDomainConstraints>false</useDomainConstraints>
<use>1</use>
<logicalDatatype>LOGDT011</logicalDatatype>
<ownDataTypeParameters>,,</ownDataTypeParameters>
</Attribute>
<Attribute name="id_empresa" id="3E88A427-8496-0367-314A-B58169905758">
<createdBy>zakil</createdBy>
<createdTime>2024-10-21 16:00:04 UTC</createdTime>
<commentInRDBMS><![CDATA[Identificador de la empresa a la que pertenece la apliación. ]]></commentInRDBMS>
<ownerDesignName>DiagramaER</ownerDesignName>
<engineerTo>
<item key="A1D67CE5-04DA-F9CE-C69B-218FF8BADEEA" value="true"/>
</engineerTo>
<nullsAllowed>true</nullsAllowed>
<useDomainConstraints>false</useDomainConstraints>
<use>1</use>
<logicalDatatype>LOGDT011</logicalDatatype>
<ownDataTypeParameters>,,</ownDataTypeParameters>
</Attribute>
<Attribute name="id_proyecto" id="94A0E729-3A22-61F5-6BC2-6946640F90E2">
<createdBy>zakil</createdBy>
<createdTime>2024-10-21 16:02:37 UTC</createdTime>
<ownerDesignName>DiagramaER</ownerDesignName>
<engineerTo>
<item key="A1D67CE5-04DA-F9CE-C69B-218FF8BADEEA" value="true"/>
</engineerTo>
<nullsAllowed>true</nullsAllowed>
<useDomainConstraints>false</useDomainConstraints>
<use>1</use>
<logicalDatatype>LOGDT011</logicalDatatype>
<ownDataTypeParameters>,,</ownDataTypeParameters>
</Attribute>
<Attribute name="id_elementoSW" id="361711F3-559B-037D-B68F-FA98F77E0CE5">
<createdBy>zakil</createdBy>
<createdTime>2024-10-21 16:03:17 UTC</createdTime>
<commentInRDBMS><![CDATA[List<Integer> : lista de los identificadores de los elementos de SW pertenecientes a la aplicación. ]]></commentInRDBMS>
<ownerDesignName>DiagramaER</ownerDesignName>
<engineerTo>
<item key="A1D67CE5-04DA-F9CE-C69B-218FF8BADEEA" value="true"/>
</engineerTo>
<nullsAllowed>true</nullsAllowed>
<useDomainConstraints>false</useDomainConstraints>
<use>1</use>
<logicalDatatype>LOGDT011</logicalDatatype>
<ownDataTypeParameters>,,</ownDataTypeParameters>
</Attribute>
<Attribute name="id_usuario_responsable" id="DDEED3D0-AEEB-1253-408D-8B217B77A17B">
<createdBy>zakil</createdBy>
<createdTime>2024-10-21 16:04:50 UTC</createdTime>
<commentInRDBMS><![CDATA[Identificador del usuario responsable de la aplicación. ]]></commentInRDBMS>
<ownerDesignName>DiagramaER</ownerDesignName>
<engineerTo>
<item key="A1D67CE5-04DA-F9CE-C69B-218FF8BADEEA" value="true"/>
</engineerTo>
<nullsAllowed>true</nullsAllowed>
<useDomainConstraints>false</useDomainConstraints>
<use>1</use>
<logicalDatatype>LOGDT011</logicalDatatype>
<ownDataTypeParameters>,,</ownDataTypeParameters>
</Attribute>
<Attribute name="id" id="8E7027C6-9BEA-3359-0F97-3D408808DA44">
<createdBy>zakil</createdBy>
<createdTime>2024-10-21 17:52:30 UTC</createdTime>
<generatorID>F129D8E8-351D-B039-830F-47AC519DC453</generatorID>
<ownerDesignName>DiagramaER</ownerDesignName>
<engineerTo>
<item key="A1D67CE5-04DA-F9CE-C69B-218FF8BADEEA" value="true"/>
</engineerTo>
<referedAttribute>4A99E2A3-44B3-481E-B454-F0233F623F3F</referedAttribute>
<useDomainConstraints>false</useDomainConstraints>
<use>1</use>
<logicalDatatype>LOGDT011</logicalDatatype>
<ownDataTypeParameters>,,</ownDataTypeParameters>
</Attribute>
</attributes>
<identifiers itemClass="oracle.dbtools.crest.model.design.logical.CandidateKey">
<identifier id="8E62A16B-59A9-9FC7-FE7D-D599B06ACA7F" name="Aplicación PK">
<createdBy>zakil</createdBy>
<createdTime>2024-10-21 15:59:47 UTC</createdTime>
<ownerDesignName>DiagramaER</ownerDesignName>
<engineerTo>
<item key="A1D67CE5-04DA-F9CE-C69B-218FF8BADEEA" value="true"/>
</engineerTo>
<pk>true</pk>
<newElementsIDs>2731A5C7-1826-2BD5-43B0-F8270CEED153</newElementsIDs>
<usedAttributes>
<attributeRef>2731A5C7-1826-2BD5-43B0-F8270CEED153</attributeRef>
</usedAttributes>
</identifier>
</identifiers>
</Entity>