<?xml version = '1.0' encoding = 'UTF-8'?>
<Entity class="oracle.dbtools.crest.model.design.logical.Entity" directorySegmentName="seg_0" id="43D652C4-EB1D-5B9B-7585-750465EB6812" name="Técnico">
<createdBy>Iker Manzano</createdBy>
<createdTime>2024-10-21 08:37:01 UTC</createdTime>
<ownerDesignName>DiagramaER</ownerDesignName>
<engineerTo>
<item key="A1D67CE5-04DA-F9CE-C69B-218FF8BADEEA" value="true"/>
</engineerTo>
<adequatelyNormalized>NO</adequatelyNormalized>
<expectedVolumes>0</expectedVolumes>
<fwdEngineeringStrategyName>Single Table</fwdEngineeringStrategyName>
<growthPercent>0</growthPercent>
<growthType>Year</growthType>
<hierarchicalParent>01B98D93-31E2-0325-8158-E8D90CDBA87E</hierarchicalParent>
<maxVolumes>9999999</maxVolumes>
<minVolumes>0</minVolumes>
<normalForm>Third</normalForm>
<attributes itemClass="oracle.dbtools.crest.model.design.logical.Attribute">
<Attribute name="id_tecnico" id="B1EE3E9A-FED4-797E-1844-1D4FF14932C6">
<createdBy>zakil</createdBy>
<createdTime>2024-10-21 17:25:00 UTC</createdTime>
<commentInRDBMS><![CDATA[Identificador del empleado]]></commentInRDBMS>
<ownerDesignName>DiagramaER</ownerDesignName>
<engineerTo>
<item key="A1D67CE5-04DA-F9CE-C69B-218FF8BADEEA" value="true"/>
</engineerTo>
<useDomainConstraints>false</useDomainConstraints>
<use>1</use>
<logicalDatatype>LOGDT011</logicalDatatype>
<ownDataTypeParameters>,,</ownDataTypeParameters>
</Attribute>
<Attribute name="categoria" id="DA4F2EEE-5E9F-9076-C07B-73D712711FC7">
<createdBy>zakil</createdBy>
<createdTime>2024-10-21 17:25:20 UTC</createdTime>
<commentInRDBMS><![CDATA[Categoría del téncico, puede ser: responsable, analista, programador, auditor, etc. ]]></commentInRDBMS>
<ownerDesignName>DiagramaER</ownerDesignName>
<engineerTo>
<item key="A1D67CE5-04DA-F9CE-C69B-218FF8BADEEA" value="true"/>
</engineerTo>
<useDomainConstraints>false</useDomainConstraints>
<use>1</use>
<logicalDatatype>A3A3C77D-0366-9768-FF89-1C25E56881C8</logicalDatatype>
<ownDataTypeParameters>,,</ownDataTypeParameters>
</Attribute>
</attributes>
<identifiers itemClass="oracle.dbtools.crest.model.design.logical.CandidateKey">
<identifier id="6088EDF0-7901-F41B-B4B3-11CC7E5358ED" name="Técnico PK">
<createdBy>zakil</createdBy>
<createdTime>2024-10-21 17:27:29 UTC</createdTime>
<ownerDesignName>DiagramaER</ownerDesignName>
<engineerTo>
<item key="A1D67CE5-04DA-F9CE-C69B-218FF8BADEEA" value="true"/>
</engineerTo>
<pk>true</pk>
<usedAttributes>
<attributeRef>DA4F2EEE-5E9F-9076-C07B-73D712711FC7</attributeRef>
<attributeRef>B1EE3E9A-FED4-797E-1844-1D4FF14932C6</attributeRef>
</usedAttributes>
</identifier>
</identifiers>
</Entity>