<?xml version = '1.0' encoding = 'UTF-8'?>
<Entity class="oracle.dbtools.crest.model.design.logical.Entity" directorySegmentName="seg_0" id="A566765B-F689-D2AA-6359-1D6C2E6F7CA2" name="Elemento Software">
<createdBy>Iker Manzano</createdBy>
<createdTime>2024-10-21 08:36:56 UTC</createdTime>
<ownerDesignName>DiagramaER</ownerDesignName>
<engineerTo>
<item key="A1D67CE5-04DA-F9CE-C69B-218FF8BADEEA" value="true"/>
</engineerTo>
<adequatelyNormalized>NO</adequatelyNormalized>
<expectedVolumes>0</expectedVolumes>
<fwdEngineeringStrategyName>Single Table</fwdEngineeringStrategyName>
<growthPercent>0</growthPercent>
<growthType>Year</growthType>
<maxVolumes>9999999</maxVolumes>
<minVolumes>0</minVolumes>
<normalForm>Third</normalForm>
<attributes itemClass="oracle.dbtools.crest.model.design.logical.Attribute">
<Attribute name="id" id="6F475CEE-C6E0-7A7C-A81F-85161E969FBA">
<createdBy>Iker Manzano</createdBy>
<createdTime>2024-10-21 08:59:38 UTC</createdTime>
<ownerDesignName>DiagramaER</ownerDesignName>
<engineerTo>
<item key="A1D67CE5-04DA-F9CE-C69B-218FF8BADEEA" value="true"/>
</engineerTo>
<useDomainConstraints>false</useDomainConstraints>
<use>1</use>
<logicalDatatype>LOGDT011</logicalDatatype>
<ownDataTypeParameters>,,</ownDataTypeParameters>
</Attribute>
<Attribute name="tipo" id="447A830C-CC42-3853-9E3D-8CAACCA5D465">
<createdBy>Iker Manzano</createdBy>
<createdTime>2024-10-21 08:59:14 UTC</createdTime>
<commentInRDBMS><![CDATA[Valores posibles: Programa, Datos, Documentación]]></commentInRDBMS>
<ownerDesignName>DiagramaER</ownerDesignName>
<engineerTo>
<item key="A1D67CE5-04DA-F9CE-C69B-218FF8BADEEA" value="true"/>
</engineerTo>
<useDomainConstraints>false</useDomainConstraints>
<use>1</use>
<ownDataTypeParameters>,,</ownDataTypeParameters>
</Attribute>
<Attribute name="direccion_almacenamiento" id="F6315FAA-5537-528D-5ABC-6D49B92372A1">
<createdBy>Iker Manzano</createdBy>
<createdTime>2024-10-21 09:00:41 UTC</createdTime>
<commentInRDBMS><![CDATA[Dirección de almacenamiento del elemento SW]]></commentInRDBMS>
<ownerDesignName>DiagramaER</ownerDesignName>
<engineerTo>
<item key="A1D67CE5-04DA-F9CE-C69B-218FF8BADEEA" value="true"/>
</engineerTo>
<useDomainConstraints>false</useDomainConstraints>
<use>1</use>
<logicalDatatype>A3A3C77D-0366-9768-FF89-1C25E56881C8</logicalDatatype>
<ownDataTypeParameters>,,</ownDataTypeParameters>
</Attribute>
<Attribute name="nombre" id="B77398A8-E588-49A6-634B-B39109A28DAE">
<createdBy>Iker Manzano</createdBy>
<createdTime>2024-10-21 09:01:08 UTC</createdTime>
<ownerDesignName>DiagramaER</ownerDesignName>
<engineerTo>
<item key="A1D67CE5-04DA-F9CE-C69B-218FF8BADEEA" value="true"/>
</engineerTo>
<useDomainConstraints>false</useDomainConstraints>
<use>1</use>
<logicalDatatype>A3A3C77D-0366-9768-FF89-1C25E56881C8</logicalDatatype>
<ownDataTypeParameters>,,</ownDataTypeParameters>
</Attribute>
</attributes>
<identifiers itemClass="oracle.dbtools.crest.model.design.logical.CandidateKey">
<identifier id="0C74823F-775C-ECA6-28C1-63472114B102" name="Elemento Software PK">
<createdBy>Iker Manzano</createdBy>
<createdTime>2024-10-21 08:59:51 UTC</createdTime>
<ownerDesignName>DiagramaER</ownerDesignName>
<engineerTo>
<item key="A1D67CE5-04DA-F9CE-C69B-218FF8BADEEA" value="true"/>
</engineerTo>
<pk>true</pk>
<usedAttributes>
<attributeRef>6F475CEE-C6E0-7A7C-A81F-85161E969FBA</attributeRef>
</usedAttributes>
</identifier>
</identifiers>
</Entity>