<?xml version = '1.0' encoding = 'UTF-8'?>
<Entity class="oracle.dbtools.crest.model.design.logical.Entity" directorySegmentName="seg_0" id="D0AF64D0-30EF-5AD3-0CA2-F819EACF04BF" name="Petición">
<createdBy>Iker Manzano</createdBy>
<createdTime>2024-10-21 08:42:10 UTC</createdTime>
<ownerDesignName>DiagramaER</ownerDesignName>
<engineerTo>
<item key="A1D67CE5-04DA-F9CE-C69B-218FF8BADEEA" value="true"/>
</engineerTo>
<adequatelyNormalized>NO</adequatelyNormalized>
<expectedVolumes>0</expectedVolumes>
<fwdEngineeringStrategyName>Single Table</fwdEngineeringStrategyName>
<growthPercent>0</growthPercent>
<growthType>Year</growthType>
<maxVolumes>9999999</maxVolumes>
<minVolumes>0</minVolumes>
<normalForm>Third</normalForm>
<attributes itemClass="oracle.dbtools.crest.model.design.logical.Attribute">
<Attribute name="id" id="F2D652B2-6721-BB92-B638-450E366387F4">
<createdBy>zakil</createdBy>
<createdTime>2024-10-21 16:00:37 UTC</createdTime>
<generatorID>1A591AD2-416A-A9BB-4A2D-1B7C557A8515</generatorID>
<ownerDesignName>DiagramaER</ownerDesignName>
<engineerTo>
<item key="A1D67CE5-04DA-F9CE-C69B-218FF8BADEEA" value="true"/>
</engineerTo>
<referedAttribute>2731A5C7-1826-2BD5-43B0-F8270CEED153</referedAttribute>
<useDomainConstraints>false</useDomainConstraints>
<use>1</use>
<logicalDatatype>LOGDT011</logicalDatatype>
<ownDataTypeParameters>,,</ownDataTypeParameters>
</Attribute>
<Attribute name="id3" id="8103A61B-D2F7-4832-4C22-4ABBA1056BF6">
<createdBy>zakil</createdBy>
<createdTime>2024-10-21 16:17:01 UTC</createdTime>
<generatorID>59E24CB6-2825-815D-FC99-C7CBAD1999FC</generatorID>
<ownerDesignName>DiagramaER</ownerDesignName>
<engineerTo>
<item key="A1D67CE5-04DA-F9CE-C69B-218FF8BADEEA" value="true"/>
</engineerTo>
<referedAttribute>5B334E8C-EC62-14FA-7D06-AC79DF262FA4</referedAttribute>
<useDomainConstraints>false</useDomainConstraints>
<use>1</use>
<logicalDatatype>LOGDT011</logicalDatatype>
<ownDataTypeParameters>,,</ownDataTypeParameters>
</Attribute>
<Attribute name="id2" id="5E4DCE4D-CEC0-7E87-AA81-E7F608E0DD8F">
<createdBy>zakil</createdBy>
<createdTime>2024-10-21 16:17:01 UTC</createdTime>
<generatorID>DFD1118F-0271-AACE-AF00-5A3ABDCB1993</generatorID>
<ownerDesignName>DiagramaER</ownerDesignName>
<engineerTo>
<item key="A1D67CE5-04DA-F9CE-C69B-218FF8BADEEA" value="true"/>
</engineerTo>
<referedAttribute>5B334E8C-EC62-14FA-7D06-AC79DF262FA4</referedAttribute>
<useDomainConstraints>false</useDomainConstraints>
<use>1</use>
<logicalDatatype>LOGDT011</logicalDatatype>
<ownDataTypeParameters>,,</ownDataTypeParameters>
</Attribute>
<Attribute name="descripcion" id="74052E43-7EFB-BDFA-1006-4CAC19A68C98">
<createdBy>zakil</createdBy>
<createdTime>2024-10-21 16:30:02 UTC</createdTime>
<commentInRDBMS><![CDATA[Descripción breve de que se trata la petición. ]]></commentInRDBMS>
<ownerDesignName>DiagramaER</ownerDesignName>
<engineerTo>
<item key="A1D67CE5-04DA-F9CE-C69B-218FF8BADEEA" value="true"/>
</engineerTo>
<nullsAllowed>true</nullsAllowed>
<useDomainConstraints>false</useDomainConstraints>
<use>1</use>
<logicalDatatype>A3A3C77D-0366-9768-FF89-1C25E56881C8</logicalDatatype>
<ownDataTypeParameters>,,</ownDataTypeParameters>
</Attribute>
<Attribute name="tipo" id="BE28C65D-FA09-7F90-1788-4F381E993BDD">
<createdBy>zakil</createdBy>
<createdTime>2024-10-21 16:30:45 UTC</createdTime>
<commentInRDBMS><![CDATA[Puede ser: Correctivo, Adaptativo, Perfectivo y Evolutivo. ]]></commentInRDBMS>
<ownerDesignName>DiagramaER</ownerDesignName>
<engineerTo>
<item key="A1D67CE5-04DA-F9CE-C69B-218FF8BADEEA" value="true"/>
</engineerTo>
<nullsAllowed>true</nullsAllowed>
<useDomainConstraints>false</useDomainConstraints>
<use>1</use>
<logicalDatatype>A3A3C77D-0366-9768-FF89-1C25E56881C8</logicalDatatype>
<listOfValues>
<valueDef value="Adaptativo" description=""/>
<valueDef value="Correctivo" description=""/>
<valueDef value="Evolutivo" description=""/>
<valueDef value="Perfectivo" description=""/>
</listOfValues>
<ownDataTypeParameters>,,</ownDataTypeParameters>
</Attribute>
<Attribute name="id_aplicacion" id="3105AF71-F12E-9A0B-5994-295E21A185C8">
<createdBy>zakil</createdBy>
<createdTime>2024-10-21 16:32:39 UTC</createdTime>
<commentInRDBMS><![CDATA[Identificador de la aplicación a la que está asociada. ]]></commentInRDBMS>
<ownerDesignName>DiagramaER</ownerDesignName>
<engineerTo>
<item key="A1D67CE5-04DA-F9CE-C69B-218FF8BADEEA" value="true"/>
</engineerTo>
<nullsAllowed>true</nullsAllowed>
<useDomainConstraints>false</useDomainConstraints>
<use>1</use>
<logicalDatatype>LOGDT011</logicalDatatype>
<ownDataTypeParameters>,,</ownDataTypeParameters>
</Attribute>
<Attribute name="es_urgente" id="F25BDBA4-AD66-CD74-601A-76F3D12ABD1C">
<createdBy>zakil</createdBy>
<createdTime>2024-10-21 16:33:37 UTC</createdTime>
<commentInRDBMS><![CDATA[Indica si la petición es urgente o no. ]]></commentInRDBMS>
<ownerDesignName>DiagramaER</ownerDesignName>
<engineerTo>
<item key="A1D67CE5-04DA-F9CE-C69B-218FF8BADEEA" value="true"/>
</engineerTo>
<nullsAllowed>true</nullsAllowed>
<useDomainConstraints>false</useDomainConstraints>
<use>1</use>
<logicalDatatype>LOGDT006</logicalDatatype>
<dataTypeSize>1</dataTypeSize>
<ownDataTypeParameters>1,,</ownDataTypeParameters>
</Attribute>
<Attribute name="estado" id="04B2265B-4CAD-DC66-2219-792746EFABD1">
<createdBy>zakil</createdBy>
<createdTime>2024-10-21 16:34:04 UTC</createdTime>
<ownerDesignName>DiagramaER</ownerDesignName>
<engineerTo>
<item key="A1D67CE5-04DA-F9CE-C69B-218FF8BADEEA" value="true"/>
</engineerTo>
<nullsAllowed>true</nullsAllowed>
<useDomainConstraints>false</useDomainConstraints>
<use>1</use>
<logicalDatatype>A3A3C77D-0366-9768-FF89-1C25E56881C8</logicalDatatype>
<listOfValues>
<valueDef value="En desarrollo" description=""/>
<valueDef value="En estudio" description=""/>
<valueDef value="Pendiente" description=""/>
<valueDef value="Rechazada" description=""/>
<valueDef value="Recibida" description=""/>
<valueDef value="Terminada" description=""/>
</listOfValues>
<ownDataTypeParameters>,,</ownDataTypeParameters>
</Attribute>
<Attribute name="complejidad" id="79FC1EC5-4C4E-2D2B-B86D-307EC31DD35F">
<createdBy>zakil</createdBy>
<createdTime>2024-10-21 16:38:53 UTC</createdTime>
<ownerDesignName>DiagramaER</ownerDesignName>
<engineerTo>
<item key="A1D67CE5-04DA-F9CE-C69B-218FF8BADEEA" value="true"/>
</engineerTo>
<nullsAllowed>true</nullsAllowed>
<useDomainConstraints>false</useDomainConstraints>
<use>1</use>
<logicalDatatype>A3A3C77D-0366-9768-FF89-1C25E56881C8</logicalDatatype>
<listOfValues>
<valueDef value="Alta" description=""/>
<valueDef value="Baja" description=""/>
<valueDef value="Mediana" description=""/>
</listOfValues>
<ownDataTypeParameters>,,</ownDataTypeParameters>
</Attribute>
<Attribute name="fecha_recepcion" id="512361A5-CD3B-EE80-2A7E-E073A47FEF14">
<createdBy>zakil</createdBy>
<createdTime>2024-10-21 16:39:41 UTC</createdTime>
<commentInRDBMS><![CDATA[Fecha en la que se recibió la petición]]></commentInRDBMS>
<ownerDesignName>DiagramaER</ownerDesignName>
<engineerTo>
<item key="A1D67CE5-04DA-F9CE-C69B-218FF8BADEEA" value="true"/>
</engineerTo>
<nullsAllowed>true</nullsAllowed>
<useDomainConstraints>false</useDomainConstraints>
<use>1</use>
<logicalDatatype>LOGDT007</logicalDatatype>
<ownDataTypeParameters>,,</ownDataTypeParameters>
</Attribute>
<Attribute name="fecha_inicio_estudio" id="367ED4A2-E84A-5CC5-4266-8DD0E13F7A82">
<createdBy>zakil</createdBy>
<createdTime>2024-10-21 16:42:06 UTC</createdTime>
<commentInRDBMS><![CDATA[Fecha en la que se inició su estudio]]></commentInRDBMS>
<ownerDesignName>DiagramaER</ownerDesignName>
<engineerTo>
<item key="A1D67CE5-04DA-F9CE-C69B-218FF8BADEEA" value="true"/>
</engineerTo>
<nullsAllowed>true</nullsAllowed>
<useDomainConstraints>false</useDomainConstraints>
<use>1</use>
<logicalDatatype>LOGDT007</logicalDatatype>
<ownDataTypeParameters>,,</ownDataTypeParameters>
</Attribute>
<Attribute name="fecha-inicio_prevista" id="AECE3D80-BBA8-8EFA-23EC-532E2AEDC185">
<createdBy>zakil</createdBy>
<createdTime>2024-10-21 16:42:55 UTC</createdTime>
<commentInRDBMS><![CDATA[Fecha prevista para iniciar la ejecución.]]></commentInRDBMS>
<ownerDesignName>DiagramaER</ownerDesignName>
<engineerTo>
<item key="A1D67CE5-04DA-F9CE-C69B-218FF8BADEEA" value="true"/>
</engineerTo>
<nullsAllowed>true</nullsAllowed>
<useDomainConstraints>false</useDomainConstraints>
<use>1</use>
<logicalDatatype>LOGDT007</logicalDatatype>
<ownDataTypeParameters>,,</ownDataTypeParameters>
</Attribute>
<Attribute name="fecha_inicio_real" id="CA90844D-6165-6A48-AD8A-4AEB1835700A">
<createdBy>zakil</createdBy>
<createdTime>2024-10-21 16:43:31 UTC</createdTime>
<commentInRDBMS><![CDATA[Fecha real en que comenzó la ejecución. ]]></commentInRDBMS>
<ownerDesignName>DiagramaER</ownerDesignName>
<engineerTo>
<item key="A1D67CE5-04DA-F9CE-C69B-218FF8BADEEA" value="true"/>
</engineerTo>
<nullsAllowed>true</nullsAllowed>
<useDomainConstraints>false</useDomainConstraints>
<use>1</use>
<logicalDatatype>LOGDT007</logicalDatatype>
<ownDataTypeParameters>,,</ownDataTypeParameters>
</Attribute>
<Attribute name="fecha_acepctacion" id="BCC002EF-0AB4-D14D-5CE4-78360BBA7A17">
<createdBy>zakil</createdBy>
<createdTime>2024-10-21 16:44:05 UTC</createdTime>
<commentInRDBMS><![CDATA[Fecha en la que el usuario acepta la solución. ]]></commentInRDBMS>
<ownerDesignName>DiagramaER</ownerDesignName>
<engineerTo>
<item key="A1D67CE5-04DA-F9CE-C69B-218FF8BADEEA" value="true"/>
</engineerTo>
<nullsAllowed>true</nullsAllowed>
<useDomainConstraints>false</useDomainConstraints>
<use>1</use>
<logicalDatatype>LOGDT007</logicalDatatype>
<ownDataTypeParameters>,,</ownDataTypeParameters>
</Attribute>
<Attribute name="id_responsable" id="341EC6BF-691B-0CF6-C840-DB027F7AE730">
<createdBy>zakil</createdBy>
<createdTime>2024-10-21 16:47:20 UTC</createdTime>
<commentInRDBMS><![CDATA[Identificador de la persona COANDES responsable de la petición. ]]></commentInRDBMS>
<ownerDesignName>DiagramaER</ownerDesignName>
<engineerTo>
<item key="A1D67CE5-04DA-F9CE-C69B-218FF8BADEEA" value="true"/>
</engineerTo>
<nullsAllowed>true</nullsAllowed>
<useDomainConstraints>false</useDomainConstraints>
<use>1</use>
<logicalDatatype>LOGDT011</logicalDatatype>
<ownDataTypeParameters>,,</ownDataTypeParameters>
</Attribute>
<Attribute name="categoria" id="8DBD81E1-8FFD-A869-CB36-6CF3D87E1B1D">
<createdBy>zakil</createdBy>
<createdTime>2024-10-21 17:27:29 UTC</createdTime>
<generatorID>489A9D05-4143-2953-4F90-F5C7C2B40817</generatorID>
<ownerDesignName>DiagramaER</ownerDesignName>
<engineerTo>
<item key="A1D67CE5-04DA-F9CE-C69B-218FF8BADEEA" value="true"/>
</engineerTo>
<referedAttribute>DA4F2EEE-5E9F-9076-C07B-73D712711FC7</referedAttribute>
<use>1</use>
<logicalDatatype>A3A3C77D-0366-9768-FF89-1C25E56881C8</logicalDatatype>
<ownDataTypeParameters>,,</ownDataTypeParameters>
</Attribute>
<Attribute name="id_tecnico" id="36CFFE0B-977E-45C0-A3BA-61894706C911">
<createdBy>zakil</createdBy>
<createdTime>2024-10-21 17:54:34 UTC</createdTime>
<generatorID>489A9D05-4143-2953-4F90-F5C7C2B40817</generatorID>
<ownerDesignName>DiagramaER</ownerDesignName>
<engineerTo>
<item key="A1D67CE5-04DA-F9CE-C69B-218FF8BADEEA" value="true"/>
</engineerTo>
<referedAttribute>B1EE3E9A-FED4-797E-1844-1D4FF14932C6</referedAttribute>
<useDomainConstraints>false</useDomainConstraints>
<use>1</use>
<logicalDatatype>LOGDT011</logicalDatatype>
<ownDataTypeParameters>,,</ownDataTypeParameters>
</Attribute>
</attributes>
<identifiers itemClass="oracle.dbtools.crest.model.design.logical.CandidateKey">
<identifier id="11C7433F-C60F-0054-F077-03A5BFCD9628" name="Petición PK">
<createdBy>zakil</createdBy>
<createdTime>2024-10-21 16:59:08 UTC</createdTime>
<ownerDesignName>DiagramaER</ownerDesignName>
<engineerTo>
<item key="A1D67CE5-04DA-F9CE-C69B-218FF8BADEEA" value="true"/>
</engineerTo>
<pk>true</pk>
<usedAttributes>
<attributeRef>F2D652B2-6721-BB92-B638-450E366387F4</attributeRef>
</usedAttributes>
</identifier>
</identifiers>
</Entity>