<?xml version = '1.0' encoding = 'UTF-8'?>
<Entity class="oracle.dbtools.crest.model.design.logical.Entity" directorySegmentName="seg_0" id="EF8BCFB9-13BE-BE1B-5E18-09DBD4D78C3C" name="Comercial">
<createdBy>Iker Manzano</createdBy>
<createdTime>2024-10-21 08:37:38 UTC</createdTime>
<ownerDesignName>DiagramaER</ownerDesignName>
<engineerTo>
<item key="A1D67CE5-04DA-F9CE-C69B-218FF8BADEEA" value="true"/>
</engineerTo>
<adequatelyNormalized>NO</adequatelyNormalized>
<expectedVolumes>0</expectedVolumes>
<fwdEngineeringStrategyName>Single Table</fwdEngineeringStrategyName>
<growthPercent>0</growthPercent>
<growthType>Year</growthType>
<hierarchicalParent>01B98D93-31E2-0325-8158-E8D90CDBA87E</hierarchicalParent>
<maxVolumes>9999999</maxVolumes>
<minVolumes>0</minVolumes>
<normalForm>Third</normalForm>
<attributes itemClass="oracle.dbtools.crest.model.design.logical.Attribute">
<Attribute name="id_comercial" id="20361627-BC07-0D99-04BD-FAC46BC20B06">
<createdBy>zakil</createdBy>
<createdTime>2024-10-21 17:30:10 UTC</createdTime>
<ownerDesignName>DiagramaER</ownerDesignName>
<engineerTo>
<item key="A1D67CE5-04DA-F9CE-C69B-218FF8BADEEA" value="true"/>
</engineerTo>
<useDomainConstraints>false</useDomainConstraints>
<use>1</use>
<logicalDatatype>LOGDT011</logicalDatatype>
<ownDataTypeParameters>,,</ownDataTypeParameters>
</Attribute>
<Attribute name="id_clientes" id="5776FDB7-3213-A6A0-63D0-A655AE3CEBBF">
<createdBy>zakil</createdBy>
<createdTime>2024-10-21 17:36:56 UTC</createdTime>
<commentInRDBMS><![CDATA[List<Integer> : Lista de los identificadores de clientes asignados al comercial. ]]></commentInRDBMS>
<ownerDesignName>DiagramaER</ownerDesignName>
<engineerTo>
<item key="A1D67CE5-04DA-F9CE-C69B-218FF8BADEEA" value="true"/>
</engineerTo>
<nullsAllowed>true</nullsAllowed>
<useDomainConstraints>false</useDomainConstraints>
<use>1</use>
<logicalDatatype>LOGDT011</logicalDatatype>
<ownDataTypeParameters>,,</ownDataTypeParameters>
</Attribute>
</attributes>
<identifiers itemClass="oracle.dbtools.crest.model.design.logical.CandidateKey">
<identifier id="380D254E-2636-D87F-80AA-9E4901727087" name="Comercial PK">
<createdBy>zakil</createdBy>
<createdTime>2024-10-21 17:30:30 UTC</createdTime>
<ownerDesignName>DiagramaER</ownerDesignName>
<engineerTo>
<item key="A1D67CE5-04DA-F9CE-C69B-218FF8BADEEA" value="true"/>
</engineerTo>
<pk>true</pk>
<usedAttributes>
<attributeRef>20361627-BC07-0D99-04BD-FAC46BC20B06</attributeRef>
</usedAttributes>
</identifier>
</identifiers>
</Entity>