<?xml version = '1.0' encoding = 'UTF-8'?>
<Entity class="oracle.dbtools.crest.model.design.logical.Entity" directorySegmentName="seg_0" id="FD55EBA4-4334-E7A3-11E3-5FB21DDFD3A2" name="Proyecto">
<createdBy>Iker Manzano</createdBy>
<createdTime>2024-10-21 08:35:47 UTC</createdTime>
<ownerDesignName>DiagramaER</ownerDesignName>
<engineerTo>
<item key="A1D67CE5-04DA-F9CE-C69B-218FF8BADEEA" value="true"/>
</engineerTo>
<adequatelyNormalized>NO</adequatelyNormalized>
<expectedVolumes>0</expectedVolumes>
<fwdEngineeringStrategyName>Single Table</fwdEngineeringStrategyName>
<growthPercent>0</growthPercent>
<growthType>Year</growthType>
<maxVolumes>9999999</maxVolumes>
<minVolumes>0</minVolumes>
<normalForm>Third</normalForm>
<attributes itemClass="oracle.dbtools.crest.model.design.logical.Attribute">
<Attribute name="id" id="4A99E2A3-44B3-481E-B454-F0233F623F3F">
<createdBy>zakil</createdBy>
<createdTime>2024-10-21 15:52:01 UTC</createdTime>
<commentInRDBMS><![CDATA[Identificador único del proyecto.]]></commentInRDBMS>
<generatorID>D5AA5519-2D01-7113-1104-6CE5744DB304</generatorID>
<ownerDesignName>DiagramaER</ownerDesignName>
<engineerTo>
<item key="A1D67CE5-04DA-F9CE-C69B-218FF8BADEEA" value="true"/>
</engineerTo>
<referedAttribute>1962F721-2763-3344-573A-8B12BF648563</referedAttribute>
<useDomainConstraints>false</useDomainConstraints>
<use>1</use>
<logicalDatatype>LOGDT011</logicalDatatype>
<ownDataTypeParameters>,,</ownDataTypeParameters>
</Attribute>
<Attribute name="id_empresa" id="5FF35233-8B2B-8BC8-131B-5E53C6ADDDA3">
<createdBy>zakil</createdBy>
<createdTime>2024-10-21 15:53:45 UTC</createdTime>
<commentInRDBMS><![CDATA[Identificador de la empresa a la que pertenece el proyecto]]></commentInRDBMS>
<ownerDesignName>DiagramaER</ownerDesignName>
<engineerTo>
<item key="A1D67CE5-04DA-F9CE-C69B-218FF8BADEEA" value="true"/>
</engineerTo>
<nullsAllowed>true</nullsAllowed>
<useDomainConstraints>false</useDomainConstraints>
<use>1</use>
<logicalDatatype>LOGDT011</logicalDatatype>
<ownDataTypeParameters>,,</ownDataTypeParameters>
</Attribute>
<Attribute name="id_responsable_tecnico" id="C67B6A51-012B-B068-3A2D-7814A50CFC6D">
<createdBy>zakil</createdBy>
<createdTime>2024-10-21 15:54:24 UTC</createdTime>
<commentInRDBMS><![CDATA[Identificador del respomsable técnico del proyecto. ]]></commentInRDBMS>
<ownerDesignName>DiagramaER</ownerDesignName>
<engineerTo>
<item key="A1D67CE5-04DA-F9CE-C69B-218FF8BADEEA" value="true"/>
</engineerTo>
<nullsAllowed>true</nullsAllowed>
<useDomainConstraints>false</useDomainConstraints>
<use>1</use>
<logicalDatatype>LOGDT011</logicalDatatype>
<ownDataTypeParameters>,,</ownDataTypeParameters>
</Attribute>
<Attribute name="precio_total" id="830F92B2-5486-F57F-0423-185F471909E1">
<createdBy>zakil</createdBy>
<createdTime>2024-10-21 15:54:51 UTC</createdTime>
<commentInRDBMS><![CDATA[Coste total del proyecto. ]]></commentInRDBMS>
<ownerDesignName>DiagramaER</ownerDesignName>
<engineerTo>
<item key="A1D67CE5-04DA-F9CE-C69B-218FF8BADEEA" value="true"/>
</engineerTo>
<nullsAllowed>true</nullsAllowed>
<useDomainConstraints>false</useDomainConstraints>
<use>1</use>
<logicalDatatype>LOGDT021</logicalDatatype>
<ownDataTypeParameters>,,</ownDataTypeParameters>
</Attribute>
<Attribute name="fecha_ini" id="2A545E1B-CB46-7A4A-AD0B-6EDBA6C3498D">
<createdBy>zakil</createdBy>
<createdTime>2024-10-21 15:55:59 UTC</createdTime>
<commentInRDBMS><![CDATA[Fecha de comienzo del proyecto. ]]></commentInRDBMS>
<ownerDesignName>DiagramaER</ownerDesignName>
<engineerTo>
<item key="A1D67CE5-04DA-F9CE-C69B-218FF8BADEEA" value="true"/>
</engineerTo>
<nullsAllowed>true</nullsAllowed>
<useDomainConstraints>false</useDomainConstraints>
<use>1</use>
<logicalDatatype>LOGDT007</logicalDatatype>
<ownDataTypeParameters>,,</ownDataTypeParameters>
</Attribute>
<Attribute name="fecha_fin" id="78AD1FC3-3BD3-5F52-C698-80CBF1F0CCDF">
<createdBy>zakil</createdBy>
<createdTime>2024-10-21 15:56:17 UTC</createdTime>
<ownerDesignName>DiagramaER</ownerDesignName>
<engineerTo>
<item key="A1D67CE5-04DA-F9CE-C69B-218FF8BADEEA" value="true"/>
</engineerTo>
<nullsAllowed>true</nullsAllowed>
<useDomainConstraints>false</useDomainConstraints>
<use>1</use>
<logicalDatatype>LOGDT007</logicalDatatype>
<ownDataTypeParameters>,,</ownDataTypeParameters>
</Attribute>
<Attribute name="tiempo_estimado" id="8CD04DE6-ABCA-494C-1D18-CA7161023476">
<createdBy>zakil</createdBy>
<createdTime>2024-10-21 15:56:28 UTC</createdTime>
<commentInRDBMS><![CDATA[Estimación del número de horas dedicadas al proyecto. ]]></commentInRDBMS>
<ownerDesignName>DiagramaER</ownerDesignName>
<engineerTo>
<item key="A1D67CE5-04DA-F9CE-C69B-218FF8BADEEA" value="true"/>
</engineerTo>
<nullsAllowed>true</nullsAllowed>
<useDomainConstraints>false</useDomainConstraints>
<use>1</use>
<logicalDatatype>LOGDT011</logicalDatatype>
<ownDataTypeParameters>,,</ownDataTypeParameters>
</Attribute>
<Attribute name="tiempo_dedicado" id="43B1E1EE-CF67-3EA6-9752-C63CE1BDCA6B">
<createdBy>zakil</createdBy>
<createdTime>2024-10-21 15:57:07 UTC</createdTime>
<commentInRDBMS><![CDATA[Suma de horas reales dedicadas al proyecto. ]]></commentInRDBMS>
<ownerDesignName>DiagramaER</ownerDesignName>
<engineerTo>
<item key="A1D67CE5-04DA-F9CE-C69B-218FF8BADEEA" value="true"/>
</engineerTo>
<nullsAllowed>true</nullsAllowed>
<useDomainConstraints>false</useDomainConstraints>
<use>1</use>
<logicalDatatype>LOGDT011</logicalDatatype>
<ownDataTypeParameters>,,</ownDataTypeParameters>
</Attribute>
<Attribute name="estado" id="2478C9B5-4D83-505F-7932-29856411235A">
<createdBy>zakil</createdBy>
<createdTime>2024-10-21 15:57:20 UTC</createdTime>
<commentInRDBMS><![CDATA[Posibles valores: Vigente, Terminado]]></commentInRDBMS>
<ownerDesignName>DiagramaER</ownerDesignName>
<engineerTo>
<item key="A1D67CE5-04DA-F9CE-C69B-218FF8BADEEA" value="true"/>
</engineerTo>
<nullsAllowed>true</nullsAllowed>
<useDomainConstraints>false</useDomainConstraints>
<use>1</use>
<logicalDatatype>A3A3C77D-0366-9768-FF89-1C25E56881C8</logicalDatatype>
<ownDataTypeParameters>,,</ownDataTypeParameters>
</Attribute>
<Attribute name="aplicaciones" id="6F4B60F1-C42C-06ED-8AFA-42B03E0778FC">
<createdBy>zakil</createdBy>
<createdTime>2024-10-21 15:57:36 UTC</createdTime>
<commentInRDBMS><![CDATA[List<Integer> : lista de los identificadores de las apliaciones del proyecto]]></commentInRDBMS>
<ownerDesignName>DiagramaER</ownerDesignName>
<engineerTo>
<item key="A1D67CE5-04DA-F9CE-C69B-218FF8BADEEA" value="true"/>
</engineerTo>
<nullsAllowed>true</nullsAllowed>
<use>0</use>
<ownDataTypeParameters>,,</ownDataTypeParameters>
</Attribute>
<Attribute name="categoria" id="1957C356-8CD5-9328-2BCB-5C61A1A3CFD6">
<createdBy>zakil</createdBy>
<createdTime>2024-10-21 17:27:29 UTC</createdTime>
<generatorID>835CDE9F-9EC1-6D49-23A1-740FCCC6977A</generatorID>
<ownerDesignName>DiagramaER</ownerDesignName>
<engineerTo>
<item key="A1D67CE5-04DA-F9CE-C69B-218FF8BADEEA" value="true"/>
</engineerTo>
<referedAttribute>DA4F2EEE-5E9F-9076-C07B-73D712711FC7</referedAttribute>
<use>1</use>
<logicalDatatype>A3A3C77D-0366-9768-FF89-1C25E56881C8</logicalDatatype>
<ownDataTypeParameters>,,</ownDataTypeParameters>
</Attribute>
<Attribute name="id_tecnico" id="7C938235-DC6F-F5C3-42B5-0314E50DCC23">
<createdBy>zakil</createdBy>
<createdTime>2024-10-21 17:54:34 UTC</createdTime>
<generatorID>835CDE9F-9EC1-6D49-23A1-740FCCC6977A</generatorID>
<ownerDesignName>DiagramaER</ownerDesignName>
<engineerTo>
<item key="A1D67CE5-04DA-F9CE-C69B-218FF8BADEEA" value="true"/>
</engineerTo>
<referedAttribute>B1EE3E9A-FED4-797E-1844-1D4FF14932C6</referedAttribute>
<useDomainConstraints>false</useDomainConstraints>
<use>1</use>
<logicalDatatype>LOGDT011</logicalDatatype>
<ownDataTypeParameters>,,</ownDataTypeParameters>
</Attribute>
</attributes>
<identifiers itemClass="oracle.dbtools.crest.model.design.logical.CandidateKey">
<identifier id="4330A78B-19B9-E5D4-4D44-E0596044B47C" name="Proyecto PK">
<createdBy>zakil</createdBy>
<createdTime>2024-10-21 15:51:59 UTC</createdTime>
<ownerDesignName>DiagramaER</ownerDesignName>
<engineerTo>
<item key="A1D67CE5-04DA-F9CE-C69B-218FF8BADEEA" value="true"/>
</engineerTo>
<pk>true</pk>
<usedAttributes>
<attributeRef>4A99E2A3-44B3-481E-B454-F0233F623F3F</attributeRef>
</usedAttributes>
</identifier>
</identifiers>
</Entity>