<?xml version = '1.0' encoding = 'UTF-8'?>
<FKIndexAssociation class="oracle.dbtools.crest.model.design.relational.FKIndexAssociation" directorySegmentName="seg_0" id="0FB93B98-AC9F-0B5B-9517-FF729DB6F85E" containerWithKeyObject="D5A17EF5-0016-87F7-72E8-6401E3973642" localFKIndex="E52587FC-EE50-3B12-F9F0-B19299B59056" name="Aplicación_Proyecto_FK">
<createdBy>zakil</createdBy>
<createdTime>2024-10-22 11:50:50 UTC</createdTime>
<generatorID>F129D8E8-351D-B039-830F-47AC519DC453</generatorID>
<ownerDesignName>ER_corregido</ownerDesignName>
<referredTableLongName>Proyecto</referredTableLongName>
<deleteRule>NO ACTION</deleteRule>
<referredTableID>A55DD00F-61F0-E1C8-B423-AC1E1C4B265F</referredTableID>
<keyObject>D0443815-A729-4D89-4DCC-C6F8AE0C03F2</keyObject>
<referredKeyID>D0443815-A729-4D89-4DCC-C6F8AE0C03F2</referredKeyID>
<mandatory>true</mandatory>
<refColNames>id_proyecto</refColNames>
<transferable>true</transferable>
<rely>false</rely>
<columnDependencyConstraintGenerateInDDL>true</columnDependencyConstraintGenerateInDDL>
</FKIndexAssociation>