<?xml version = '1.0' encoding = 'UTF-8'?>
<FKIndexAssociation class="oracle.dbtools.crest.model.design.relational.FKIndexAssociation" directorySegmentName="seg_0" id="2248ABA9-F307-0478-7798-0FE1662A5BE1" containerWithKeyObject="10C4AE3E-0DAF-923A-0CC9-66C7588AA7F4" localFKIndex="F95891B3-A1B4-CB90-1A7D-7BDCA4D5C493" name="Depende_de_Elemento_Software_FK">
<createdBy>zakil</createdBy>
<createdTime>2024-10-22 11:50:50 UTC</createdTime>
<generatorID>F203840F-47E4-CE30-55A5-3D364FD27653</generatorID>
<ownerDesignName>ER_corregido</ownerDesignName>
<referredTableLongName>Elemento_Software</referredTableLongName>
<deleteRule>NO ACTION</deleteRule>
<referredTableID>80008560-C373-B6BE-992A-BD7A670CCB0C</referredTableID>
<keyObject>11F53850-D1F9-1FD8-AEBE-6DBA54149CDA</keyObject>
<referredKeyID>11F53850-D1F9-1FD8-AEBE-6DBA54149CDA</referredKeyID>
<mandatory>true</mandatory>
<refColNames>id_elementoSW</refColNames>
<transferable>true</transferable>
<rely>false</rely>
<columnDependencyConstraintGenerateInDDL>true</columnDependencyConstraintGenerateInDDL>
</FKIndexAssociation>