<?xml version = '1.0' encoding = 'UTF-8'?>
<FKIndexAssociation class="oracle.dbtools.crest.model.design.relational.FKIndexAssociation" directorySegmentName="seg_0" id="2C3ADB2A-2564-D914-B4BF-2A838EC4D446" containerWithKeyObject="A55DD00F-61F0-E1C8-B423-AC1E1C4B265F" localFKIndex="78734D68-FCD0-FA38-DE66-857527A00BBD" name="Proyecto_Técnico_FK">
<createdBy>zakil</createdBy>
<createdTime>2024-10-22 11:50:50 UTC</createdTime>
<generatorID>835CDE9F-9EC1-6D49-23A1-740FCCC6977A</generatorID>
<ownerDesignName>ER_corregido</ownerDesignName>
<referredTableLongName>Técnico</referredTableLongName>
<deleteRule>NO ACTION</deleteRule>
<referredTableID>E4AF9CA6-6C41-371C-B41A-E9164DBB6054</referredTableID>
<keyObject>4126BA40-6904-0061-C1FB-9DD7AB47BADC</keyObject>
<referredKeyID>4126BA40-6904-0061-C1FB-9DD7AB47BADC</referredKeyID>
<mandatory>false</mandatory>
<refColNames>id_personal</refColNames>
<transferable>true</transferable>
<rely>false</rely>
<columnDependencyConstraintGenerateInDDL>true</columnDependencyConstraintGenerateInDDL>
</FKIndexAssociation>