<?xml version = '1.0' encoding = 'UTF-8'?>
<FKIndexAssociation class="oracle.dbtools.crest.model.design.relational.FKIndexAssociation" directorySegmentName="seg_0" id="68CA17ED-B01C-C148-F599-C9B1DA7A3B0E" containerWithKeyObject="0FCC6974-C2AA-F8BE-40A8-06D06B92716A" localFKIndex="D9C129E5-D6F7-908B-82BD-00B101FF0E9E" name="Personal_Comercial_FK">
<createdBy>zakil</createdBy>
<createdTime>2024-10-22 11:50:50 UTC</createdTime>
<generatorID>1F253391-1A78-FC6C-6E2F-18D9007E0C68</generatorID>
<ownerDesignName>ER_corregido</ownerDesignName>
<referredTableLongName>Comercial</referredTableLongName>
<arc>251EE2C4-BA8A-87C1-5922-98B353668609</arc>
<deleteRule>NO ACTION</deleteRule>
<referredTableID>2814CF24-C9A3-CAB1-CA16-9541E267C178</referredTableID>
<keyObject>D432F00B-DA91-446B-30F0-D466F1163EE8</keyObject>
<referredKeyID>D432F00B-DA91-446B-30F0-D466F1163EE8</referredKeyID>
<mandatory>false</mandatory>
<refColNames>id_personal</refColNames>
<transferable>true</transferable>
<rely>false</rely>
<columnDependencyConstraintGenerateInDDL>true</columnDependencyConstraintGenerateInDDL>
</FKIndexAssociation>