<?xml version = '1.0' encoding = 'UTF-8'?>
<FKIndexAssociation class="oracle.dbtools.crest.model.design.relational.FKIndexAssociation" directorySegmentName="seg_0" id="7B2295C7-E6A5-8A44-CDDE-0120015F638B" containerWithKeyObject="D5A17EF5-0016-87F7-72E8-6401E3973642" localFKIndex="BA938A04-9F42-46EB-F607-55CD17891FDD" name="Aplicación_Usuario_FK">
<createdBy>zakil</createdBy>
<createdTime>2024-10-22 11:50:50 UTC</createdTime>
<generatorID>06FE5C14-B3FF-BDF4-6BDB-35314124C468</generatorID>
<ownerDesignName>ER_corregido</ownerDesignName>
<referredTableLongName>Usuario</referredTableLongName>
<deleteRule>NO ACTION</deleteRule>
<referredTableID>C1B1C7AB-844E-97E1-ECBA-F82611A08489</referredTableID>
<keyObject>927BA3A4-C744-DCF6-919C-02EC3EBC452A</keyObject>
<referredKeyID>927BA3A4-C744-DCF6-919C-02EC3EBC452A</referredKeyID>
<mandatory>true</mandatory>
<refColNames>id_usuario</refColNames>
<transferable>true</transferable>
<rely>false</rely>
<columnDependencyConstraintGenerateInDDL>true</columnDependencyConstraintGenerateInDDL>
</FKIndexAssociation>