<?xml version = '1.0' encoding = 'UTF-8'?>
<FKIndexAssociation class="oracle.dbtools.crest.model.design.relational.FKIndexAssociation" directorySegmentName="seg_0" id="849BE446-8545-A955-14B5-426CCD86B416" containerWithKeyObject="0FCC6974-C2AA-F8BE-40A8-06D06B92716A" localFKIndex="48214A58-B9EB-92FC-95CF-02DAB8A8054D" name="Personal_Técnico_FK">
<createdBy>zakil</createdBy>
<createdTime>2024-10-22 11:50:50 UTC</createdTime>
<generatorID>2FF35470-BDEB-E71A-B778-25C20F76371A</generatorID>
<ownerDesignName>ER_corregido</ownerDesignName>
<referredTableLongName>Técnico</referredTableLongName>
<arc>251EE2C4-BA8A-87C1-5922-98B353668609</arc>
<deleteRule>NO ACTION</deleteRule>
<referredTableID>E4AF9CA6-6C41-371C-B41A-E9164DBB6054</referredTableID>
<keyObject>4126BA40-6904-0061-C1FB-9DD7AB47BADC</keyObject>
<referredKeyID>4126BA40-6904-0061-C1FB-9DD7AB47BADC</referredKeyID>
<mandatory>false</mandatory>
<refColNames>id_personal</refColNames>
<transferable>true</transferable>
<rely>false</rely>
<columnDependencyConstraintGenerateInDDL>true</columnDependencyConstraintGenerateInDDL>
</FKIndexAssociation>