<?xml version = '1.0' encoding = 'UTF-8'?>
<FKIndexAssociation class="oracle.dbtools.crest.model.design.relational.FKIndexAssociation" directorySegmentName="seg_0" id="890A4071-274E-38B1-1659-F14529819564" containerWithKeyObject="C1B1C7AB-844E-97E1-ECBA-F82611A08489" localFKIndex="10859240-3BF0-7893-AC86-DB83B8A3DB5C" name="Usuario_Empresa_cliente_FK">
<createdBy>zakil</createdBy>
<createdTime>2024-10-22 11:50:50 UTC</createdTime>
<generatorID>3D97763F-5808-2FCD-67BF-576DE0EE34DC</generatorID>
<ownerDesignName>ER_corregido</ownerDesignName>
<referredTableLongName>Empresa_cliente</referredTableLongName>
<deleteRule>NO ACTION</deleteRule>
<referredTableID>5D8642D4-8277-FFC4-149B-DCA7CE1DA046</referredTableID>
<keyObject>804951D0-22CF-6FCF-BEB3-1DBAFBCDDE5B</keyObject>
<referredKeyID>804951D0-22CF-6FCF-BEB3-1DBAFBCDDE5B</referredKeyID>
<mandatory>true</mandatory>
<refColNames>id_empresa</refColNames>
<transferable>true</transferable>
<rely>false</rely>
<columnDependencyConstraintGenerateInDDL>true</columnDependencyConstraintGenerateInDDL>
</FKIndexAssociation>