<?xml version = '1.0' encoding = 'UTF-8'?>
<FKIndexAssociation class="oracle.dbtools.crest.model.design.relational.FKIndexAssociation" directorySegmentName="seg_0" id="899E1897-C4CA-2812-DDF5-48BDBC344BAF" containerWithKeyObject="99E8DB60-70BC-6EF7-E073-40767CFC6D08" localFKIndex="24190431-F9C6-A6C3-0E79-1834B2AB21FD" name="Realiza_Tarea_FK">
<createdBy>zakil</createdBy>
<createdTime>2024-10-22 11:50:50 UTC</createdTime>
<generatorID>4896A302-5A3B-8708-ED42-F1CBBB6BDFD5</generatorID>
<ownerDesignName>ER_corregido</ownerDesignName>
<referredTableLongName>Tarea</referredTableLongName>
<deleteRule>NO ACTION</deleteRule>
<referredTableID>AA90019A-FF58-9C6B-55A3-0FDCFC0CDB0E</referredTableID>
<keyObject>FEA01FD6-F8B1-AEAD-493B-E0ABF245FB91</keyObject>
<referredKeyID>FEA01FD6-F8B1-AEAD-493B-E0ABF245FB91</referredKeyID>
<mandatory>true</mandatory>
<refColNames>id_tarea</refColNames>
<transferable>true</transferable>
<rely>false</rely>
<columnDependencyConstraintGenerateInDDL>true</columnDependencyConstraintGenerateInDDL>
</FKIndexAssociation>