<?xml version = '1.0' encoding = 'UTF-8'?>
<FKIndexAssociation class="oracle.dbtools.crest.model.design.relational.FKIndexAssociation" directorySegmentName="seg_0" id="8BFF5571-9838-5B02-EFA9-C7693278EFA3" containerWithKeyObject="32A3BE4E-C71E-7EA0-0CE6-092DDFCC05C4" localFKIndex="8BDD9D28-E39C-049A-D3AD-8F38F59C7005" name="Relation_19_Categoria_FKv1">
<createdBy>zakil</createdBy>
<createdTime>2024-10-29 20:11:30 UTC</createdTime>
<generatorID>3BBBA60B-59CE-92E3-A91A-2BAC575F51C1</generatorID>
<ownerDesignName>ER_corregido</ownerDesignName>
<referredTableLongName>Categoria</referredTableLongName>
<deleteRule>NO ACTION</deleteRule>
<referredTableID>C25B36C9-2854-1106-6C2C-FCB9B2F27817</referredTableID>
<keyObject>D2744229-F022-BF73-2B3E-71FF520F2A3A</keyObject>
<referredKeyID>D2744229-F022-BF73-2B3E-71FF520F2A3A</referredKeyID>
<mandatory>true</mandatory>
<refColNames>categoria</refColNames>
<transferable>true</transferable>
<rely>false</rely>
<columnDependencyConstraintGenerateInDDL>true</columnDependencyConstraintGenerateInDDL>
</FKIndexAssociation>