<?xml version = '1.0' encoding = 'UTF-8'?>
<FKIndexAssociation class="oracle.dbtools.crest.model.design.relational.FKIndexAssociation" directorySegmentName="seg_0" id="9605062B-4766-55B9-FE25-CAAFC9673FFC" containerWithKeyObject="32A3BE4E-C71E-7EA0-0CE6-092DDFCC05C4" localFKIndex="4E90780D-910D-9C83-E365-CCB5E213B00A" name="Relation_19_Técnico_FK">
<createdBy>zakil</createdBy>
<createdTime>2024-10-22 11:50:50 UTC</createdTime>
<generatorID>3BBBA60B-59CE-92E3-A91A-2BAC575F51C1</generatorID>
<ownerDesignName>ER_corregido</ownerDesignName>
<referredTableLongName>Técnico</referredTableLongName>
<deleteRule>NO ACTION</deleteRule>
<referredTableID>E4AF9CA6-6C41-371C-B41A-E9164DBB6054</referredTableID>
<keyObject>4126BA40-6904-0061-C1FB-9DD7AB47BADC</keyObject>
<referredKeyID>4126BA40-6904-0061-C1FB-9DD7AB47BADC</referredKeyID>
<mandatory>true</mandatory>
<refColNames>id_personal</refColNames>
<transferable>true</transferable>
<rely>false</rely>
<columnDependencyConstraintGenerateInDDL>true</columnDependencyConstraintGenerateInDDL>
</FKIndexAssociation>