<?xml version = '1.0' encoding = 'UTF-8'?>
<FKIndexAssociation class="oracle.dbtools.crest.model.design.relational.FKIndexAssociation" directorySegmentName="seg_0" id="9A4DAA9C-9A3C-6D0E-63BC-C2D6ACD75CEC" containerWithKeyObject="A55DD00F-61F0-E1C8-B423-AC1E1C4B265F" localFKIndex="E221C86E-D000-7D02-5BFD-63112944A023" name="Proyecto_Empresa_cliente_FK">
<createdBy>zakil</createdBy>
<createdTime>2024-10-22 11:50:50 UTC</createdTime>
<generatorID>D5AA5519-2D01-7113-1104-6CE5744DB304</generatorID>
<ownerDesignName>ER_corregido</ownerDesignName>
<referredTableLongName>Empresa_cliente</referredTableLongName>
<deleteRule>NO ACTION</deleteRule>
<referredTableID>5D8642D4-8277-FFC4-149B-DCA7CE1DA046</referredTableID>
<keyObject>804951D0-22CF-6FCF-BEB3-1DBAFBCDDE5B</keyObject>
<referredKeyID>804951D0-22CF-6FCF-BEB3-1DBAFBCDDE5B</referredKeyID>
<mandatory>true</mandatory>
<refColNames>id_empresa</refColNames>
<transferable>true</transferable>
<rely>false</rely>
<columnDependencyConstraintGenerateInDDL>true</columnDependencyConstraintGenerateInDDL>
</FKIndexAssociation>