<?xml version = '1.0' encoding = 'UTF-8'?>
<FKIndexAssociation class="oracle.dbtools.crest.model.design.relational.FKIndexAssociation" directorySegmentName="seg_0" id="AD0E1A6A-1457-CB96-ECF4-BEB7C930519D" containerWithKeyObject="BCB35BC5-E513-029A-B20B-84E99B0D9026" localFKIndex="D3BD0D6E-3BEF-5EBC-BE70-5102692AC00B" name="Petición_Usuario_FKv2">
<createdBy>zakil</createdBy>
<createdTime>2024-10-22 11:50:50 UTC</createdTime>
<generatorID>DFD1118F-0271-AACE-AF00-5A3ABDCB1993</generatorID>
<ownerDesignName>ER_corregido</ownerDesignName>
<referredTableLongName>Usuario</referredTableLongName>
<deleteRule>NO ACTION</deleteRule>
<referredTableID>C1B1C7AB-844E-97E1-ECBA-F82611A08489</referredTableID>
<keyObject>927BA3A4-C744-DCF6-919C-02EC3EBC452A</keyObject>
<referredKeyID>927BA3A4-C744-DCF6-919C-02EC3EBC452A</referredKeyID>
<mandatory>true</mandatory>
<refColNames>id_usuario</refColNames>
<transferable>true</transferable>
<rely>false</rely>
<columnDependencyConstraintGenerateInDDL>true</columnDependencyConstraintGenerateInDDL>
</FKIndexAssociation>