<?xml version = '1.0' encoding = 'UTF-8'?>
<FKIndexAssociation class="oracle.dbtools.crest.model.design.relational.FKIndexAssociation" directorySegmentName="seg_0" id="AF4F819E-D61D-6B65-FA32-DB829E5F7BFA" containerWithKeyObject="5D8642D4-8277-FFC4-149B-DCA7CE1DA046" localFKIndex="F258548D-24C5-176F-54DA-0B1CF099B141" name="Empresa_cliente_Comercial_FK">
<createdBy>zakil</createdBy>
<createdTime>2024-10-22 11:50:50 UTC</createdTime>
<generatorID>513BA975-646A-3B52-D266-40172E26234B</generatorID>
<ownerDesignName>ER_corregido</ownerDesignName>
<referredTableLongName>Comercial</referredTableLongName>
<deleteRule>NO ACTION</deleteRule>
<referredTableID>2814CF24-C9A3-CAB1-CA16-9541E267C178</referredTableID>
<keyObject>D432F00B-DA91-446B-30F0-D466F1163EE8</keyObject>
<referredKeyID>D432F00B-DA91-446B-30F0-D466F1163EE8</referredKeyID>
<mandatory>false</mandatory>
<refColNames>id_personal</refColNames>
<transferable>true</transferable>
<rely>false</rely>
<columnDependencyConstraintGenerateInDDL>true</columnDependencyConstraintGenerateInDDL>
</FKIndexAssociation>