<?xml version = '1.0' encoding = 'UTF-8'?>
<FKIndexAssociation class="oracle.dbtools.crest.model.design.relational.FKIndexAssociation" directorySegmentName="seg_0" id="B1481BF3-39A4-C3ED-9C72-420FA50F3BB9" containerWithKeyObject="10C4AE3E-0DAF-923A-0CC9-66C7588AA7F4" localFKIndex="723948A5-3411-B42F-1143-C92A32A4975D" name="Depende_de_Elemento_Software_FKv1">
<createdBy>zakil</createdBy>
<createdTime>2024-10-22 11:50:50 UTC</createdTime>
<generatorID>F203840F-47E4-CE30-55A5-3D364FD27653</generatorID>
<ownerDesignName>ER_corregido</ownerDesignName>
<referredTableLongName>Elemento_Software</referredTableLongName>
<deleteRule>NO ACTION</deleteRule>
<referredTableID>80008560-C373-B6BE-992A-BD7A670CCB0C</referredTableID>
<keyObject>11F53850-D1F9-1FD8-AEBE-6DBA54149CDA</keyObject>
<referredKeyID>11F53850-D1F9-1FD8-AEBE-6DBA54149CDA</referredKeyID>
<mandatory>true</mandatory>
<refColNames>id_elementoSW</refColNames>
<transferable>true</transferable>
<rely>false</rely>
<columnDependencyConstraintGenerateInDDL>true</columnDependencyConstraintGenerateInDDL>
</FKIndexAssociation>