<?xml version = '1.0' encoding = 'UTF-8'?>
<FKIndexAssociation class="oracle.dbtools.crest.model.design.relational.FKIndexAssociation" directorySegmentName="seg_0" id="B61ADA08-14BA-BC9E-157C-74D64FBC45C2" containerWithKeyObject="99E8DB60-70BC-6EF7-E073-40767CFC6D08" localFKIndex="CC0EBE7A-CC96-2AE2-EB0E-ED9218967271" name="Realiza_Técnico_FK">
<createdBy>zakil</createdBy>
<createdTime>2024-10-22 11:50:50 UTC</createdTime>
<generatorID>4896A302-5A3B-8708-ED42-F1CBBB6BDFD5</generatorID>
<ownerDesignName>ER_corregido</ownerDesignName>
<referredTableLongName>Técnico</referredTableLongName>
<deleteRule>NO ACTION</deleteRule>
<referredTableID>E4AF9CA6-6C41-371C-B41A-E9164DBB6054</referredTableID>
<keyObject>4126BA40-6904-0061-C1FB-9DD7AB47BADC</keyObject>
<referredKeyID>4126BA40-6904-0061-C1FB-9DD7AB47BADC</referredKeyID>
<mandatory>true</mandatory>
<refColNames>id_personal</refColNames>
<transferable>true</transferable>
<rely>false</rely>
<columnDependencyConstraintGenerateInDDL>true</columnDependencyConstraintGenerateInDDL>
</FKIndexAssociation>