<?xml version = '1.0' encoding = 'UTF-8'?>
<FKIndexAssociation class="oracle.dbtools.crest.model.design.relational.FKIndexAssociation" directorySegmentName="seg_0" id="BB2D11FC-6ED6-A8D4-B988-232794A7E7D2" containerWithKeyObject="BCB35BC5-E513-029A-B20B-84E99B0D9026" localFKIndex="65D2DC1C-39A9-0AB7-5510-D54C620AFC70" name="Petición_Usuario_FKv3">
<createdBy>zakil</createdBy>
<createdTime>2024-10-29 20:11:30 UTC</createdTime>
<generatorID>42D8613D-A898-C018-E0A1-30FD3089B88E</generatorID>
<ownerDesignName>ER_corregido</ownerDesignName>
<referredTableLongName>Usuario</referredTableLongName>
<deleteRule>NO ACTION</deleteRule>
<referredTableID>C1B1C7AB-844E-97E1-ECBA-F82611A08489</referredTableID>
<keyObject>927BA3A4-C744-DCF6-919C-02EC3EBC452A</keyObject>
<referredKeyID>927BA3A4-C744-DCF6-919C-02EC3EBC452A</referredKeyID>
<mandatory>false</mandatory>
<refColNames>id_usuario</refColNames>
<transferable>true</transferable>
<rely>false</rely>
<columnDependencyConstraintGenerateInDDL>true</columnDependencyConstraintGenerateInDDL>
</FKIndexAssociation>