<?xml version = '1.0' encoding = 'UTF-8'?>
<FKIndexAssociation class="oracle.dbtools.crest.model.design.relational.FKIndexAssociation" directorySegmentName="seg_0" id="BBE18790-08F0-1C81-6BA8-177EA65EC857" containerWithKeyObject="BCB35BC5-E513-029A-B20B-84E99B0D9026" localFKIndex="370629AD-95AF-0CAF-B651-B4374F62EC1C" name="Petición_Usuario_FK">
<createdBy>zakil</createdBy>
<createdTime>2024-10-22 11:50:50 UTC</createdTime>
<generatorID>59E24CB6-2825-815D-FC99-C7CBAD1999FC</generatorID>
<ownerDesignName>ER_corregido</ownerDesignName>
<referredTableLongName>Usuario</referredTableLongName>
<deleteRule>NO ACTION</deleteRule>
<referredTableID>C1B1C7AB-844E-97E1-ECBA-F82611A08489</referredTableID>
<keyObject>927BA3A4-C744-DCF6-919C-02EC3EBC452A</keyObject>
<referredKeyID>927BA3A4-C744-DCF6-919C-02EC3EBC452A</referredKeyID>
<mandatory>true</mandatory>
<refColNames>id_usuario</refColNames>
<transferable>true</transferable>
<rely>false</rely>
<columnDependencyConstraintGenerateInDDL>true</columnDependencyConstraintGenerateInDDL>
</FKIndexAssociation>