<?xml version = '1.0' encoding = 'UTF-8'?>
<FKIndexAssociation class="oracle.dbtools.crest.model.design.relational.FKIndexAssociation" directorySegmentName="seg_0" id="C134552C-2CAB-ADD2-50AA-813CA3DCD752" containerWithKeyObject="32A3BE4E-C71E-7EA0-0CE6-092DDFCC05C4" localFKIndex="B472970C-0E72-B0C0-6A02-670DB581FDE0" name="Relation_19_Categoria_FK">
<createdBy>zakil</createdBy>
<createdTime>2024-10-22 11:50:50 UTC</createdTime>
<generatorID>3BBBA60B-59CE-92E3-A91A-2BAC575F51C1</generatorID>
<ownerDesignName>ER_corregido</ownerDesignName>
<referredTableLongName>Categoria</referredTableLongName>
<deleteRule>NO ACTION</deleteRule>
<referredTableID>C25B36C9-2854-1106-6C2C-FCB9B2F27817</referredTableID>
<keyObject>B20A7D6A-EF1C-09F3-FD37-44730AC95763</keyObject>
<referredKeyID>B20A7D6A-EF1C-09F3-FD37-44730AC95763</referredKeyID>
<mandatory>true</mandatory>
<refColNames>categoria</refColNames>
<transferable>true</transferable>
<rely>false</rely>
<columnDependencyConstraintGenerateInDDL>true</columnDependencyConstraintGenerateInDDL>
</FKIndexAssociation>