<?xml version = '1.0' encoding = 'UTF-8'?>
<FKIndexAssociation class="oracle.dbtools.crest.model.design.relational.FKIndexAssociation" directorySegmentName="seg_0" id="C6BBC0E8-3527-86DC-EEB7-6D1128904B69" containerWithKeyObject="4C73670D-ACA3-3FB4-40B0-7845AC7C762E" localFKIndex="6FB9C617-2675-0BA1-E7C7-880C379054D7" name="Formada_Por_Elemento_Software_FK">
<createdBy>zakil</createdBy>
<createdTime>2024-10-22 11:50:50 UTC</createdTime>
<generatorID>9006DFCE-455A-13CF-3BC0-AB1314D172B1</generatorID>
<ownerDesignName>ER_corregido</ownerDesignName>
<referredTableLongName>Elemento_Software</referredTableLongName>
<deleteRule>NO ACTION</deleteRule>
<referredTableID>80008560-C373-B6BE-992A-BD7A670CCB0C</referredTableID>
<keyObject>11F53850-D1F9-1FD8-AEBE-6DBA54149CDA</keyObject>
<referredKeyID>11F53850-D1F9-1FD8-AEBE-6DBA54149CDA</referredKeyID>
<mandatory>true</mandatory>
<refColNames>id_elementoSW</refColNames>
<transferable>true</transferable>
<rely>false</rely>
<columnDependencyConstraintGenerateInDDL>true</columnDependencyConstraintGenerateInDDL>
</FKIndexAssociation>