<?xml version = '1.0' encoding = 'UTF-8'?>
<FKIndexAssociation class="oracle.dbtools.crest.model.design.relational.FKIndexAssociation" directorySegmentName="seg_0" id="CC569EBE-BADA-E8E1-C1A9-FD69DEEF7EE4" containerWithKeyObject="AA90019A-FF58-9C6B-55A3-0FDCFC0CDB0E" localFKIndex="A980D044-D4F0-489D-5531-49116F4D776A" name="Tarea_Petición_FK">
<createdBy>zakil</createdBy>
<createdTime>2024-10-22 11:50:50 UTC</createdTime>
<generatorID>C71697F3-7164-5A20-402F-1FAF18AA0594</generatorID>
<ownerDesignName>ER_corregido</ownerDesignName>
<referredTableLongName>Petición</referredTableLongName>
<deleteRule>NO ACTION</deleteRule>
<referredTableID>BCB35BC5-E513-029A-B20B-84E99B0D9026</referredTableID>
<keyObject>54E04130-2D60-D1FB-7FEF-6F1064AB9290</keyObject>
<referredKeyID>54E04130-2D60-D1FB-7FEF-6F1064AB9290</referredKeyID>
<mandatory>true</mandatory>
<refColNames>id_peticion</refColNames>
<transferable>true</transferable>
<rely>false</rely>
<columnDependencyConstraintGenerateInDDL>true</columnDependencyConstraintGenerateInDDL>
</FKIndexAssociation>