<?xml version = '1.0' encoding = 'UTF-8'?>
<FKIndexAssociation class="oracle.dbtools.crest.model.design.relational.FKIndexAssociation" directorySegmentName="seg_0" id="D523489A-28FA-8B83-EEAD-BBB4491ED703" containerWithKeyObject="A55DD00F-61F0-E1C8-B423-AC1E1C4B265F" localFKIndex="6C30A93B-178E-96F5-63A1-86BE1227C62E" name="Proyecto_Empresa_cliente_FKv2">
<createdBy>zakil</createdBy>
<createdTime>2024-10-29 20:11:30 UTC</createdTime>
<generatorID>33999466-7F83-6FBC-BED1-17BFE76C8969</generatorID>
<ownerDesignName>ER_corregido</ownerDesignName>
<referredTableLongName>Empresa_cliente</referredTableLongName>
<deleteRule>NO ACTION</deleteRule>
<referredTableID>5D8642D4-8277-FFC4-149B-DCA7CE1DA046</referredTableID>
<keyObject>804951D0-22CF-6FCF-BEB3-1DBAFBCDDE5B</keyObject>
<referredKeyID>804951D0-22CF-6FCF-BEB3-1DBAFBCDDE5B</referredKeyID>
<mandatory>true</mandatory>
<refColNames>id_empresa</refColNames>
<transferable>true</transferable>
<rely>false</rely>
<columnDependencyConstraintGenerateInDDL>true</columnDependencyConstraintGenerateInDDL>
</FKIndexAssociation>