<?xml version = '1.0' encoding = 'UTF-8'?>
<FKIndexAssociation class="oracle.dbtools.crest.model.design.relational.FKIndexAssociation" directorySegmentName="seg_0" id="E560C553-7A02-05A1-A456-978DDF687B46" containerWithKeyObject="BCB35BC5-E513-029A-B20B-84E99B0D9026" localFKIndex="3E2C4218-F19F-1505-19A0-F81C9CE49AC0" name="Petición_Aplicación_FK">
<createdBy>zakil</createdBy>
<createdTime>2024-10-22 11:50:50 UTC</createdTime>
<generatorID>1A591AD2-416A-A9BB-4A2D-1B7C557A8515</generatorID>
<ownerDesignName>ER_corregido</ownerDesignName>
<referredTableLongName>Aplicación</referredTableLongName>
<deleteRule>NO ACTION</deleteRule>
<referredTableID>D5A17EF5-0016-87F7-72E8-6401E3973642</referredTableID>
<keyObject>A57A6AE6-0B9D-1E20-C7E3-A3ECC8826BEC</keyObject>
<referredKeyID>A57A6AE6-0B9D-1E20-C7E3-A3ECC8826BEC</referredKeyID>
<mandatory>true</mandatory>
<refColNames>id_aplicacion</refColNames>
<transferable>true</transferable>
<rely>false</rely>
<columnDependencyConstraintGenerateInDDL>true</columnDependencyConstraintGenerateInDDL>
</FKIndexAssociation>