<?xml version = '1.0' encoding = 'UTF-8'?>
<FKIndexAssociation class="oracle.dbtools.crest.model.design.relational.FKIndexAssociation" directorySegmentName="seg_0" id="F3EF9971-6A96-DEFA-49A4-616F89078E1E" containerWithKeyObject="BCB35BC5-E513-029A-B20B-84E99B0D9026" localFKIndex="41C160B5-20E2-C3E9-09C7-BEA328EF15B6" name="Petición_Técnico_FK">
<createdBy>zakil</createdBy>
<createdTime>2024-10-22 11:50:50 UTC</createdTime>
<generatorID>489A9D05-4143-2953-4F90-F5C7C2B40817</generatorID>
<ownerDesignName>ER_corregido</ownerDesignName>
<referredTableLongName>Técnico</referredTableLongName>
<deleteRule>NO ACTION</deleteRule>
<referredTableID>E4AF9CA6-6C41-371C-B41A-E9164DBB6054</referredTableID>
<keyObject>4126BA40-6904-0061-C1FB-9DD7AB47BADC</keyObject>
<referredKeyID>4126BA40-6904-0061-C1FB-9DD7AB47BADC</referredKeyID>
<mandatory>false</mandatory>
<refColNames>id_personal</refColNames>
<transferable>true</transferable>
<rely>false</rely>
<columnDependencyConstraintGenerateInDDL>true</columnDependencyConstraintGenerateInDDL>
</FKIndexAssociation>