<?xml version = '1.0' encoding = 'UTF-8'?>
<FKIndexAssociation class="oracle.dbtools.crest.model.design.relational.FKIndexAssociation" directorySegmentName="seg_0" id="F90625A4-416D-DCA1-481F-1BDD3C20C306" containerWithKeyObject="4C73670D-ACA3-3FB4-40B0-7845AC7C762E" localFKIndex="B9882488-59AA-E2BA-0697-D2022E340134" name="Formada_Por_Aplicación_FK">
<createdBy>zakil</createdBy>
<createdTime>2024-10-22 11:50:50 UTC</createdTime>
<generatorID>9006DFCE-455A-13CF-3BC0-AB1314D172B1</generatorID>
<ownerDesignName>ER_corregido</ownerDesignName>
<referredTableLongName>Aplicación</referredTableLongName>
<deleteRule>NO ACTION</deleteRule>
<referredTableID>D5A17EF5-0016-87F7-72E8-6401E3973642</referredTableID>
<keyObject>A57A6AE6-0B9D-1E20-C7E3-A3ECC8826BEC</keyObject>
<referredKeyID>A57A6AE6-0B9D-1E20-C7E3-A3ECC8826BEC</referredKeyID>
<mandatory>true</mandatory>
<refColNames>id_aplicacion</refColNames>
<transferable>true</transferable>
<rely>false</rely>
<columnDependencyConstraintGenerateInDDL>true</columnDependencyConstraintGenerateInDDL>
</FKIndexAssociation>