<?xml version = '1.0' encoding = 'UTF-8'?>
<Entity class="oracle.dbtools.crest.model.design.logical.Entity" directorySegmentName="seg_0" id="0555620A-B3D2-4634-1850-27AC15A510F3" name="Tarea">
<createdBy>Iker Manzano</createdBy>
<createdTime>2024-10-21 08:42:59 UTC</createdTime>
<ownerDesignName>ER_corregido</ownerDesignName>
<engineerTo>
<item key="A1D67CE5-04DA-F9CE-C69B-218FF8BADEEA" value="true"/>
</engineerTo>
<adequatelyNormalized>NO</adequatelyNormalized>
<expectedVolumes>0</expectedVolumes>
<fwdEngineeringStrategyName>Single Table</fwdEngineeringStrategyName>
<growthPercent>0</growthPercent>
<growthType>Year</growthType>
<maxVolumes>9999999</maxVolumes>
<minVolumes>0</minVolumes>
<normalForm>Third</normalForm>
<attributes itemClass="oracle.dbtools.crest.model.design.logical.Attribute">
<Attribute name="id_tarea" id="98EA5532-7F01-9369-F854-216F792BD86C">
<createdBy>zakil</createdBy>
<createdTime>2024-10-21 16:52:11 UTC</createdTime>
<comment><![CDATA[identificador único de la tarea. ]]></comment>
<ownerDesignName>ER_corregido</ownerDesignName>
<engineerTo>
<item key="A1D67CE5-04DA-F9CE-C69B-218FF8BADEEA" value="true"/>
</engineerTo>
<useDomainConstraints>false</useDomainConstraints>
<use>1</use>
<logicalDatatype>LOGDT011</logicalDatatype>
<ownDataTypeParameters>,,</ownDataTypeParameters>
</Attribute>
<Attribute name="id_peticion" id="E651E1FF-58BA-ED7B-1F32-AEF6B4D0C688">
<createdBy>zakil</createdBy>
<createdTime>2024-10-22 14:05:46 UTC</createdTime>
<comment><![CDATA[Identificador de la petición a la que está asociada la tarea.]]></comment>
<generatorID>C71697F3-7164-5A20-402F-1FAF18AA0594</generatorID>
<ownerDesignName>ER_corregido</ownerDesignName>
<engineerTo>
<item key="A1D67CE5-04DA-F9CE-C69B-218FF8BADEEA" value="true"/>
</engineerTo>
<referedAttribute>FD5CC36D-11CA-628D-E372-F1F4FDD7925F</referedAttribute>
<useDomainConstraints>false</useDomainConstraints>
<use>1</use>
<logicalDatatype>LOGDT011</logicalDatatype>
<ownDataTypeParameters>,,</ownDataTypeParameters>
</Attribute>
<Attribute name="fecha_ini" id="BCD1FCB2-FD79-5462-9D53-76AF1D9559EC">
<createdBy>zakil</createdBy>
<createdTime>2024-10-21 16:53:45 UTC</createdTime>
<comment><![CDATA[Fecha de inicio de la tarea]]></comment>
<ownerDesignName>ER_corregido</ownerDesignName>
<engineerTo>
<item key="A1D67CE5-04DA-F9CE-C69B-218FF8BADEEA" value="true"/>
</engineerTo>
<nullsAllowed>true</nullsAllowed>
<useDomainConstraints>false</useDomainConstraints>
<use>1</use>
<logicalDatatype>LOGDT007</logicalDatatype>
<ownDataTypeParameters>,,</ownDataTypeParameters>
</Attribute>
<Attribute name="fecha_fin" id="231CDDEB-9B72-F963-1171-EC59596035FB">
<createdBy>zakil</createdBy>
<createdTime>2024-10-21 16:54:41 UTC</createdTime>
<comment><![CDATA[Fecha fin de la tarea. ]]></comment>
<ownerDesignName>ER_corregido</ownerDesignName>
<engineerTo>
<item key="A1D67CE5-04DA-F9CE-C69B-218FF8BADEEA" value="true"/>
</engineerTo>
<nullsAllowed>true</nullsAllowed>
<useDomainConstraints>false</useDomainConstraints>
<use>1</use>
<logicalDatatype>LOGDT007</logicalDatatype>
<ownDataTypeParameters>,,</ownDataTypeParameters>
</Attribute>
<Attribute name="tipo" id="C28A9FF4-4D94-5260-E42C-4A03610FF8EF">
<createdBy>zakil</createdBy>
<createdTime>2024-10-21 16:54:58 UTC</createdTime>
<comment><![CDATA[Tipo predefinido de la tarea.]]></comment>
<ownerDesignName>ER_corregido</ownerDesignName>
<engineerTo>
<item key="A1D67CE5-04DA-F9CE-C69B-218FF8BADEEA" value="true"/>
</engineerTo>
<nullsAllowed>true</nullsAllowed>
<useDomainConstraints>false</useDomainConstraints>
<use>1</use>
<logicalDatatype>A3A3C77D-0366-9768-FF89-1C25E56881C8</logicalDatatype>
<ownDataTypeParameters>,,</ownDataTypeParameters>
</Attribute>
</attributes>
<identifiers itemClass="oracle.dbtools.crest.model.design.logical.CandidateKey">
<identifier id="F28BD2D1-944B-5D67-5554-C0BD06E7C331" name="Tarea PK">
<createdBy>zakil</createdBy>
<createdTime>2024-10-21 16:52:53 UTC</createdTime>
<ownerDesignName>ER_corregido</ownerDesignName>
<shouldEngineer>false</shouldEngineer>
<engineerTo>
<item key="A1D67CE5-04DA-F9CE-C69B-218FF8BADEEA" value="false"/>
</engineerTo>
<pk>true</pk>
<newElementsIDs>98EA5532-7F01-9369-F854-216F792BD86C</newElementsIDs>
<usedAttributes>
<attributeRef>98EA5532-7F01-9369-F854-216F792BD86C</attributeRef>
</usedAttributes>
</identifier>
</identifiers>
</Entity>