<?xml version = '1.0' encoding = 'UTF-8'?>
<Entity class="oracle.dbtools.crest.model.design.logical.Entity" directorySegmentName="seg_0" id="0E0A3873-136A-298E-4900-D69CFC480F07" name="Empresa_cliente">
<createdBy>Iker Manzano</createdBy>
<createdTime>2024-10-21 08:42:50 UTC</createdTime>
<ownerDesignName>ER_corregido</ownerDesignName>
<engineerTo>
<item key="A1D67CE5-04DA-F9CE-C69B-218FF8BADEEA" value="true"/>
</engineerTo>
<adequatelyNormalized>NO</adequatelyNormalized>
<expectedVolumes>0</expectedVolumes>
<fwdEngineeringStrategyName>Single Table</fwdEngineeringStrategyName>
<growthPercent>0</growthPercent>
<growthType>Year</growthType>
<maxVolumes>9999999</maxVolumes>
<minVolumes>0</minVolumes>
<normalForm>Third</normalForm>
<attributes itemClass="oracle.dbtools.crest.model.design.logical.Attribute">
<Attribute name="id_empresa" id="1962F721-2763-3344-573A-8B12BF648563">
<createdBy>zakil</createdBy>
<createdTime>2024-10-21 15:51:51 UTC</createdTime>
<ownerDesignName>ER_corregido</ownerDesignName>
<engineerTo>
<item key="A1D67CE5-04DA-F9CE-C69B-218FF8BADEEA" value="true"/>
</engineerTo>
<useDomainConstraints>false</useDomainConstraints>
<use>1</use>
<logicalDatatype>LOGDT011</logicalDatatype>
<ownDataTypeParameters>,,</ownDataTypeParameters>
</Attribute>
<Attribute name="nombre" id="A8AFC95E-20FB-7EC6-3A1E-F235A1E14A41">
<createdBy>zakil</createdBy>
<createdTime>2024-10-21 15:50:30 UTC</createdTime>
<ownerDesignName>ER_corregido</ownerDesignName>
<engineerTo>
<item key="A1D67CE5-04DA-F9CE-C69B-218FF8BADEEA" value="true"/>
</engineerTo>
<nullsAllowed>true</nullsAllowed>
<useDomainConstraints>false</useDomainConstraints>
<use>1</use>
<logicalDatatype>A3A3C77D-0366-9768-FF89-1C25E56881C8</logicalDatatype>
<ownDataTypeParameters>,,</ownDataTypeParameters>
</Attribute>
<Attribute name="id_personal" id="EB1B5829-6DF9-32D1-7EAB-B819840BBEC4">
<createdBy>zakil</createdBy>
<createdTime>2024-10-22 10:48:00 UTC</createdTime>
<comment><![CDATA[Identificador del personal COANDES (responsable comercial) encargado de gestionar la empresa cliente. ]]></comment>
<generatorID>513BA975-646A-3B52-D266-40172E26234B</generatorID>
<ownerDesignName>ER_corregido</ownerDesignName>
<engineerTo>
<item key="A1D67CE5-04DA-F9CE-C69B-218FF8BADEEA" value="true"/>
</engineerTo>
<nullsAllowed>true</nullsAllowed>
<referedAttribute>934A6097-56FB-816E-2501-83F82EB8A7A4</referedAttribute>
<useDomainConstraints>false</useDomainConstraints>
<use>1</use>
<logicalDatatype>LOGDT011</logicalDatatype>
<ownDataTypeParameters>,,</ownDataTypeParameters>
</Attribute>
<Attribute name="inactivo" id="3357D113-AE23-C1B0-413F-84DCB69449D6">
<createdBy>zakil</createdBy>
<createdTime>2024-11-05 11:55:54 UTC</createdTime>
<commentInRDBMS><![CDATA[Indica si una empresa cliente ha sido borrada y ya no se tiene relación con ella.]]></commentInRDBMS>
<ownerDesignName>ER_corregido</ownerDesignName>
<engineerTo>
<item key="A1D67CE5-04DA-F9CE-C69B-218FF8BADEEA" value="true"/>
</engineerTo>
<nullsAllowed>true</nullsAllowed>
<useDomainConstraints>false</useDomainConstraints>
<use>1</use>
<logicalDatatype>LOGDT006</logicalDatatype>
<dataTypeSize>1</dataTypeSize>
<ownDataTypeParameters>1,,</ownDataTypeParameters>
</Attribute>
</attributes>
<identifiers itemClass="oracle.dbtools.crest.model.design.logical.CandidateKey">
<identifier id="0049ADCE-F9CB-A32A-80CB-020FA44B8F91" name="Empresa_cliente PK">
<createdBy>zakil</createdBy>
<createdTime>2024-10-21 15:51:59 UTC</createdTime>
<ownerDesignName>ER_corregido</ownerDesignName>
<shouldEngineer>false</shouldEngineer>
<engineerTo>
<item key="A1D67CE5-04DA-F9CE-C69B-218FF8BADEEA" value="false"/>
</engineerTo>
<pk>true</pk>
<newElementsIDs>1962F721-2763-3344-573A-8B12BF648563</newElementsIDs>
<usedAttributes>
<attributeRef>1962F721-2763-3344-573A-8B12BF648563</attributeRef>
</usedAttributes>
</identifier>
</identifiers>
</Entity>