<?xml version = '1.0' encoding = 'UTF-8'?>
<Entity class="oracle.dbtools.crest.model.design.logical.Entity" directorySegmentName="seg_0" id="192F002C-E63B-5386-F8DC-A27DC101FE57" name="Usuario">
<createdBy>Iker Manzano</createdBy>
<createdTime>2024-10-21 08:42:21 UTC</createdTime>
<ownerDesignName>ER_corregido</ownerDesignName>
<engineerTo>
<item key="A1D67CE5-04DA-F9CE-C69B-218FF8BADEEA" value="true"/>
</engineerTo>
<adequatelyNormalized>NO</adequatelyNormalized>
<expectedVolumes>0</expectedVolumes>
<fwdEngineeringStrategyName>Single Table</fwdEngineeringStrategyName>
<growthPercent>0</growthPercent>
<growthType>Year</growthType>
<maxVolumes>9999999</maxVolumes>
<minVolumes>0</minVolumes>
<normalForm>Third</normalForm>
<attributes itemClass="oracle.dbtools.crest.model.design.logical.Attribute">
<Attribute name="id_usuario" id="6A4324D5-D020-E838-C21D-DFEF39497A38">
<createdBy>zakil</createdBy>
<createdTime>2024-10-22 11:42:13 UTC</createdTime>
<ownerDesignName>ER_corregido</ownerDesignName>
<engineerTo>
<item key="A1D67CE5-04DA-F9CE-C69B-218FF8BADEEA" value="true"/>
</engineerTo>
<useDomainConstraints>false</useDomainConstraints>
<use>1</use>
<logicalDatatype>LOGDT011</logicalDatatype>
<ownDataTypeParameters>,,</ownDataTypeParameters>
</Attribute>
<Attribute name="id_empresa" id="5B334E8C-EC62-14FA-7D06-AC79DF262FA4">
<createdBy>zakil</createdBy>
<createdTime>2024-10-21 15:52:01 UTC</createdTime>
<comment><![CDATA[Identificador de la empresa a la que pertenece el usuario. ]]></comment>
<generatorID>3D97763F-5808-2FCD-67BF-576DE0EE34DC</generatorID>
<ownerDesignName>ER_corregido</ownerDesignName>
<engineerTo>
<item key="A1D67CE5-04DA-F9CE-C69B-218FF8BADEEA" value="true"/>
</engineerTo>
<referedAttribute>1962F721-2763-3344-573A-8B12BF648563</referedAttribute>
<useDomainConstraints>false</useDomainConstraints>
<use>1</use>
<logicalDatatype>LOGDT011</logicalDatatype>
<ownDataTypeParameters>,,</ownDataTypeParameters>
</Attribute>
<Attribute name="nombre" id="9371B7D8-6A6B-BF9A-2064-C467B1B50A7A">
<createdBy>zakil</createdBy>
<createdTime>2024-10-21 16:13:30 UTC</createdTime>
<ownerDesignName>ER_corregido</ownerDesignName>
<engineerTo>
<item key="A1D67CE5-04DA-F9CE-C69B-218FF8BADEEA" value="true"/>
</engineerTo>
<nullsAllowed>true</nullsAllowed>
<useDomainConstraints>false</useDomainConstraints>
<use>1</use>
<logicalDatatype>A3A3C77D-0366-9768-FF89-1C25E56881C8</logicalDatatype>
<ownDataTypeParameters>,,</ownDataTypeParameters>
</Attribute>
<Attribute name="email" id="98B1039D-1487-8D73-5D7C-EA46F0EBFF14">
<createdBy>zakil</createdBy>
<createdTime>2024-10-21 16:13:42 UTC</createdTime>
<ownerDesignName>ER_corregido</ownerDesignName>
<engineerTo>
<item key="A1D67CE5-04DA-F9CE-C69B-218FF8BADEEA" value="true"/>
</engineerTo>
<nullsAllowed>true</nullsAllowed>
<useDomainConstraints>false</useDomainConstraints>
<use>1</use>
<logicalDatatype>A3A3C77D-0366-9768-FF89-1C25E56881C8</logicalDatatype>
<dataTypeSize>256 CHAR</dataTypeSize>
<ownDataTypeParameters>256 CHAR,,</ownDataTypeParameters>
</Attribute>
<Attribute name="telefono" id="EB8AC865-C2BA-69FA-08A6-EBADB89CD7A5">
<createdBy>zakil</createdBy>
<createdTime>2024-10-21 16:14:41 UTC</createdTime>
<ownerDesignName>ER_corregido</ownerDesignName>
<engineerTo>
<item key="A1D67CE5-04DA-F9CE-C69B-218FF8BADEEA" value="true"/>
</engineerTo>
<nullsAllowed>true</nullsAllowed>
<useDomainConstraints>false</useDomainConstraints>
<use>1</use>
<logicalDatatype>LOGDT037</logicalDatatype>
<dataTypeSize>9 CHAR</dataTypeSize>
<ownDataTypeParameters>9 CHAR,,</ownDataTypeParameters>
</Attribute>
<Attribute name="departamento" id="20C523A7-72AA-1F8A-E0FA-9B0CACB4343E">
<createdBy>zakil</createdBy>
<createdTime>2024-10-21 16:16:29 UTC</createdTime>
<comment><![CDATA[Departamento para el que trabaja el usuario]]></comment>
<ownerDesignName>ER_corregido</ownerDesignName>
<engineerTo>
<item key="A1D67CE5-04DA-F9CE-C69B-218FF8BADEEA" value="true"/>
</engineerTo>
<nullsAllowed>true</nullsAllowed>
<useDomainConstraints>false</useDomainConstraints>
<use>1</use>
<logicalDatatype>A3A3C77D-0366-9768-FF89-1C25E56881C8</logicalDatatype>
<dataTypeSize>100 CHAR</dataTypeSize>
<ownDataTypeParameters>100 CHAR,,</ownDataTypeParameters>
</Attribute>
<Attribute name="inactivo" id="A09C3237-2F8F-6AB9-7592-911E4E0A656C">
<createdBy>zakil</createdBy>
<createdTime>2024-11-05 12:25:36 UTC</createdTime>
<comment><![CDATA[Indica si un usuario ha sido borrado. ]]></comment>
<ownerDesignName>ER_corregido</ownerDesignName>
<engineerTo>
<item key="A1D67CE5-04DA-F9CE-C69B-218FF8BADEEA" value="true"/>
</engineerTo>
<nullsAllowed>true</nullsAllowed>
<useDomainConstraints>false</useDomainConstraints>
<use>1</use>
<logicalDatatype>LOGDT006</logicalDatatype>
<dataTypeSize>1</dataTypeSize>
<ownDataTypeParameters>1,,</ownDataTypeParameters>
</Attribute>
</attributes>
<identifiers itemClass="oracle.dbtools.crest.model.design.logical.CandidateKey">
<identifier id="5E82F830-6DC6-B47F-EF99-37772976A68C" name="Usuario PK">
<createdBy>zakil</createdBy>
<createdTime>2024-10-21 16:13:26 UTC</createdTime>
<ownerDesignName>ER_corregido</ownerDesignName>
<engineerTo>
<item key="A1D67CE5-04DA-F9CE-C69B-218FF8BADEEA" value="true"/>
</engineerTo>
<pk>true</pk>
<newElementsIDs>6A4324D5-D020-E838-C21D-DFEF39497A38</newElementsIDs>
<usedAttributes>
<attributeRef>6A4324D5-D020-E838-C21D-DFEF39497A38</attributeRef>
</usedAttributes>
</identifier>
</identifiers>
</Entity>