<?xml version = '1.0' encoding = 'UTF-8'?>
<Entity class="oracle.dbtools.crest.model.design.logical.Entity" directorySegmentName="seg_0" id="2D994F20-2C3D-9549-4C66-9F660870C3C2" name="Aplicación">
<createdBy>Iker Manzano</createdBy>
<createdTime>2024-10-21 08:36:19 UTC</createdTime>
<ownerDesignName>ER_corregido</ownerDesignName>
<engineerTo>
<item key="A1D67CE5-04DA-F9CE-C69B-218FF8BADEEA" value="true"/>
</engineerTo>
<adequatelyNormalized>NO</adequatelyNormalized>
<expectedVolumes>0</expectedVolumes>
<fwdEngineeringStrategyName>Single Table</fwdEngineeringStrategyName>
<growthPercent>0</growthPercent>
<growthType>Year</growthType>
<maxVolumes>9999999</maxVolumes>
<minVolumes>0</minVolumes>
<normalForm>Third</normalForm>
<attributes itemClass="oracle.dbtools.crest.model.design.logical.Attribute">
<Attribute name="id_aplicacion" id="2731A5C7-1826-2BD5-43B0-F8270CEED153">
<createdBy>zakil</createdBy>
<createdTime>2024-10-21 15:59:41 UTC</createdTime>
<comment><![CDATA[Identificador de la aplicación. ]]></comment>
<ownerDesignName>ER_corregido</ownerDesignName>
<engineerTo>
<item key="A1D67CE5-04DA-F9CE-C69B-218FF8BADEEA" value="true"/>
</engineerTo>
<useDomainConstraints>false</useDomainConstraints>
<use>1</use>
<logicalDatatype>LOGDT011</logicalDatatype>
<ownDataTypeParameters>,,</ownDataTypeParameters>
</Attribute>
<Attribute name="id_proyecto" id="D907220A-8D77-7C04-22A1-F5C860BAD5B9">
<createdBy>zakil</createdBy>
<createdTime>2024-10-22 11:30:53 UTC</createdTime>
<generatorID>F129D8E8-351D-B039-830F-47AC519DC453</generatorID>
<ownerDesignName>ER_corregido</ownerDesignName>
<engineerTo>
<item key="A1D67CE5-04DA-F9CE-C69B-218FF8BADEEA" value="true"/>
</engineerTo>
<referedAttribute>10EF8C65-D947-851E-E631-FD1A77ABBDD9</referedAttribute>
<useDomainConstraints>false</useDomainConstraints>
<use>1</use>
<logicalDatatype>LOGDT011</logicalDatatype>
<ownDataTypeParameters>,,</ownDataTypeParameters>
</Attribute>
<Attribute name="id_usuario1" id="3B990AB7-2322-AA87-9303-A23C4BEEB913">
<createdBy>zakil</createdBy>
<createdTime>2024-10-29 20:24:33 UTC</createdTime>
<comment><![CDATA[Usuario responsable de la aplicación. ]]></comment>
<generatorID>2D33707B-461C-4BE2-456C-CCB62A44B6BA</generatorID>
<ownerDesignName>ER_corregido</ownerDesignName>
<engineerTo>
<item key="A1D67CE5-04DA-F9CE-C69B-218FF8BADEEA" value="true"/>
</engineerTo>
<referedAttribute>6A4324D5-D020-E838-C21D-DFEF39497A38</referedAttribute>
<useDomainConstraints>false</useDomainConstraints>
<use>1</use>
<logicalDatatype>LOGDT011</logicalDatatype>
<ownDataTypeParameters>,,</ownDataTypeParameters>
</Attribute>
<Attribute name="id_elementoSW" id="56407D3E-B3E2-FDAF-98C5-CFDC708C0CBC">
<createdBy>zakil</createdBy>
<createdTime>2024-11-05 12:55:57 UTC</createdTime>
<comment><![CDATA[Identificador único del elemento SW. ]]></comment>
<generatorID>6D0456B9-95E4-7698-65C4-3428BCF02EF0</generatorID>
<ownerDesignName>ER_corregido</ownerDesignName>
<engineerTo>
<item key="A1D67CE5-04DA-F9CE-C69B-218FF8BADEEA" value="true"/>
</engineerTo>
<referedAttribute>6F475CEE-C6E0-7A7C-A81F-85161E969FBA</referedAttribute>
<useDomainConstraints>false</useDomainConstraints>
<use>1</use>
<logicalDatatype>LOGDT011</logicalDatatype>
<ownDataTypeParameters>,,</ownDataTypeParameters>
</Attribute>
</attributes>
<identifiers itemClass="oracle.dbtools.crest.model.design.logical.CandidateKey">
<identifier id="8E62A16B-59A9-9FC7-FE7D-D599B06ACA7F" name="Aplicación PK">
<createdBy>zakil</createdBy>
<createdTime>2024-10-21 15:59:47 UTC</createdTime>
<ownerDesignName>ER_corregido</ownerDesignName>
<shouldEngineer>false</shouldEngineer>
<engineerTo>
<item key="A1D67CE5-04DA-F9CE-C69B-218FF8BADEEA" value="false"/>
</engineerTo>
<pk>true</pk>
<newElementsIDs>2731A5C7-1826-2BD5-43B0-F8270CEED153</newElementsIDs>
<usedAttributes>
<attributeRef>2731A5C7-1826-2BD5-43B0-F8270CEED153</attributeRef>
</usedAttributes>
</identifier>
</identifiers>
</Entity>