<?xml version = '1.0' encoding = 'UTF-8'?>
<Entity class="oracle.dbtools.crest.model.design.logical.Entity" directorySegmentName="seg_0" id="7224B835-A0D2-0D44-300A-29ABC19DAC2B" name="Dato">
<createdBy>zakil</createdBy>
<createdTime>2024-11-05 12:41:42 UTC</createdTime>
<ownerDesignName>ER_corregido</ownerDesignName>
<engineerTo>
<item key="A1D67CE5-04DA-F9CE-C69B-218FF8BADEEA" value="true"/>
</engineerTo>
<adequatelyNormalized>NO</adequatelyNormalized>
<expectedVolumes>0</expectedVolumes>
<fwdEngineeringStrategyName>Single Table</fwdEngineeringStrategyName>
<growthPercent>0</growthPercent>
<growthType>Year</growthType>
<hierarchicalParent>A566765B-F689-D2AA-6359-1D6C2E6F7CA2</hierarchicalParent>
<maxVolumes>9999999</maxVolumes>
<minVolumes>0</minVolumes>
<normalForm>Third</normalForm>
<attributes itemClass="oracle.dbtools.crest.model.design.logical.Attribute">
<Attribute name="id_elementoSW" id="255C1281-BCCD-99C9-82C3-3284C4D82AEC">
<createdBy>zakil</createdBy>
<createdTime>2024-11-05 12:55:41 UTC</createdTime>
<comment><![CDATA[Identificador único del elemento SW. ]]></comment>
<generatorID>F3EFF0D7-F68D-12CB-6BCF-D5BCE2161033</generatorID>
<ownerDesignName>ER_corregido</ownerDesignName>
<engineerTo>
<item key="A1D67CE5-04DA-F9CE-C69B-218FF8BADEEA" value="true"/>
</engineerTo>
<referedAttribute>6F475CEE-C6E0-7A7C-A81F-85161E969FBA</referedAttribute>
<useDomainConstraints>false</useDomainConstraints>
<use>1</use>
<logicalDatatype>LOGDT011</logicalDatatype>
<ownDataTypeParameters>,,</ownDataTypeParameters>
</Attribute>
</attributes>
</Entity>