<?xml version = '1.0' encoding = 'UTF-8'?>
<Entity class="oracle.dbtools.crest.model.design.logical.Entity" directorySegmentName="seg_0" id="DF85F139-7B83-EA60-66D8-BF3D3A9538DF" name="Categoria">
<createdBy>zakil</createdBy>
<createdTime>2024-10-22 10:58:06 UTC</createdTime>
<ownerDesignName>ER_corregido</ownerDesignName>
<engineerTo>
<item key="A1D67CE5-04DA-F9CE-C69B-218FF8BADEEA" value="true"/>
</engineerTo>
<adequatelyNormalized>NO</adequatelyNormalized>
<expectedVolumes>0</expectedVolumes>
<fwdEngineeringStrategyName>Single Table</fwdEngineeringStrategyName>
<growthPercent>0</growthPercent>
<growthType>Year</growthType>
<maxVolumes>9999999</maxVolumes>
<minVolumes>0</minVolumes>
<normalForm>Third</normalForm>
<attributes itemClass="oracle.dbtools.crest.model.design.logical.Attribute">
<Attribute name="categoria" id="7C003011-69AC-29E5-AE6C-4CF1A98EC175">
<createdBy>zakil</createdBy>
<createdTime>2024-10-22 10:58:37 UTC</createdTime>
<comment><![CDATA[Categoría del empleado. ]]></comment>
<ownerDesignName>ER_corregido</ownerDesignName>
<engineerTo>
<item key="A1D67CE5-04DA-F9CE-C69B-218FF8BADEEA" value="true"/>
</engineerTo>
<useDomainConstraints>false</useDomainConstraints>
<use>1</use>
<logicalDatatype>A3A3C77D-0366-9768-FF89-1C25E56881C8</logicalDatatype>
<ownDataTypeParameters>,,</ownDataTypeParameters>
</Attribute>
<Attribute name="coste_hora" id="BB564D30-94A8-8082-AC93-3AFF23F441F7">
<createdBy>zakil</createdBy>
<createdTime>2024-10-22 10:58:50 UTC</createdTime>
<comment><![CDATA[Coste de hora ]]></comment>
<ownerDesignName>ER_corregido</ownerDesignName>
<engineerTo>
<item key="A1D67CE5-04DA-F9CE-C69B-218FF8BADEEA" value="true"/>
</engineerTo>
<nullsAllowed>true</nullsAllowed>
<useDomainConstraints>false</useDomainConstraints>
<use>1</use>
<logicalDatatype>LOGDT021</logicalDatatype>
<ownDataTypeParameters>,,</ownDataTypeParameters>
</Attribute>
</attributes>
<identifiers itemClass="oracle.dbtools.crest.model.design.logical.CandidateKey">
<identifier id="2CC263E3-B176-C0A5-0117-44C5340703A8" name="Categoria PK">
<createdBy>zakil</createdBy>
<createdTime>2024-10-22 14:10:01 UTC</createdTime>
<ownerDesignName>ER_corregido</ownerDesignName>
<engineerTo>
<item key="A1D67CE5-04DA-F9CE-C69B-218FF8BADEEA" value="true"/>
</engineerTo>
<pk>true</pk>
<newElementsIDs>7C003011-69AC-29E5-AE6C-4CF1A98EC175</newElementsIDs>
<usedAttributes>
<attributeRef>7C003011-69AC-29E5-AE6C-4CF1A98EC175</attributeRef>
</usedAttributes>
</identifier>
</identifiers>
</Entity>