<?xml version = '1.0' encoding = 'UTF-8'?>
<Entity class="oracle.dbtools.crest.model.design.logical.Entity" directorySegmentName="seg_0" id="EF8BCFB9-13BE-BE1B-5E18-09DBD4D78C3C" name="Comercial">
<createdBy>Iker Manzano</createdBy>
<createdTime>2024-10-21 08:37:38 UTC</createdTime>
<ownerDesignName>ER_corregido</ownerDesignName>
<engineerTo>
<item key="A1D67CE5-04DA-F9CE-C69B-218FF8BADEEA" value="true"/>
</engineerTo>
<adequatelyNormalized>NO</adequatelyNormalized>
<expectedVolumes>0</expectedVolumes>
<fwdEngineeringStrategyName>Single Table</fwdEngineeringStrategyName>
<growthPercent>0</growthPercent>
<growthType>Year</growthType>
<hierarchicalParent>01B98D93-31E2-0325-8158-E8D90CDBA87E</hierarchicalParent>
<maxVolumes>9999999</maxVolumes>
<minVolumes>0</minVolumes>
<normalForm>Third</normalForm>
<identifiers itemClass="oracle.dbtools.crest.model.design.logical.CandidateKey">
<identifier id="380D254E-2636-D87F-80AA-9E4901727087" name="Comercial PK">
<createdBy>zakil</createdBy>
<createdTime>2024-10-21 17:30:30 UTC</createdTime>
<ownerDesignName>ER_corregido</ownerDesignName>
<shouldEngineer>false</shouldEngineer>
<engineerTo>
<item key="A1D67CE5-04DA-F9CE-C69B-218FF8BADEEA" value="false"/>
</engineerTo>
<newElementsIDs>513BA975-646A-3B52-D266-40172E26234B</newElementsIDs>
</identifier>
</identifiers>
</Entity>