<?xml version = '1.0' encoding = 'UTF-8'?>
<Entity class="oracle.dbtools.crest.model.design.logical.Entity" directorySegmentName="seg_0" id="FD55EBA4-4334-E7A3-11E3-5FB21DDFD3A2" name="Proyecto">
<createdBy>Iker Manzano</createdBy>
<createdTime>2024-10-21 08:35:47 UTC</createdTime>
<ownerDesignName>ER_corregido</ownerDesignName>
<engineerTo>
<item key="A1D67CE5-04DA-F9CE-C69B-218FF8BADEEA" value="true"/>
</engineerTo>
<adequatelyNormalized>NO</adequatelyNormalized>
<expectedVolumes>0</expectedVolumes>
<fwdEngineeringStrategyName>Single Table</fwdEngineeringStrategyName>
<growthPercent>0</growthPercent>
<growthType>Year</growthType>
<maxVolumes>9999999</maxVolumes>
<minVolumes>0</minVolumes>
<normalForm>Third</normalForm>
<attributes itemClass="oracle.dbtools.crest.model.design.logical.Attribute">
<Attribute name="id_proyecto" id="10EF8C65-D947-851E-E631-FD1A77ABBDD9">
<createdBy>zakil</createdBy>
<createdTime>2024-10-22 11:14:26 UTC</createdTime>
<comment><![CDATA[Identificador único del proyecto.]]></comment>
<ownerDesignName>ER_corregido</ownerDesignName>
<engineerTo>
<item key="A1D67CE5-04DA-F9CE-C69B-218FF8BADEEA" value="true"/>
</engineerTo>
<useDomainConstraints>false</useDomainConstraints>
<use>1</use>
<logicalDatatype>LOGDT011</logicalDatatype>
<ownDataTypeParameters>,,</ownDataTypeParameters>
</Attribute>
<Attribute name="id_empresa" id="D3515286-E4FD-C9A7-3636-276CA843E76B">
<createdBy>zakil</createdBy>
<createdTime>2024-10-22 11:52:55 UTC</createdTime>
<generatorID>33999466-7F83-6FBC-BED1-17BFE76C8969</generatorID>
<ownerDesignName>ER_corregido</ownerDesignName>
<engineerTo>
<item key="A1D67CE5-04DA-F9CE-C69B-218FF8BADEEA" value="true"/>
</engineerTo>
<referedAttribute>1962F721-2763-3344-573A-8B12BF648563</referedAttribute>
<useDomainConstraints>false</useDomainConstraints>
<use>1</use>
<logicalDatatype>LOGDT011</logicalDatatype>
<ownDataTypeParameters>,,</ownDataTypeParameters>
</Attribute>
<Attribute name="precio_total" id="830F92B2-5486-F57F-0423-185F471909E1">
<createdBy>zakil</createdBy>
<createdTime>2024-10-21 15:54:51 UTC</createdTime>
<comment><![CDATA[Coste total del proyecto. ]]></comment>
<ownerDesignName>ER_corregido</ownerDesignName>
<engineerTo>
<item key="A1D67CE5-04DA-F9CE-C69B-218FF8BADEEA" value="true"/>
</engineerTo>
<nullsAllowed>true</nullsAllowed>
<useDomainConstraints>false</useDomainConstraints>
<use>1</use>
<logicalDatatype>LOGDT021</logicalDatatype>
<ownDataTypeParameters>,,</ownDataTypeParameters>
</Attribute>
<Attribute name="fecha_ini" id="2A545E1B-CB46-7A4A-AD0B-6EDBA6C3498D">
<createdBy>zakil</createdBy>
<createdTime>2024-10-21 15:55:59 UTC</createdTime>
<comment><![CDATA[Fecha de comienzo del proyecto. ]]></comment>
<ownerDesignName>ER_corregido</ownerDesignName>
<engineerTo>
<item key="A1D67CE5-04DA-F9CE-C69B-218FF8BADEEA" value="true"/>
</engineerTo>
<nullsAllowed>true</nullsAllowed>
<useDomainConstraints>false</useDomainConstraints>
<use>1</use>
<logicalDatatype>LOGDT007</logicalDatatype>
<ownDataTypeParameters>,,</ownDataTypeParameters>
</Attribute>
<Attribute name="fecha_fin" id="78AD1FC3-3BD3-5F52-C698-80CBF1F0CCDF">
<createdBy>zakil</createdBy>
<createdTime>2024-10-21 15:56:17 UTC</createdTime>
<ownerDesignName>ER_corregido</ownerDesignName>
<engineerTo>
<item key="A1D67CE5-04DA-F9CE-C69B-218FF8BADEEA" value="true"/>
</engineerTo>
<nullsAllowed>true</nullsAllowed>
<useDomainConstraints>false</useDomainConstraints>
<use>1</use>
<logicalDatatype>LOGDT007</logicalDatatype>
<ownDataTypeParameters>,,</ownDataTypeParameters>
</Attribute>
<Attribute name="tiempo_estimado" id="8CD04DE6-ABCA-494C-1D18-CA7161023476">
<createdBy>zakil</createdBy>
<createdTime>2024-10-21 15:56:28 UTC</createdTime>
<comment><![CDATA[Estimación del número de horas dedicadas al proyecto. ]]></comment>
<ownerDesignName>ER_corregido</ownerDesignName>
<engineerTo>
<item key="A1D67CE5-04DA-F9CE-C69B-218FF8BADEEA" value="true"/>
</engineerTo>
<nullsAllowed>true</nullsAllowed>
<useDomainConstraints>false</useDomainConstraints>
<use>1</use>
<logicalDatatype>LOGDT011</logicalDatatype>
<ownDataTypeParameters>,,</ownDataTypeParameters>
</Attribute>
<Attribute name="tiempo_dedicado" id="43B1E1EE-CF67-3EA6-9752-C63CE1BDCA6B">
<createdBy>zakil</createdBy>
<createdTime>2024-10-21 15:57:07 UTC</createdTime>
<comment><![CDATA[Suma de horas reales dedicadas al proyecto. ]]></comment>
<ownerDesignName>ER_corregido</ownerDesignName>
<engineerTo>
<item key="A1D67CE5-04DA-F9CE-C69B-218FF8BADEEA" value="true"/>
</engineerTo>
<nullsAllowed>true</nullsAllowed>
<useDomainConstraints>false</useDomainConstraints>
<use>1</use>
<logicalDatatype>LOGDT011</logicalDatatype>
<ownDataTypeParameters>,,</ownDataTypeParameters>
</Attribute>
<Attribute name="estado" id="2478C9B5-4D83-505F-7932-29856411235A">
<createdBy>zakil</createdBy>
<createdTime>2024-10-21 15:57:20 UTC</createdTime>
<comment><![CDATA[Posibles valores: Vigente, Terminado]]></comment>
<ownerDesignName>ER_corregido</ownerDesignName>
<engineerTo>
<item key="A1D67CE5-04DA-F9CE-C69B-218FF8BADEEA" value="true"/>
</engineerTo>
<nullsAllowed>true</nullsAllowed>
<useDomainConstraints>false</useDomainConstraints>
<use>1</use>
<logicalDatatype>A3A3C77D-0366-9768-FF89-1C25E56881C8</logicalDatatype>
<ownDataTypeParameters>,,</ownDataTypeParameters>
</Attribute>
</attributes>
<identifiers itemClass="oracle.dbtools.crest.model.design.logical.CandidateKey">
<identifier id="4330A78B-19B9-E5D4-4D44-E0596044B47C" name="Proyecto PK">
<createdBy>zakil</createdBy>
<createdTime>2024-10-21 15:51:59 UTC</createdTime>
<ownerDesignName>ER_corregido</ownerDesignName>
<engineerTo>
<item key="A1D67CE5-04DA-F9CE-C69B-218FF8BADEEA" value="true"/>
</engineerTo>
<pk>true</pk>
<newElementsIDs>10EF8C65-D947-851E-E631-FD1A77ABBDD9</newElementsIDs>
<usedAttributes>
<attributeRef>10EF8C65-D947-851E-E631-FD1A77ABBDD9</attributeRef>
</usedAttributes>
</identifier>
</identifiers>
</Entity>